DateTime,Junction,ID,Year,Month,Day,Hour,DayOfWeek,IsWeekend,Quarter,WeekOfYear,DayOfYear,Predicted_Vehicles
2017-07-01 00:00:00,1,20170701001,2017,7,1,0,5,1,3,26,182,34.02
2017-07-01 01:00:00,1,20170701011,2017,7,1,1,5,1,3,26,182,28.95
2017-07-01 02:00:00,1,20170701021,2017,7,1,2,5,1,3,26,182,26.23
2017-07-01 03:00:00,1,20170701031,2017,7,1,3,5,1,3,26,182,22.14
2017-07-01 04:00:00,1,20170701041,2017,7,1,4,5,1,3,26,182,17.08
2017-07-01 05:00:00,1,20170701051,2017,7,1,5,5,1,3,26,182,16.92
2017-07-01 06:00:00,1,20170701061,2017,7,1,6,5,1,3,26,182,16.69
2017-07-01 07:00:00,1,20170701071,2017,7,1,7,5,1,3,26,182,18.38
2017-07-01 08:00:00,1,20170701081,2017,7,1,8,5,1,3,26,182,19.47
2017-07-01 09:00:00,1,20170701091,2017,7,1,9,5,1,3,26,182,22.96
2017-07-01 10:00:00,1,20170701101,2017,7,1,10,5,1,3,26,182,28.71
2017-07-01 11:00:00,1,20170701111,2017,7,1,11,5,1,3,26,182,28.83
2017-07-01 12:00:00,1,20170701121,2017,7,1,12,5,1,3,26,182,30.04
2017-07-01 13:00:00,1,20170701131,2017,7,1,13,5,1,3,26,182,29.61
2017-07-01 14:00:00,1,20170701141,2017,7,1,14,5,1,3,26,182,29.67
2017-07-01 15:00:00,1,20170701151,2017,7,1,15,5,1,3,26,182,29.51
2017-07-01 16:00:00,1,20170701161,2017,7,1,16,5,1,3,26,182,27.02
2017-07-01 17:00:00,1,20170701171,2017,7,1,17,5,1,3,26,182,28.74
2017-07-01 18:00:00,1,20170701181,2017,7,1,18,5,1,3,26,182,29.61
2017-07-01 19:00:00,1,20170701191,2017,7,1,19,5,1,3,26,182,33.01
2017-07-01 20:00:00,1,20170701201,2017,7,1,20,5,1,3,26,182,33.58
2017-07-01 21:00:00,1,20170701211,2017,7,1,21,5,1,3,26,182,34.81
2017-07-01 22:00:00,1,20170701221,2017,7,1,22,5,1,3,26,182,32.98
2017-07-01 23:00:00,1,20170701231,2017,7,1,23,5,1,3,26,182,32.87
2017-07-02 00:00:00,1,20170702001,2017,7,2,0,6,1,3,26,183,29.47
2017-07-02 01:00:00,1,20170702011,2017,7,2,1,6,1,3,26,183,23.35
2017-07-02 02:00:00,1,20170702021,2017,7,2,2,6,1,3,26,183,19.83
2017-07-02 03:00:00,1,20170702031,2017,7,2,3,6,1,3,26,183,16.86
2017-07-02 04:00:00,1,20170702041,2017,7,2,4,6,1,3,26,183,16.26
2017-07-02 05:00:00,1,20170702051,2017,7,2,5,6,1,3,26,183,15.05
2017-07-02 06:00:00,1,20170702061,2017,7,2,6,6,1,3,26,183,14.13
2017-07-02 07:00:00,1,20170702071,2017,7,2,7,6,1,3,26,183,14.97
2017-07-02 08:00:00,1,20170702081,2017,7,2,8,6,1,3,26,183,17.67
2017-07-02 09:00:00,1,20170702091,2017,7,2,9,6,1,3,26,183,21.86
2017-07-02 10:00:00,1,20170702101,2017,7,2,10,6,1,3,26,183,26.85
2017-07-02 11:00:00,1,20170702111,2017,7,2,11,6,1,3,26,183,26.67
2017-07-02 12:00:00,1,20170702121,2017,7,2,12,6,1,3,26,183,27.38
2017-07-02 13:00:00,1,20170702131,2017,7,2,13,6,1,3,26,183,28.49
2017-07-02 14:00:00,1,20170702141,2017,7,2,14,6,1,3,26,183,27.55
2017-07-02 15:00:00,1,20170702151,2017,7,2,15,6,1,3,26,183,28.19
2017-07-02 16:00:00,1,20170702161,2017,7,2,16,6,1,3,26,183,27.07
2017-07-02 17:00:00,1,20170702171,2017,7,2,17,6,1,3,26,183,28.52
2017-07-02 18:00:00,1,20170702181,2017,7,2,18,6,1,3,26,183,30.53
2017-07-02 19:00:00,1,20170702191,2017,7,2,19,6,1,3,26,183,33.77
2017-07-02 20:00:00,1,20170702201,2017,7,2,20,6,1,3,26,183,34.5
2017-07-02 21:00:00,1,20170702211,2017,7,2,21,6,1,3,26,183,34.69
2017-07-02 22:00:00,1,20170702221,2017,7,2,22,6,1,3,26,183,32.92
2017-07-02 23:00:00,1,20170702231,2017,7,2,23,6,1,3,26,183,33.66
2017-07-03 00:00:00,1,20170703001,2017,7,3,0,0,0,3,27,184,30.12
2017-07-03 01:00:00,1,20170703011,2017,7,3,1,0,0,3,27,184,21.43
2017-07-03 02:00:00,1,20170703021,2017,7,3,2,0,0,3,27,184,19.74
2017-07-03 03:00:00,1,20170703031,2017,7,3,3,0,0,3,27,184,18.01
2017-07-03 04:00:00,1,20170703041,2017,7,3,4,0,0,3,27,184,18.03
2017-07-03 05:00:00,1,20170703051,2017,7,3,5,0,0,3,27,184,16.09
2017-07-03 06:00:00,1,20170703061,2017,7,3,6,0,0,3,27,184,17.71
2017-07-03 07:00:00,1,20170703071,2017,7,3,7,0,0,3,27,184,22.6
2017-07-03 08:00:00,1,20170703081,2017,7,3,8,0,0,3,27,184,24.51
2017-07-03 09:00:00,1,20170703091,2017,7,3,9,0,0,3,27,184,33.44
2017-07-03 10:00:00,1,20170703101,2017,7,3,10,0,0,3,27,184,45.97
2017-07-03 11:00:00,1,20170703111,2017,7,3,11,0,0,3,27,184,64.21
2017-07-03 12:00:00,1,20170703121,2017,7,3,12,0,0,3,27,184,62.97
2017-07-03 13:00:00,1,20170703131,2017,7,3,13,0,0,3,27,184,52.84
2017-07-03 14:00:00,1,20170703141,2017,7,3,14,0,0,3,27,184,57.46
2017-07-03 15:00:00,1,20170703151,2017,7,3,15,0,0,3,27,184,57.11
2017-07-03 16:00:00,1,20170703161,2017,7,3,16,0,0,3,27,184,51.85
2017-07-03 17:00:00,1,20170703171,2017,7,3,17,0,0,3,27,184,52.05
2017-07-03 18:00:00,1,20170703181,2017,7,3,18,0,0,3,27,184,52.51
2017-07-03 19:00:00,1,20170703191,2017,7,3,19,0,0,3,27,184,50.65
2017-07-03 20:00:00,1,20170703201,2017,7,3,20,0,0,3,27,184,48.64
2017-07-03 21:00:00,1,20170703211,2017,7,3,21,0,0,3,27,184,46.03
2017-07-03 22:00:00,1,20170703221,2017,7,3,22,0,0,3,27,184,43.84
2017-07-03 23:00:00,1,20170703231,2017,7,3,23,0,0,3,27,184,42.09
2017-07-04 00:00:00,1,20170704001,2017,7,4,0,1,0,3,27,185,36.57
2017-07-04 01:00:00,1,20170704011,2017,7,4,1,1,0,3,27,185,30.13
2017-07-04 02:00:00,1,20170704021,2017,7,4,2,1,0,3,27,185,27.92
2017-07-04 03:00:00,1,20170704031,2017,7,4,3,1,0,3,27,185,19.95
2017-07-04 04:00:00,1,20170704041,2017,7,4,4,1,0,3,27,185,20.6
2017-07-04 05:00:00,1,20170704051,2017,7,4,5,1,0,3,27,185,17.75
2017-07-04 06:00:00,1,20170704061,2017,7,4,6,1,0,3,27,185,20.3
2017-07-04 07:00:00,1,20170704071,2017,7,4,7,1,0,3,27,185,23.22
2017-07-04 08:00:00,1,20170704081,2017,7,4,8,1,0,3,27,185,24.34
2017-07-04 09:00:00,1,20170704091,2017,7,4,9,1,0,3,27,185,33.97
2017-07-04 10:00:00,1,20170704101,2017,7,4,10,1,0,3,27,185,44.74
2017-07-04 11:00:00,1,20170704111,2017,7,4,11,1,0,3,27,185,60.3
2017-07-04 12:00:00,1,20170704121,2017,7,4,12,1,0,3,27,185,60.52
2017-07-04 13:00:00,1,20170704131,2017,7,4,13,1,0,3,27,185,52.46
2017-07-04 14:00:00,1,20170704141,2017,7,4,14,1,0,3,27,185,56.62
2017-07-04 15:00:00,1,20170704151,2017,7,4,15,1,0,3,27,185,56.08
2017-07-04 16:00:00,1,20170704161,2017,7,4,16,1,0,3,27,185,51.89
2017-07-04 17:00:00,1,20170704171,2017,7,4,17,1,0,3,27,185,52.03
2017-07-04 18:00:00,1,20170704181,2017,7,4,18,1,0,3,27,185,53.16
2017-07-04 19:00:00,1,20170704191,2017,7,4,19,1,0,3,27,185,50.72
2017-07-04 20:00:00,1,20170704201,2017,7,4,20,1,0,3,27,185,49.26
2017-07-04 21:00:00,1,20170704211,2017,7,4,21,1,0,3,27,185,46.76
2017-07-04 22:00:00,1,20170704221,2017,7,4,22,1,0,3,27,185,43.82
2017-07-04 23:00:00,1,20170704231,2017,7,4,23,1,0,3,27,185,42.96
2017-07-05 00:00:00,1,20170705001,2017,7,5,0,2,0,3,27,186,36.91
2017-07-05 01:00:00,1,20170705011,2017,7,5,1,2,0,3,27,186,30.78
2017-07-05 02:00:00,1,20170705021,2017,7,5,2,2,0,3,27,186,27.96
2017-07-05 03:00:00,1,20170705031,2017,7,5,3,2,0,3,27,186,20.37
2017-07-05 04:00:00,1,20170705041,2017,7,5,4,2,0,3,27,186,20.8
2017-07-05 05:00:00,1,20170705051,2017,7,5,5,2,0,3,27,186,17.64
2017-07-05 06:00:00,1,20170705061,2017,7,5,6,2,0,3,27,186,19.53
2017-07-05 07:00:00,1,20170705071,2017,7,5,7,2,0,3,27,186,24.15
2017-07-05 08:00:00,1,20170705081,2017,7,5,8,2,0,3,27,186,24.16
2017-07-05 09:00:00,1,20170705091,2017,7,5,9,2,0,3,27,186,33.99
2017-07-05 10:00:00,1,20170705101,2017,7,5,10,2,0,3,27,186,43.75
2017-07-05 11:00:00,1,20170705111,2017,7,5,11,2,0,3,27,186,54.92
2017-07-05 12:00:00,1,20170705121,2017,7,5,12,2,0,3,27,186,56.53
2017-07-05 13:00:00,1,20170705131,2017,7,5,13,2,0,3,27,186,50.32
2017-07-05 14:00:00,1,20170705141,2017,7,5,14,2,0,3,27,186,53.11
2017-07-05 15:00:00,1,20170705151,2017,7,5,15,2,0,3,27,186,52.33
2017-07-05 16:00:00,1,20170705161,2017,7,5,16,2,0,3,27,186,49.95
2017-07-05 17:00:00,1,20170705171,2017,7,5,17,2,0,3,27,186,51.08
2017-07-05 18:00:00,1,20170705181,2017,7,5,18,2,0,3,27,186,53.02
2017-07-05 19:00:00,1,20170705191,2017,7,5,19,2,0,3,27,186,52.55
2017-07-05 20:00:00,1,20170705201,2017,7,5,20,2,0,3,27,186,51.34
2017-07-05 21:00:00,1,20170705211,2017,7,5,21,2,0,3,27,186,47.51
2017-07-05 22:00:00,1,20170705221,2017,7,5,22,2,0,3,27,186,44.57
2017-07-05 23:00:00,1,20170705231,2017,7,5,23,2,0,3,27,186,44.78
2017-07-06 00:00:00,1,20170706001,2017,7,6,0,3,0,3,27,187,39.29
2017-07-06 01:00:00,1,20170706011,2017,7,6,1,3,0,3,27,187,32.59
2017-07-06 02:00:00,1,20170706021,2017,7,6,2,3,0,3,27,187,29.71
2017-07-06 03:00:00,1,20170706031,2017,7,6,3,3,0,3,27,187,23.36
2017-07-06 04:00:00,1,20170706041,2017,7,6,4,3,0,3,27,187,21.06
2017-07-06 05:00:00,1,20170706051,2017,7,6,5,3,0,3,27,187,18.06
2017-07-06 06:00:00,1,20170706061,2017,7,6,6,3,0,3,27,187,19.78
2017-07-06 07:00:00,1,20170706071,2017,7,6,7,3,0,3,27,187,24.35
2017-07-06 08:00:00,1,20170706081,2017,7,6,8,3,0,3,27,187,24.48
2017-07-06 09:00:00,1,20170706091,2017,7,6,9,3,0,3,27,187,32.25
2017-07-06 10:00:00,1,20170706101,2017,7,6,10,3,0,3,27,187,46.24
2017-07-06 11:00:00,1,20170706111,2017,7,6,11,3,0,3,27,187,54.52
2017-07-06 12:00:00,1,20170706121,2017,7,6,12,3,0,3,27,187,55.47
2017-07-06 13:00:00,1,20170706131,2017,7,6,13,3,0,3,27,187,49.22
2017-07-06 14:00:00,1,20170706141,2017,7,6,14,3,0,3,27,187,51.5
2017-07-06 15:00:00,1,20170706151,2017,7,6,15,3,0,3,27,187,51.35
2017-07-06 16:00:00,1,20170706161,2017,7,6,16,3,0,3,27,187,49.71
2017-07-06 17:00:00,1,20170706171,2017,7,6,17,3,0,3,27,187,50.55
2017-07-06 18:00:00,1,20170706181,2017,7,6,18,3,0,3,27,187,53.16
2017-07-06 19:00:00,1,20170706191,2017,7,6,19,3,0,3,27,187,52.9
2017-07-06 20:00:00,1,20170706201,2017,7,6,20,3,0,3,27,187,51.51
2017-07-06 21:00:00,1,20170706211,2017,7,6,21,3,0,3,27,187,46.82
2017-07-06 22:00:00,1,20170706221,2017,7,6,22,3,0,3,27,187,44.02
2017-07-06 23:00:00,1,20170706231,2017,7,6,23,3,0,3,27,187,44.32
2017-07-07 00:00:00,1,20170707001,2017,7,7,0,4,0,3,27,188,39.81
2017-07-07 01:00:00,1,20170707011,2017,7,7,1,4,0,3,27,188,32.47
2017-07-07 02:00:00,1,20170707021,2017,7,7,2,4,0,3,27,188,29.17
2017-07-07 03:00:00,1,20170707031,2017,7,7,3,4,0,3,27,188,24.13
2017-07-07 04:00:00,1,20170707041,2017,7,7,4,4,0,3,27,188,21.17
2017-07-07 05:00:00,1,20170707051,2017,7,7,5,4,0,3,27,188,18.44
2017-07-07 06:00:00,1,20170707061,2017,7,7,6,4,0,3,27,188,20.89
2017-07-07 07:00:00,1,20170707071,2017,7,7,7,4,0,3,27,188,24.45
2017-07-07 08:00:00,1,20170707081,2017,7,7,8,4,0,3,27,188,24.44
2017-07-07 09:00:00,1,20170707091,2017,7,7,9,4,0,3,27,188,32.57
2017-07-07 10:00:00,1,20170707101,2017,7,7,10,4,0,3,27,188,46.18
2017-07-07 11:00:00,1,20170707111,2017,7,7,11,4,0,3,27,188,51.26
2017-07-07 12:00:00,1,20170707121,2017,7,7,12,4,0,3,27,188,53.02
2017-07-07 13:00:00,1,20170707131,2017,7,7,13,4,0,3,27,188,48.07
2017-07-07 14:00:00,1,20170707141,2017,7,7,14,4,0,3,27,188,49.95
2017-07-07 15:00:00,1,20170707151,2017,7,7,15,4,0,3,27,188,49.34
2017-07-07 16:00:00,1,20170707161,2017,7,7,16,4,0,3,27,188,48.25
2017-07-07 17:00:00,1,20170707171,2017,7,7,17,4,0,3,27,188,46.43
2017-07-07 18:00:00,1,20170707181,2017,7,7,18,4,0,3,27,188,48.13
2017-07-07 19:00:00,1,20170707191,2017,7,7,19,4,0,3,27,188,49.77
2017-07-07 20:00:00,1,20170707201,2017,7,7,20,4,0,3,27,188,49.29
2017-07-07 21:00:00,1,20170707211,2017,7,7,21,4,0,3,27,188,44.09
2017-07-07 22:00:00,1,20170707221,2017,7,7,22,4,0,3,27,188,43.87
2017-07-07 23:00:00,1,20170707231,2017,7,7,23,4,0,3,27,188,42.45
2017-07-08 00:00:00,1,20170708001,2017,7,8,0,5,1,3,27,189,37.75
2017-07-08 01:00:00,1,20170708011,2017,7,8,1,5,1,3,27,189,31.1
2017-07-08 02:00:00,1,20170708021,2017,7,8,2,5,1,3,27,189,26.28
2017-07-08 03:00:00,1,20170708031,2017,7,8,3,5,1,3,27,189,21.3
2017-07-08 04:00:00,1,20170708041,2017,7,8,4,5,1,3,27,189,19.7
2017-07-08 05:00:00,1,20170708051,2017,7,8,5,5,1,3,27,189,18.06
2017-07-08 06:00:00,1,20170708061,2017,7,8,6,5,1,3,27,189,17.88
2017-07-08 07:00:00,1,20170708071,2017,7,8,7,5,1,3,27,189,19.94
2017-07-08 08:00:00,1,20170708081,2017,7,8,8,5,1,3,27,189,21.9
2017-07-08 09:00:00,1,20170708091,2017,7,8,9,5,1,3,27,189,24.89
2017-07-08 10:00:00,1,20170708101,2017,7,8,10,5,1,3,27,189,34.75
2017-07-08 11:00:00,1,20170708111,2017,7,8,11,5,1,3,27,189,32.36
2017-07-08 12:00:00,1,20170708121,2017,7,8,12,5,1,3,27,189,31.79
2017-07-08 13:00:00,1,20170708131,2017,7,8,13,5,1,3,27,189,30.72
2017-07-08 14:00:00,1,20170708141,2017,7,8,14,5,1,3,27,189,29.94
2017-07-08 15:00:00,1,20170708151,2017,7,8,15,5,1,3,27,189,28.65
2017-07-08 16:00:00,1,20170708161,2017,7,8,16,5,1,3,27,189,28.13
2017-07-08 17:00:00,1,20170708171,2017,7,8,17,5,1,3,27,189,30.38
2017-07-08 18:00:00,1,20170708181,2017,7,8,18,5,1,3,27,189,32.46
2017-07-08 19:00:00,1,20170708191,2017,7,8,19,5,1,3,27,189,35.26
2017-07-08 20:00:00,1,20170708201,2017,7,8,20,5,1,3,27,189,33.37
2017-07-08 21:00:00,1,20170708211,2017,7,8,21,5,1,3,27,189,33.03
2017-07-08 22:00:00,1,20170708221,2017,7,8,22,5,1,3,27,189,34.2
2017-07-08 23:00:00,1,20170708231,2017,7,8,23,5,1,3,27,189,32.28
2017-07-09 00:00:00,1,20170709001,2017,7,9,0,6,1,3,27,190,29.93
2017-07-09 01:00:00,1,20170709011,2017,7,9,1,6,1,3,27,190,24.68
2017-07-09 02:00:00,1,20170709021,2017,7,9,2,6,1,3,27,190,18.36
2017-07-09 03:00:00,1,20170709031,2017,7,9,3,6,1,3,27,190,18.23
2017-07-09 04:00:00,1,20170709041,2017,7,9,4,6,1,3,27,190,15.88
2017-07-09 05:00:00,1,20170709051,2017,7,9,5,6,1,3,27,190,14.91
2017-07-09 06:00:00,1,20170709061,2017,7,9,6,6,1,3,27,190,14.61
2017-07-09 07:00:00,1,20170709071,2017,7,9,7,6,1,3,27,190,16.69
2017-07-09 08:00:00,1,20170709081,2017,7,9,8,6,1,3,27,190,21.16
2017-07-09 09:00:00,1,20170709091,2017,7,9,9,6,1,3,27,190,23.29
2017-07-09 10:00:00,1,20170709101,2017,7,9,10,6,1,3,27,190,30.82
2017-07-09 11:00:00,1,20170709111,2017,7,9,11,6,1,3,27,190,31.26
2017-07-09 12:00:00,1,20170709121,2017,7,9,12,6,1,3,27,190,30.36
2017-07-09 13:00:00,1,20170709131,2017,7,9,13,6,1,3,27,190,30.93
2017-07-09 14:00:00,1,20170709141,2017,7,9,14,6,1,3,27,190,28.45
2017-07-09 15:00:00,1,20170709151,2017,7,9,15,6,1,3,27,190,28.3
2017-07-09 16:00:00,1,20170709161,2017,7,9,16,6,1,3,27,190,28.66
2017-07-09 17:00:00,1,20170709171,2017,7,9,17,6,1,3,27,190,29.82
2017-07-09 18:00:00,1,20170709181,2017,7,9,18,6,1,3,27,190,32.58
2017-07-09 19:00:00,1,20170709191,2017,7,9,19,6,1,3,27,190,35.05
2017-07-09 20:00:00,1,20170709201,2017,7,9,20,6,1,3,27,190,33.7
2017-07-09 21:00:00,1,20170709211,2017,7,9,21,6,1,3,27,190,33.22
2017-07-09 22:00:00,1,20170709221,2017,7,9,22,6,1,3,27,190,33.94
2017-07-09 23:00:00,1,20170709231,2017,7,9,23,6,1,3,27,190,33.52
2017-07-10 00:00:00,1,20170710001,2017,7,10,0,0,0,3,28,191,31.43
2017-07-10 01:00:00,1,20170710011,2017,7,10,1,0,0,3,28,191,24.81
2017-07-10 02:00:00,1,20170710021,2017,7,10,2,0,0,3,28,191,20.96
2017-07-10 03:00:00,1,20170710031,2017,7,10,3,0,0,3,28,191,19.35
2017-07-10 04:00:00,1,20170710041,2017,7,10,4,0,0,3,28,191,17.7
2017-07-10 05:00:00,1,20170710051,2017,7,10,5,0,0,3,28,191,17.59
2017-07-10 06:00:00,1,20170710061,2017,7,10,6,0,0,3,28,191,19.25
2017-07-10 07:00:00,1,20170710071,2017,7,10,7,0,0,3,28,191,22.95
2017-07-10 08:00:00,1,20170710081,2017,7,10,8,0,0,3,28,191,26.33
2017-07-10 09:00:00,1,20170710091,2017,7,10,9,0,0,3,28,191,34.55
2017-07-10 10:00:00,1,20170710101,2017,7,10,10,0,0,3,28,191,45.7
2017-07-10 11:00:00,1,20170710111,2017,7,10,11,0,0,3,28,191,55.02
2017-07-10 12:00:00,1,20170710121,2017,7,10,12,0,0,3,28,191,56.71
2017-07-10 13:00:00,1,20170710131,2017,7,10,13,0,0,3,28,191,50.43
2017-07-10 14:00:00,1,20170710141,2017,7,10,14,0,0,3,28,191,50.78
2017-07-10 15:00:00,1,20170710151,2017,7,10,15,0,0,3,28,191,51.1
2017-07-10 16:00:00,1,20170710161,2017,7,10,16,0,0,3,28,191,50.36
2017-07-10 17:00:00,1,20170710171,2017,7,10,17,0,0,3,28,191,50.89
2017-07-10 18:00:00,1,20170710181,2017,7,10,18,0,0,3,28,191,52.92
2017-07-10 19:00:00,1,20170710191,2017,7,10,19,0,0,3,28,191,53.83
2017-07-10 20:00:00,1,20170710201,2017,7,10,20,0,0,3,28,191,52.08
2017-07-10 21:00:00,1,20170710211,2017,7,10,21,0,0,3,28,191,47.5
2017-07-10 22:00:00,1,20170710221,2017,7,10,22,0,0,3,28,191,45.09
2017-07-10 23:00:00,1,20170710231,2017,7,10,23,0,0,3,28,191,44.38
2017-07-11 00:00:00,1,20170711001,2017,7,11,0,1,0,3,28,192,40.68
2017-07-11 01:00:00,1,20170711011,2017,7,11,1,1,0,3,28,192,35.83
2017-07-11 02:00:00,1,20170711021,2017,7,11,2,1,0,3,28,192,29.62
2017-07-11 03:00:00,1,20170711031,2017,7,11,3,1,0,3,28,192,23.65
2017-07-11 04:00:00,1,20170711041,2017,7,11,4,1,0,3,28,192,21.12
2017-07-11 05:00:00,1,20170711051,2017,7,11,5,1,0,3,28,192,20.58
2017-07-11 06:00:00,1,20170711061,2017,7,11,6,1,0,3,28,192,22.62
2017-07-11 07:00:00,1,20170711071,2017,7,11,7,1,0,3,28,192,24.13
2017-07-11 08:00:00,1,20170711081,2017,7,11,8,1,0,3,28,192,27.91
2017-07-11 09:00:00,1,20170711091,2017,7,11,9,1,0,3,28,192,34.89
2017-07-11 10:00:00,1,20170711101,2017,7,11,10,1,0,3,28,192,46.72
2017-07-11 11:00:00,1,20170711111,2017,7,11,11,1,0,3,28,192,62.54
2017-07-11 12:00:00,1,20170711121,2017,7,11,12,1,0,3,28,192,61.54
2017-07-11 13:00:00,1,20170711131,2017,7,11,13,1,0,3,28,192,57.86
2017-07-11 14:00:00,1,20170711141,2017,7,11,14,1,0,3,28,192,58.84
2017-07-11 15:00:00,1,20170711151,2017,7,11,15,1,0,3,28,192,57.49
2017-07-11 16:00:00,1,20170711161,2017,7,11,16,1,0,3,28,192,56.35
2017-07-11 17:00:00,1,20170711171,2017,7,11,17,1,0,3,28,192,56.54
2017-07-11 18:00:00,1,20170711181,2017,7,11,18,1,0,3,28,192,60.23
2017-07-11 19:00:00,1,20170711191,2017,7,11,19,1,0,3,28,192,64.2
2017-07-11 20:00:00,1,20170711201,2017,7,11,20,1,0,3,28,192,63.33
2017-07-11 21:00:00,1,20170711211,2017,7,11,21,1,0,3,28,192,55.12
2017-07-11 22:00:00,1,20170711221,2017,7,11,22,1,0,3,28,192,53.25
2017-07-11 23:00:00,1,20170711231,2017,7,11,23,1,0,3,28,192,52.07
2017-07-12 00:00:00,1,20170712001,2017,7,12,0,2,0,3,28,193,40.63
2017-07-12 01:00:00,1,20170712011,2017,7,12,1,2,0,3,28,193,36.63
2017-07-12 02:00:00,1,20170712021,2017,7,12,2,2,0,3,28,193,30.45
2017-07-12 03:00:00,1,20170712031,2017,7,12,3,2,0,3,28,193,23.85
2017-07-12 04:00:00,1,20170712041,2017,7,12,4,2,0,3,28,193,20.92
2017-07-12 05:00:00,1,20170712051,2017,7,12,5,2,0,3,28,193,20.59
2017-07-12 06:00:00,1,20170712061,2017,7,12,6,2,0,3,28,193,22.99
2017-07-12 07:00:00,1,20170712071,2017,7,12,7,2,0,3,28,193,24.82
2017-07-12 08:00:00,1,20170712081,2017,7,12,8,2,0,3,28,193,28.7
2017-07-12 09:00:00,1,20170712091,2017,7,12,9,2,0,3,28,193,34.84
2017-07-12 10:00:00,1,20170712101,2017,7,12,10,2,0,3,28,193,46.54
2017-07-12 11:00:00,1,20170712111,2017,7,12,11,2,0,3,28,193,59.87
2017-07-12 12:00:00,1,20170712121,2017,7,12,12,2,0,3,28,193,60.01
2017-07-12 13:00:00,1,20170712131,2017,7,12,13,2,0,3,28,193,55.86
2017-07-12 14:00:00,1,20170712141,2017,7,12,14,2,0,3,28,193,56.69
2017-07-12 15:00:00,1,20170712151,2017,7,12,15,2,0,3,28,193,55.64
2017-07-12 16:00:00,1,20170712161,2017,7,12,16,2,0,3,28,193,54.89
2017-07-12 17:00:00,1,20170712171,2017,7,12,17,2,0,3,28,193,54.3
2017-07-12 18:00:00,1,20170712181,2017,7,12,18,2,0,3,28,193,55.82
2017-07-12 19:00:00,1,20170712191,2017,7,12,19,2,0,3,28,193,58.93
2017-07-12 20:00:00,1,20170712201,2017,7,12,20,2,0,3,28,193,57.97
2017-07-12 21:00:00,1,20170712211,2017,7,12,21,2,0,3,28,193,52.4
2017-07-12 22:00:00,1,20170712221,2017,7,12,22,2,0,3,28,193,50.07
2017-07-12 23:00:00,1,20170712231,2017,7,12,23,2,0,3,28,193,50.57
2017-07-13 00:00:00,1,20170713001,2017,7,13,0,3,0,3,28,194,40.97
2017-07-13 01:00:00,1,20170713011,2017,7,13,1,3,0,3,28,194,37.19
2017-07-13 02:00:00,1,20170713021,2017,7,13,2,3,0,3,28,194,31.13
2017-07-13 03:00:00,1,20170713031,2017,7,13,3,3,0,3,28,194,24.58
2017-07-13 04:00:00,1,20170713041,2017,7,13,4,3,0,3,28,194,21.36
2017-07-13 05:00:00,1,20170713051,2017,7,13,5,3,0,3,28,194,20.57
2017-07-13 06:00:00,1,20170713061,2017,7,13,6,3,0,3,28,194,24.63
2017-07-13 07:00:00,1,20170713071,2017,7,13,7,3,0,3,28,194,25.69
2017-07-13 08:00:00,1,20170713081,2017,7,13,8,3,0,3,28,194,29.99
2017-07-13 09:00:00,1,20170713091,2017,7,13,9,3,0,3,28,194,34.09
2017-07-13 10:00:00,1,20170713101,2017,7,13,10,3,0,3,28,194,46.58
2017-07-13 11:00:00,1,20170713111,2017,7,13,11,3,0,3,28,194,56.99
2017-07-13 12:00:00,1,20170713121,2017,7,13,12,3,0,3,28,194,58.82
2017-07-13 13:00:00,1,20170713131,2017,7,13,13,3,0,3,28,194,54.83
2017-07-13 14:00:00,1,20170713141,2017,7,13,14,3,0,3,28,194,55.79
2017-07-13 15:00:00,1,20170713151,2017,7,13,15,3,0,3,28,194,56.59
2017-07-13 16:00:00,1,20170713161,2017,7,13,16,3,0,3,28,194,55.98
2017-07-13 17:00:00,1,20170713171,2017,7,13,17,3,0,3,28,194,53.39
2017-07-13 18:00:00,1,20170713181,2017,7,13,18,3,0,3,28,194,54.76
2017-07-13 19:00:00,1,20170713191,2017,7,13,19,3,0,3,28,194,57.24
2017-07-13 20:00:00,1,20170713201,2017,7,13,20,3,0,3,28,194,56.67
2017-07-13 21:00:00,1,20170713211,2017,7,13,21,3,0,3,28,194,50.95
2017-07-13 22:00:00,1,20170713221,2017,7,13,22,3,0,3,28,194,48.47
2017-07-13 23:00:00,1,20170713231,2017,7,13,23,3,0,3,28,194,48.8
2017-07-14 00:00:00,1,20170714001,2017,7,14,0,4,0,3,28,195,40.82
2017-07-14 01:00:00,1,20170714011,2017,7,14,1,4,0,3,28,195,37.59
2017-07-14 02:00:00,1,20170714021,2017,7,14,2,4,0,3,28,195,30.98
2017-07-14 03:00:00,1,20170714031,2017,7,14,3,4,0,3,28,195,25.61
2017-07-14 04:00:00,1,20170714041,2017,7,14,4,4,0,3,28,195,21.83
2017-07-14 05:00:00,1,20170714051,2017,7,14,5,4,0,3,28,195,19.04
2017-07-14 06:00:00,1,20170714061,2017,7,14,6,4,0,3,28,195,23.14
2017-07-14 07:00:00,1,20170714071,2017,7,14,7,4,0,3,28,195,25.87
2017-07-14 08:00:00,1,20170714081,2017,7,14,8,4,0,3,28,195,30.59
2017-07-14 09:00:00,1,20170714091,2017,7,14,9,4,0,3,28,195,34.6
2017-07-14 10:00:00,1,20170714101,2017,7,14,10,4,0,3,28,195,47.45
2017-07-14 11:00:00,1,20170714111,2017,7,14,11,4,0,3,28,195,56.93
2017-07-14 12:00:00,1,20170714121,2017,7,14,12,4,0,3,28,195,59.51
2017-07-14 13:00:00,1,20170714131,2017,7,14,13,4,0,3,28,195,50.66
2017-07-14 14:00:00,1,20170714141,2017,7,14,14,4,0,3,28,195,52.68
2017-07-14 15:00:00,1,20170714151,2017,7,14,15,4,0,3,28,195,51.47
2017-07-14 16:00:00,1,20170714161,2017,7,14,16,4,0,3,28,195,48.63
2017-07-14 17:00:00,1,20170714171,2017,7,14,17,4,0,3,28,195,50.79
2017-07-14 18:00:00,1,20170714181,2017,7,14,18,4,0,3,28,195,53.59
2017-07-14 19:00:00,1,20170714191,2017,7,14,19,4,0,3,28,195,55.19
2017-07-14 20:00:00,1,20170714201,2017,7,14,20,4,0,3,28,195,50.89
2017-07-14 21:00:00,1,20170714211,2017,7,14,21,4,0,3,28,195,48.81
2017-07-14 22:00:00,1,20170714221,2017,7,14,22,4,0,3,28,195,48.78
2017-07-14 23:00:00,1,20170714231,2017,7,14,23,4,0,3,28,195,45.67
2017-07-15 00:00:00,1,20170715001,2017,7,15,0,5,1,3,28,196,41.28
2017-07-15 01:00:00,1,20170715011,2017,7,15,1,5,1,3,28,196,33.41
2017-07-15 02:00:00,1,20170715021,2017,7,15,2,5,1,3,28,196,28.65
2017-07-15 03:00:00,1,20170715031,2017,7,15,3,5,1,3,28,196,20.76
2017-07-15 04:00:00,1,20170715041,2017,7,15,4,5,1,3,28,196,17.78
2017-07-15 05:00:00,1,20170715051,2017,7,15,5,5,1,3,28,196,14.92
2017-07-15 06:00:00,1,20170715061,2017,7,15,6,5,1,3,28,196,14.69
2017-07-15 07:00:00,1,20170715071,2017,7,15,7,5,1,3,28,196,18.99
2017-07-15 08:00:00,1,20170715081,2017,7,15,8,5,1,3,28,196,20.66
2017-07-15 09:00:00,1,20170715091,2017,7,15,9,5,1,3,28,196,23.74
2017-07-15 10:00:00,1,20170715101,2017,7,15,10,5,1,3,28,196,31.15
2017-07-15 11:00:00,1,20170715111,2017,7,15,11,5,1,3,28,196,31.4
2017-07-15 12:00:00,1,20170715121,2017,7,15,12,5,1,3,28,196,30.55
2017-07-15 13:00:00,1,20170715131,2017,7,15,13,5,1,3,28,196,27.99
2017-07-15 14:00:00,1,20170715141,2017,7,15,14,5,1,3,28,196,29.05
2017-07-15 15:00:00,1,20170715151,2017,7,15,15,5,1,3,28,196,27.65
2017-07-15 16:00:00,1,20170715161,2017,7,15,16,5,1,3,28,196,28.59
2017-07-15 17:00:00,1,20170715171,2017,7,15,17,5,1,3,28,196,29.03
2017-07-15 18:00:00,1,20170715181,2017,7,15,18,5,1,3,28,196,31.19
2017-07-15 19:00:00,1,20170715191,2017,7,15,19,5,1,3,28,196,40.4
2017-07-15 20:00:00,1,20170715201,2017,7,15,20,5,1,3,28,196,39.28
2017-07-15 21:00:00,1,20170715211,2017,7,15,21,5,1,3,28,196,35.89
2017-07-15 22:00:00,1,20170715221,2017,7,15,22,5,1,3,28,196,35.04
2017-07-15 23:00:00,1,20170715231,2017,7,15,23,5,1,3,28,196,36.19
2017-07-16 00:00:00,1,20170716001,2017,7,16,0,6,1,3,28,197,33.63
2017-07-16 01:00:00,1,20170716011,2017,7,16,1,6,1,3,28,197,23.9
2017-07-16 02:00:00,1,20170716021,2017,7,16,2,6,1,3,28,197,21.09
2017-07-16 03:00:00,1,20170716031,2017,7,16,3,6,1,3,28,197,17.55
2017-07-16 04:00:00,1,20170716041,2017,7,16,4,6,1,3,28,197,14.66
2017-07-16 05:00:00,1,20170716051,2017,7,16,5,6,1,3,28,197,14.17
2017-07-16 06:00:00,1,20170716061,2017,7,16,6,6,1,3,28,197,14.08
2017-07-16 07:00:00,1,20170716071,2017,7,16,7,6,1,3,28,197,15.65
2017-07-16 08:00:00,1,20170716081,2017,7,16,8,6,1,3,28,197,20.22
2017-07-16 09:00:00,1,20170716091,2017,7,16,9,6,1,3,28,197,24.15
2017-07-16 10:00:00,1,20170716101,2017,7,16,10,6,1,3,28,197,29.36
2017-07-16 11:00:00,1,20170716111,2017,7,16,11,6,1,3,28,197,31.23
2017-07-16 12:00:00,1,20170716121,2017,7,16,12,6,1,3,28,197,30.51
2017-07-16 13:00:00,1,20170716131,2017,7,16,13,6,1,3,28,197,29.63
2017-07-16 14:00:00,1,20170716141,2017,7,16,14,6,1,3,28,197,28.41
2017-07-16 15:00:00,1,20170716151,2017,7,16,15,6,1,3,28,197,27.51
2017-07-16 16:00:00,1,20170716161,2017,7,16,16,6,1,3,28,197,28.82
2017-07-16 17:00:00,1,20170716171,2017,7,16,17,6,1,3,28,197,28.5
2017-07-16 18:00:00,1,20170716181,2017,7,16,18,6,1,3,28,197,31.82
2017-07-16 19:00:00,1,20170716191,2017,7,16,19,6,1,3,28,197,39.86
2017-07-16 20:00:00,1,20170716201,2017,7,16,20,6,1,3,28,197,39.29
2017-07-16 21:00:00,1,20170716211,2017,7,16,21,6,1,3,28,197,36.11
2017-07-16 22:00:00,1,20170716221,2017,7,16,22,6,1,3,28,197,35.54
2017-07-16 23:00:00,1,20170716231,2017,7,16,23,6,1,3,28,197,36.0
2017-07-17 00:00:00,1,20170717001,2017,7,17,0,0,0,3,29,198,34.27
2017-07-17 01:00:00,1,20170717011,2017,7,17,1,0,0,3,29,198,26.47
2017-07-17 02:00:00,1,20170717021,2017,7,17,2,0,0,3,29,198,20.46
2017-07-17 03:00:00,1,20170717031,2017,7,17,3,0,0,3,29,198,19.67
2017-07-17 04:00:00,1,20170717041,2017,7,17,4,0,0,3,29,198,16.07
2017-07-17 05:00:00,1,20170717051,2017,7,17,5,0,0,3,29,198,18.15
2017-07-17 06:00:00,1,20170717061,2017,7,17,6,0,0,3,29,198,19.5
2017-07-17 07:00:00,1,20170717071,2017,7,17,7,0,0,3,29,198,23.85
2017-07-17 08:00:00,1,20170717081,2017,7,17,8,0,0,3,29,198,27.97
2017-07-17 09:00:00,1,20170717091,2017,7,17,9,0,0,3,29,198,34.19
2017-07-17 10:00:00,1,20170717101,2017,7,17,10,0,0,3,29,198,44.21
2017-07-17 11:00:00,1,20170717111,2017,7,17,11,0,0,3,29,198,66.36
2017-07-17 12:00:00,1,20170717121,2017,7,17,12,0,0,3,29,198,66.44
2017-07-17 13:00:00,1,20170717131,2017,7,17,13,0,0,3,29,198,58.47
2017-07-17 14:00:00,1,20170717141,2017,7,17,14,0,0,3,29,198,60.17
2017-07-17 15:00:00,1,20170717151,2017,7,17,15,0,0,3,29,198,58.98
2017-07-17 16:00:00,1,20170717161,2017,7,17,16,0,0,3,29,198,59.02
2017-07-17 17:00:00,1,20170717171,2017,7,17,17,0,0,3,29,198,58.21
2017-07-17 18:00:00,1,20170717181,2017,7,17,18,0,0,3,29,198,62.24
2017-07-17 19:00:00,1,20170717191,2017,7,17,19,0,0,3,29,198,62.18
2017-07-17 20:00:00,1,20170717201,2017,7,17,20,0,0,3,29,198,60.75
2017-07-17 21:00:00,1,20170717211,2017,7,17,21,0,0,3,29,198,53.3
2017-07-17 22:00:00,1,20170717221,2017,7,17,22,0,0,3,29,198,52.41
2017-07-17 23:00:00,1,20170717231,2017,7,17,23,0,0,3,29,198,51.28
2017-07-18 00:00:00,1,20170718001,2017,7,18,0,1,0,3,29,199,46.32
2017-07-18 01:00:00,1,20170718011,2017,7,18,1,1,0,3,29,199,37.99
2017-07-18 02:00:00,1,20170718021,2017,7,18,2,1,0,3,29,199,32.99
2017-07-18 03:00:00,1,20170718031,2017,7,18,3,1,0,3,29,199,25.03
2017-07-18 04:00:00,1,20170718041,2017,7,18,4,1,0,3,29,199,24.01
2017-07-18 05:00:00,1,20170718051,2017,7,18,5,1,0,3,29,199,21.55
2017-07-18 06:00:00,1,20170718061,2017,7,18,6,1,0,3,29,199,24.76
2017-07-18 07:00:00,1,20170718071,2017,7,18,7,1,0,3,29,199,26.03
2017-07-18 08:00:00,1,20170718081,2017,7,18,8,1,0,3,29,199,31.27
2017-07-18 09:00:00,1,20170718091,2017,7,18,9,1,0,3,29,199,37.13
2017-07-18 10:00:00,1,20170718101,2017,7,18,10,1,0,3,29,199,47.95
2017-07-18 11:00:00,1,20170718111,2017,7,18,11,1,0,3,29,199,59.33
2017-07-18 12:00:00,1,20170718121,2017,7,18,12,1,0,3,29,199,61.74
2017-07-18 13:00:00,1,20170718131,2017,7,18,13,1,0,3,29,199,55.46
2017-07-18 14:00:00,1,20170718141,2017,7,18,14,1,0,3,29,199,60.18
2017-07-18 15:00:00,1,20170718151,2017,7,18,15,1,0,3,29,199,58.48
2017-07-18 16:00:00,1,20170718161,2017,7,18,16,1,0,3,29,199,55.03
2017-07-18 17:00:00,1,20170718171,2017,7,18,17,1,0,3,29,199,55.61
2017-07-18 18:00:00,1,20170718181,2017,7,18,18,1,0,3,29,199,61.57
2017-07-18 19:00:00,1,20170718191,2017,7,18,19,1,0,3,29,199,63.7
2017-07-18 20:00:00,1,20170718201,2017,7,18,20,1,0,3,29,199,62.32
2017-07-18 21:00:00,1,20170718211,2017,7,18,21,1,0,3,29,199,53.27
2017-07-18 22:00:00,1,20170718221,2017,7,18,22,1,0,3,29,199,52.65
2017-07-18 23:00:00,1,20170718231,2017,7,18,23,1,0,3,29,199,51.74
2017-07-19 00:00:00,1,20170719001,2017,7,19,0,2,0,3,29,200,46.12
2017-07-19 01:00:00,1,20170719011,2017,7,19,1,2,0,3,29,200,39.18
2017-07-19 02:00:00,1,20170719021,2017,7,19,2,2,0,3,29,200,33.63
2017-07-19 03:00:00,1,20170719031,2017,7,19,3,2,0,3,29,200,25.27
2017-07-19 04:00:00,1,20170719041,2017,7,19,4,2,0,3,29,200,23.73
2017-07-19 05:00:00,1,20170719051,2017,7,19,5,2,0,3,29,200,21.39
2017-07-19 06:00:00,1,20170719061,2017,7,19,6,2,0,3,29,200,24.76
2017-07-19 07:00:00,1,20170719071,2017,7,19,7,2,0,3,29,200,27.25
2017-07-19 08:00:00,1,20170719081,2017,7,19,8,2,0,3,29,200,31.7
2017-07-19 09:00:00,1,20170719091,2017,7,19,9,2,0,3,29,200,38.32
2017-07-19 10:00:00,1,20170719101,2017,7,19,10,2,0,3,29,200,47.98
2017-07-19 11:00:00,1,20170719111,2017,7,19,11,2,0,3,29,200,58.62
2017-07-19 12:00:00,1,20170719121,2017,7,19,12,2,0,3,29,200,60.74
2017-07-19 13:00:00,1,20170719131,2017,7,19,13,2,0,3,29,200,55.14
2017-07-19 14:00:00,1,20170719141,2017,7,19,14,2,0,3,29,200,59.84
2017-07-19 15:00:00,1,20170719151,2017,7,19,15,2,0,3,29,200,58.51
2017-07-19 16:00:00,1,20170719161,2017,7,19,16,2,0,3,29,200,55.37
2017-07-19 17:00:00,1,20170719171,2017,7,19,17,2,0,3,29,200,55.69
2017-07-19 18:00:00,1,20170719181,2017,7,19,18,2,0,3,29,200,60.97
2017-07-19 19:00:00,1,20170719191,2017,7,19,19,2,0,3,29,200,62.43
2017-07-19 20:00:00,1,20170719201,2017,7,19,20,2,0,3,29,200,59.79
2017-07-19 21:00:00,1,20170719211,2017,7,19,21,2,0,3,29,200,54.26
2017-07-19 22:00:00,1,20170719221,2017,7,19,22,2,0,3,29,200,53.26
2017-07-19 23:00:00,1,20170719231,2017,7,19,23,2,0,3,29,200,51.31
2017-07-20 00:00:00,1,20170720001,2017,7,20,0,3,0,3,29,201,45.52
2017-07-20 01:00:00,1,20170720011,2017,7,20,1,3,0,3,29,201,40.54
2017-07-20 02:00:00,1,20170720021,2017,7,20,2,3,0,3,29,201,33.97
2017-07-20 03:00:00,1,20170720031,2017,7,20,3,3,0,3,29,201,25.34
2017-07-20 04:00:00,1,20170720041,2017,7,20,4,3,0,3,29,201,23.81
2017-07-20 05:00:00,1,20170720051,2017,7,20,5,3,0,3,29,201,21.08
2017-07-20 06:00:00,1,20170720061,2017,7,20,6,3,0,3,29,201,24.65
2017-07-20 07:00:00,1,20170720071,2017,7,20,7,3,0,3,29,201,28.49
2017-07-20 08:00:00,1,20170720081,2017,7,20,8,3,0,3,29,201,32.5
2017-07-20 09:00:00,1,20170720091,2017,7,20,9,3,0,3,29,201,39.32
2017-07-20 10:00:00,1,20170720101,2017,7,20,10,3,0,3,29,201,49.33
2017-07-20 11:00:00,1,20170720111,2017,7,20,11,3,0,3,29,201,60.44
2017-07-20 12:00:00,1,20170720121,2017,7,20,12,3,0,3,29,201,61.02
2017-07-20 13:00:00,1,20170720131,2017,7,20,13,3,0,3,29,201,56.55
2017-07-20 14:00:00,1,20170720141,2017,7,20,14,3,0,3,29,201,60.98
2017-07-20 15:00:00,1,20170720151,2017,7,20,15,3,0,3,29,201,59.51
2017-07-20 16:00:00,1,20170720161,2017,7,20,16,3,0,3,29,201,57.32
2017-07-20 17:00:00,1,20170720171,2017,7,20,17,3,0,3,29,201,57.6
2017-07-20 18:00:00,1,20170720181,2017,7,20,18,3,0,3,29,201,61.0
2017-07-20 19:00:00,1,20170720191,2017,7,20,19,3,0,3,29,201,61.89
2017-07-20 20:00:00,1,20170720201,2017,7,20,20,3,0,3,29,201,61.11
2017-07-20 21:00:00,1,20170720211,2017,7,20,21,3,0,3,29,201,56.76
2017-07-20 22:00:00,1,20170720221,2017,7,20,22,3,0,3,29,201,54.99
2017-07-20 23:00:00,1,20170720231,2017,7,20,23,3,0,3,29,201,51.59
2017-07-21 00:00:00,1,20170721001,2017,7,21,0,4,0,3,29,202,44.49
2017-07-21 01:00:00,1,20170721011,2017,7,21,1,4,0,3,29,202,40.35
2017-07-21 02:00:00,1,20170721021,2017,7,21,2,4,0,3,29,202,33.07
2017-07-21 03:00:00,1,20170721031,2017,7,21,3,4,0,3,29,202,25.88
2017-07-21 04:00:00,1,20170721041,2017,7,21,4,4,0,3,29,202,22.97
2017-07-21 05:00:00,1,20170721051,2017,7,21,5,4,0,3,29,202,20.24
2017-07-21 06:00:00,1,20170721061,2017,7,21,6,4,0,3,29,202,22.17
2017-07-21 07:00:00,1,20170721071,2017,7,21,7,4,0,3,29,202,27.03
2017-07-21 08:00:00,1,20170721081,2017,7,21,8,4,0,3,29,202,32.86
2017-07-21 09:00:00,1,20170721091,2017,7,21,9,4,0,3,29,202,39.76
2017-07-21 10:00:00,1,20170721101,2017,7,21,10,4,0,3,29,202,47.83
2017-07-21 11:00:00,1,20170721111,2017,7,21,11,4,0,3,29,202,68.54
2017-07-21 12:00:00,1,20170721121,2017,7,21,12,4,0,3,29,202,67.83
2017-07-21 13:00:00,1,20170721131,2017,7,21,13,4,0,3,29,202,52.5
2017-07-21 14:00:00,1,20170721141,2017,7,21,14,4,0,3,29,202,56.04
2017-07-21 15:00:00,1,20170721151,2017,7,21,15,4,0,3,29,202,57.31
2017-07-21 16:00:00,1,20170721161,2017,7,21,16,4,0,3,29,202,55.87
2017-07-21 17:00:00,1,20170721171,2017,7,21,17,4,0,3,29,202,56.69
2017-07-21 18:00:00,1,20170721181,2017,7,21,18,4,0,3,29,202,59.04
2017-07-21 19:00:00,1,20170721191,2017,7,21,19,4,0,3,29,202,59.51
2017-07-21 20:00:00,1,20170721201,2017,7,21,20,4,0,3,29,202,55.81
2017-07-21 21:00:00,1,20170721211,2017,7,21,21,4,0,3,29,202,50.87
2017-07-21 22:00:00,1,20170721221,2017,7,21,22,4,0,3,29,202,49.9
2017-07-21 23:00:00,1,20170721231,2017,7,21,23,4,0,3,29,202,48.17
2017-07-22 00:00:00,1,20170722001,2017,7,22,0,5,1,3,29,203,44.57
2017-07-22 01:00:00,1,20170722011,2017,7,22,1,5,1,3,29,203,35.02
2017-07-22 02:00:00,1,20170722021,2017,7,22,2,5,1,3,29,203,30.82
2017-07-22 03:00:00,1,20170722031,2017,7,22,3,5,1,3,29,203,24.12
2017-07-22 04:00:00,1,20170722041,2017,7,22,4,5,1,3,29,203,19.91
2017-07-22 05:00:00,1,20170722051,2017,7,22,5,5,1,3,29,203,19.0
2017-07-22 06:00:00,1,20170722061,2017,7,22,6,5,1,3,29,203,17.8
2017-07-22 07:00:00,1,20170722071,2017,7,22,7,5,1,3,29,203,20.0
2017-07-22 08:00:00,1,20170722081,2017,7,22,8,5,1,3,29,203,21.9
2017-07-22 09:00:00,1,20170722091,2017,7,22,9,5,1,3,29,203,26.58
2017-07-22 10:00:00,1,20170722101,2017,7,22,10,5,1,3,29,203,34.86
2017-07-22 11:00:00,1,20170722111,2017,7,22,11,5,1,3,29,203,36.52
2017-07-22 12:00:00,1,20170722121,2017,7,22,12,5,1,3,29,203,35.76
2017-07-22 13:00:00,1,20170722131,2017,7,22,13,5,1,3,29,203,34.65
2017-07-22 14:00:00,1,20170722141,2017,7,22,14,5,1,3,29,203,33.23
2017-07-22 15:00:00,1,20170722151,2017,7,22,15,5,1,3,29,203,32.72
2017-07-22 16:00:00,1,20170722161,2017,7,22,16,5,1,3,29,203,31.26
2017-07-22 17:00:00,1,20170722171,2017,7,22,17,5,1,3,29,203,30.5
2017-07-22 18:00:00,1,20170722181,2017,7,22,18,5,1,3,29,203,34.9
2017-07-22 19:00:00,1,20170722191,2017,7,22,19,5,1,3,29,203,35.14
2017-07-22 20:00:00,1,20170722201,2017,7,22,20,5,1,3,29,203,37.53
2017-07-22 21:00:00,1,20170722211,2017,7,22,21,5,1,3,29,203,38.03
2017-07-22 22:00:00,1,20170722221,2017,7,22,22,5,1,3,29,203,40.38
2017-07-22 23:00:00,1,20170722231,2017,7,22,23,5,1,3,29,203,38.33
2017-07-23 00:00:00,1,20170723001,2017,7,23,0,6,1,3,29,204,33.49
2017-07-23 01:00:00,1,20170723011,2017,7,23,1,6,1,3,29,204,26.37
2017-07-23 02:00:00,1,20170723021,2017,7,23,2,6,1,3,29,204,22.04
2017-07-23 03:00:00,1,20170723031,2017,7,23,3,6,1,3,29,204,19.59
2017-07-23 04:00:00,1,20170723041,2017,7,23,4,6,1,3,29,204,18.29
2017-07-23 05:00:00,1,20170723051,2017,7,23,5,6,1,3,29,204,18.02
2017-07-23 06:00:00,1,20170723061,2017,7,23,6,6,1,3,29,204,17.07
2017-07-23 07:00:00,1,20170723071,2017,7,23,7,6,1,3,29,204,18.39
2017-07-23 08:00:00,1,20170723081,2017,7,23,8,6,1,3,29,204,21.28
2017-07-23 09:00:00,1,20170723091,2017,7,23,9,6,1,3,29,204,26.79
2017-07-23 10:00:00,1,20170723101,2017,7,23,10,6,1,3,29,204,35.92
2017-07-23 11:00:00,1,20170723111,2017,7,23,11,6,1,3,29,204,37.31
2017-07-23 12:00:00,1,20170723121,2017,7,23,12,6,1,3,29,204,35.02
2017-07-23 13:00:00,1,20170723131,2017,7,23,13,6,1,3,29,204,34.74
2017-07-23 14:00:00,1,20170723141,2017,7,23,14,6,1,3,29,204,35.09
2017-07-23 15:00:00,1,20170723151,2017,7,23,15,6,1,3,29,204,34.96
2017-07-23 16:00:00,1,20170723161,2017,7,23,16,6,1,3,29,204,31.88
2017-07-23 17:00:00,1,20170723171,2017,7,23,17,6,1,3,29,204,31.41
2017-07-23 18:00:00,1,20170723181,2017,7,23,18,6,1,3,29,204,35.67
2017-07-23 19:00:00,1,20170723191,2017,7,23,19,6,1,3,29,204,35.06
2017-07-23 20:00:00,1,20170723201,2017,7,23,20,6,1,3,29,204,37.57
2017-07-23 21:00:00,1,20170723211,2017,7,23,21,6,1,3,29,204,38.09
2017-07-23 22:00:00,1,20170723221,2017,7,23,22,6,1,3,29,204,40.32
2017-07-23 23:00:00,1,20170723231,2017,7,23,23,6,1,3,29,204,38.51
2017-07-24 00:00:00,1,20170724001,2017,7,24,0,0,0,3,30,205,35.1
2017-07-24 01:00:00,1,20170724011,2017,7,24,1,0,0,3,30,205,27.5
2017-07-24 02:00:00,1,20170724021,2017,7,24,2,0,0,3,30,205,23.34
2017-07-24 03:00:00,1,20170724031,2017,7,24,3,0,0,3,30,205,21.41
2017-07-24 04:00:00,1,20170724041,2017,7,24,4,0,0,3,30,205,16.82
2017-07-24 05:00:00,1,20170724051,2017,7,24,5,0,0,3,30,205,19.06
2017-07-24 06:00:00,1,20170724061,2017,7,24,6,0,0,3,30,205,23.14
2017-07-24 07:00:00,1,20170724071,2017,7,24,7,0,0,3,30,205,26.64
2017-07-24 08:00:00,1,20170724081,2017,7,24,8,0,0,3,30,205,30.18
2017-07-24 09:00:00,1,20170724091,2017,7,24,9,0,0,3,30,205,37.29
2017-07-24 10:00:00,1,20170724101,2017,7,24,10,0,0,3,30,205,51.68
2017-07-24 11:00:00,1,20170724111,2017,7,24,11,0,0,3,30,205,76.51
2017-07-24 12:00:00,1,20170724121,2017,7,24,12,0,0,3,30,205,73.73
2017-07-24 13:00:00,1,20170724131,2017,7,24,13,0,0,3,30,205,61.23
2017-07-24 14:00:00,1,20170724141,2017,7,24,14,0,0,3,30,205,65.44
2017-07-24 15:00:00,1,20170724151,2017,7,24,15,0,0,3,30,205,64.06
2017-07-24 16:00:00,1,20170724161,2017,7,24,16,0,0,3,30,205,60.52
2017-07-24 17:00:00,1,20170724171,2017,7,24,17,0,0,3,30,205,60.83
2017-07-24 18:00:00,1,20170724181,2017,7,24,18,0,0,3,30,205,65.93
2017-07-24 19:00:00,1,20170724191,2017,7,24,19,0,0,3,30,205,66.36
2017-07-24 20:00:00,1,20170724201,2017,7,24,20,0,0,3,30,205,64.97
2017-07-24 21:00:00,1,20170724211,2017,7,24,21,0,0,3,30,205,59.54
2017-07-24 22:00:00,1,20170724221,2017,7,24,22,0,0,3,30,205,56.8
2017-07-24 23:00:00,1,20170724231,2017,7,24,23,0,0,3,30,205,55.51
2017-07-25 00:00:00,1,20170725001,2017,7,25,0,1,0,3,30,206,47.44
2017-07-25 01:00:00,1,20170725011,2017,7,25,1,1,0,3,30,206,36.99
2017-07-25 02:00:00,1,20170725021,2017,7,25,2,1,0,3,30,206,26.54
2017-07-25 03:00:00,1,20170725031,2017,7,25,3,1,0,3,30,206,26.72
2017-07-25 04:00:00,1,20170725041,2017,7,25,4,1,0,3,30,206,23.1
2017-07-25 05:00:00,1,20170725051,2017,7,25,5,1,0,3,30,206,22.98
2017-07-25 06:00:00,1,20170725061,2017,7,25,6,1,0,3,30,206,24.15
2017-07-25 07:00:00,1,20170725071,2017,7,25,7,1,0,3,30,206,28.31
2017-07-25 08:00:00,1,20170725081,2017,7,25,8,1,0,3,30,206,31.87
2017-07-25 09:00:00,1,20170725091,2017,7,25,9,1,0,3,30,206,40.43
2017-07-25 10:00:00,1,20170725101,2017,7,25,10,1,0,3,30,206,53.3
2017-07-25 11:00:00,1,20170725111,2017,7,25,11,1,0,3,30,206,61.67
2017-07-25 12:00:00,1,20170725121,2017,7,25,12,1,0,3,30,206,66.47
2017-07-25 13:00:00,1,20170725131,2017,7,25,13,1,0,3,30,206,57.2
2017-07-25 14:00:00,1,20170725141,2017,7,25,14,1,0,3,30,206,61.34
2017-07-25 15:00:00,1,20170725151,2017,7,25,15,1,0,3,30,206,60.5
2017-07-25 16:00:00,1,20170725161,2017,7,25,16,1,0,3,30,206,58.51
2017-07-25 17:00:00,1,20170725171,2017,7,25,17,1,0,3,30,206,57.93
2017-07-25 18:00:00,1,20170725181,2017,7,25,18,1,0,3,30,206,65.26
2017-07-25 19:00:00,1,20170725191,2017,7,25,19,1,0,3,30,206,67.14
2017-07-25 20:00:00,1,20170725201,2017,7,25,20,1,0,3,30,206,65.13
2017-07-25 21:00:00,1,20170725211,2017,7,25,21,1,0,3,30,206,58.3
2017-07-25 22:00:00,1,20170725221,2017,7,25,22,1,0,3,30,206,54.46
2017-07-25 23:00:00,1,20170725231,2017,7,25,23,1,0,3,30,206,53.05
2017-07-26 00:00:00,1,20170726001,2017,7,26,0,2,0,3,30,207,48.68
2017-07-26 01:00:00,1,20170726011,2017,7,26,1,2,0,3,30,207,39.37
2017-07-26 02:00:00,1,20170726021,2017,7,26,2,2,0,3,30,207,33.46
2017-07-26 03:00:00,1,20170726031,2017,7,26,3,2,0,3,30,207,27.26
2017-07-26 04:00:00,1,20170726041,2017,7,26,4,2,0,3,30,207,22.82
2017-07-26 05:00:00,1,20170726051,2017,7,26,5,2,0,3,30,207,23.07
2017-07-26 06:00:00,1,20170726061,2017,7,26,6,2,0,3,30,207,24.09
2017-07-26 07:00:00,1,20170726071,2017,7,26,7,2,0,3,30,207,28.29
2017-07-26 08:00:00,1,20170726081,2017,7,26,8,2,0,3,30,207,31.95
2017-07-26 09:00:00,1,20170726091,2017,7,26,9,2,0,3,30,207,40.22
2017-07-26 10:00:00,1,20170726101,2017,7,26,10,2,0,3,30,207,54.15
2017-07-26 11:00:00,1,20170726111,2017,7,26,11,2,0,3,30,207,61.11
2017-07-26 12:00:00,1,20170726121,2017,7,26,12,2,0,3,30,207,65.7
2017-07-26 13:00:00,1,20170726131,2017,7,26,13,2,0,3,30,207,56.5
2017-07-26 14:00:00,1,20170726141,2017,7,26,14,2,0,3,30,207,60.73
2017-07-26 15:00:00,1,20170726151,2017,7,26,15,2,0,3,30,207,59.76
2017-07-26 16:00:00,1,20170726161,2017,7,26,16,2,0,3,30,207,57.99
2017-07-26 17:00:00,1,20170726171,2017,7,26,17,2,0,3,30,207,58.34
2017-07-26 18:00:00,1,20170726181,2017,7,26,18,2,0,3,30,207,63.05
2017-07-26 19:00:00,1,20170726191,2017,7,26,19,2,0,3,30,207,63.41
2017-07-26 20:00:00,1,20170726201,2017,7,26,20,2,0,3,30,207,62.51
2017-07-26 21:00:00,1,20170726211,2017,7,26,21,2,0,3,30,207,57.39
2017-07-26 22:00:00,1,20170726221,2017,7,26,22,2,0,3,30,207,54.34
2017-07-26 23:00:00,1,20170726231,2017,7,26,23,2,0,3,30,207,52.61
2017-07-27 00:00:00,1,20170727001,2017,7,27,0,3,0,3,30,208,47.82
2017-07-27 01:00:00,1,20170727011,2017,7,27,1,3,0,3,30,208,39.43
2017-07-27 02:00:00,1,20170727021,2017,7,27,2,3,0,3,30,208,32.9
2017-07-27 03:00:00,1,20170727031,2017,7,27,3,3,0,3,30,208,27.95
2017-07-27 04:00:00,1,20170727041,2017,7,27,4,3,0,3,30,208,22.1
2017-07-27 05:00:00,1,20170727051,2017,7,27,5,3,0,3,30,208,22.65
2017-07-27 06:00:00,1,20170727061,2017,7,27,6,3,0,3,30,208,24.47
2017-07-27 07:00:00,1,20170727071,2017,7,27,7,3,0,3,30,208,28.16
2017-07-27 08:00:00,1,20170727081,2017,7,27,8,3,0,3,30,208,29.87
2017-07-27 09:00:00,1,20170727091,2017,7,27,9,3,0,3,30,208,39.54
2017-07-27 10:00:00,1,20170727101,2017,7,27,10,3,0,3,30,208,50.64
2017-07-27 11:00:00,1,20170727111,2017,7,27,11,3,0,3,30,208,61.48
2017-07-27 12:00:00,1,20170727121,2017,7,27,12,3,0,3,30,208,65.78
2017-07-27 13:00:00,1,20170727131,2017,7,27,13,3,0,3,30,208,55.93
2017-07-27 14:00:00,1,20170727141,2017,7,27,14,3,0,3,30,208,61.37
2017-07-27 15:00:00,1,20170727151,2017,7,27,15,3,0,3,30,208,58.11
2017-07-27 16:00:00,1,20170727161,2017,7,27,16,3,0,3,30,208,56.33
2017-07-27 17:00:00,1,20170727171,2017,7,27,17,3,0,3,30,208,57.29
2017-07-27 18:00:00,1,20170727181,2017,7,27,18,3,0,3,30,208,62.21
2017-07-27 19:00:00,1,20170727191,2017,7,27,19,3,0,3,30,208,63.27
2017-07-27 20:00:00,1,20170727201,2017,7,27,20,3,0,3,30,208,62.53
2017-07-27 21:00:00,1,20170727211,2017,7,27,21,3,0,3,30,208,57.64
2017-07-27 22:00:00,1,20170727221,2017,7,27,22,3,0,3,30,208,54.81
2017-07-27 23:00:00,1,20170727231,2017,7,27,23,3,0,3,30,208,51.87
2017-07-28 00:00:00,1,20170728001,2017,7,28,0,4,0,3,30,209,48.29
2017-07-28 01:00:00,1,20170728011,2017,7,28,1,4,0,3,30,209,39.8
2017-07-28 02:00:00,1,20170728021,2017,7,28,2,4,0,3,30,209,31.44
2017-07-28 03:00:00,1,20170728031,2017,7,28,3,4,0,3,30,209,28.22
2017-07-28 04:00:00,1,20170728041,2017,7,28,4,4,0,3,30,209,21.99
2017-07-28 05:00:00,1,20170728051,2017,7,28,5,4,0,3,30,209,22.12
2017-07-28 06:00:00,1,20170728061,2017,7,28,6,4,0,3,30,209,23.34
2017-07-28 07:00:00,1,20170728071,2017,7,28,7,4,0,3,30,209,27.2
2017-07-28 08:00:00,1,20170728081,2017,7,28,8,4,0,3,30,209,29.67
2017-07-28 09:00:00,1,20170728091,2017,7,28,9,4,0,3,30,209,38.47
2017-07-28 10:00:00,1,20170728101,2017,7,28,10,4,0,3,30,209,49.69
2017-07-28 11:00:00,1,20170728111,2017,7,28,11,4,0,3,30,209,57.73
2017-07-28 12:00:00,1,20170728121,2017,7,28,12,4,0,3,30,209,60.55
2017-07-28 13:00:00,1,20170728131,2017,7,28,13,4,0,3,30,209,50.64
2017-07-28 14:00:00,1,20170728141,2017,7,28,14,4,0,3,30,209,54.5
2017-07-28 15:00:00,1,20170728151,2017,7,28,15,4,0,3,30,209,54.46
2017-07-28 16:00:00,1,20170728161,2017,7,28,16,4,0,3,30,209,50.8
2017-07-28 17:00:00,1,20170728171,2017,7,28,17,4,0,3,30,209,51.92
2017-07-28 18:00:00,1,20170728181,2017,7,28,18,4,0,3,30,209,55.96
2017-07-28 19:00:00,1,20170728191,2017,7,28,19,4,0,3,30,209,55.76
2017-07-28 20:00:00,1,20170728201,2017,7,28,20,4,0,3,30,209,52.03
2017-07-28 21:00:00,1,20170728211,2017,7,28,21,4,0,3,30,209,49.14
2017-07-28 22:00:00,1,20170728221,2017,7,28,22,4,0,3,30,209,45.23
2017-07-28 23:00:00,1,20170728231,2017,7,28,23,4,0,3,30,209,43.21
2017-07-29 00:00:00,1,20170729001,2017,7,29,0,5,1,3,30,210,47.45
2017-07-29 01:00:00,1,20170729011,2017,7,29,1,5,1,3,30,210,36.53
2017-07-29 02:00:00,1,20170729021,2017,7,29,2,5,1,3,30,210,29.45
2017-07-29 03:00:00,1,20170729031,2017,7,29,3,5,1,3,30,210,23.07
2017-07-29 04:00:00,1,20170729041,2017,7,29,4,5,1,3,30,210,18.52
2017-07-29 05:00:00,1,20170729051,2017,7,29,5,5,1,3,30,210,17.32
2017-07-29 06:00:00,1,20170729061,2017,7,29,6,5,1,3,30,210,15.98
2017-07-29 07:00:00,1,20170729071,2017,7,29,7,5,1,3,30,210,18.09
2017-07-29 08:00:00,1,20170729081,2017,7,29,8,5,1,3,30,210,20.02
2017-07-29 09:00:00,1,20170729091,2017,7,29,9,5,1,3,30,210,26.23
2017-07-29 10:00:00,1,20170729101,2017,7,29,10,5,1,3,30,210,35.93
2017-07-29 11:00:00,1,20170729111,2017,7,29,11,5,1,3,30,210,35.93
2017-07-29 12:00:00,1,20170729121,2017,7,29,12,5,1,3,30,210,37.66
2017-07-29 13:00:00,1,20170729131,2017,7,29,13,5,1,3,30,210,36.85
2017-07-29 14:00:00,1,20170729141,2017,7,29,14,5,1,3,30,210,34.08
2017-07-29 15:00:00,1,20170729151,2017,7,29,15,5,1,3,30,210,34.64
2017-07-29 16:00:00,1,20170729161,2017,7,29,16,5,1,3,30,210,32.61
2017-07-29 17:00:00,1,20170729171,2017,7,29,17,5,1,3,30,210,31.49
2017-07-29 18:00:00,1,20170729181,2017,7,29,18,5,1,3,30,210,36.2
2017-07-29 19:00:00,1,20170729191,2017,7,29,19,5,1,3,30,210,42.92
2017-07-29 20:00:00,1,20170729201,2017,7,29,20,5,1,3,30,210,41.83
2017-07-29 21:00:00,1,20170729211,2017,7,29,21,5,1,3,30,210,41.23
2017-07-29 22:00:00,1,20170729221,2017,7,29,22,5,1,3,30,210,41.38
2017-07-29 23:00:00,1,20170729231,2017,7,29,23,5,1,3,30,210,39.99
2017-07-30 00:00:00,1,20170730001,2017,7,30,0,6,1,3,30,211,33.32
2017-07-30 01:00:00,1,20170730011,2017,7,30,1,6,1,3,30,211,26.51
2017-07-30 02:00:00,1,20170730021,2017,7,30,2,6,1,3,30,211,22.44
2017-07-30 03:00:00,1,20170730031,2017,7,30,3,6,1,3,30,211,20.38
2017-07-30 04:00:00,1,20170730041,2017,7,30,4,6,1,3,30,211,17.2
2017-07-30 05:00:00,1,20170730051,2017,7,30,5,6,1,3,30,211,17.12
2017-07-30 06:00:00,1,20170730061,2017,7,30,6,6,1,3,30,211,15.23
2017-07-30 07:00:00,1,20170730071,2017,7,30,7,6,1,3,30,211,17.71
2017-07-30 08:00:00,1,20170730081,2017,7,30,8,6,1,3,30,211,20.14
2017-07-30 09:00:00,1,20170730091,2017,7,30,9,6,1,3,30,211,26.64
2017-07-30 10:00:00,1,20170730101,2017,7,30,10,6,1,3,30,211,34.71
2017-07-30 11:00:00,1,20170730111,2017,7,30,11,6,1,3,30,211,35.33
2017-07-30 12:00:00,1,20170730121,2017,7,30,12,6,1,3,30,211,35.32
2017-07-30 13:00:00,1,20170730131,2017,7,30,13,6,1,3,30,211,34.54
2017-07-30 14:00:00,1,20170730141,2017,7,30,14,6,1,3,30,211,33.91
2017-07-30 15:00:00,1,20170730151,2017,7,30,15,6,1,3,30,211,34.51
2017-07-30 16:00:00,1,20170730161,2017,7,30,16,6,1,3,30,211,32.45
2017-07-30 17:00:00,1,20170730171,2017,7,30,17,6,1,3,30,211,31.98
2017-07-30 18:00:00,1,20170730181,2017,7,30,18,6,1,3,30,211,36.07
2017-07-30 19:00:00,1,20170730191,2017,7,30,19,6,1,3,30,211,42.07
2017-07-30 20:00:00,1,20170730201,2017,7,30,20,6,1,3,30,211,41.49
2017-07-30 21:00:00,1,20170730211,2017,7,30,21,6,1,3,30,211,40.91
2017-07-30 22:00:00,1,20170730221,2017,7,30,22,6,1,3,30,211,40.96
2017-07-30 23:00:00,1,20170730231,2017,7,30,23,6,1,3,30,211,39.63
2017-07-31 00:00:00,1,20170731001,2017,7,31,0,0,0,3,31,212,36.07
2017-07-31 01:00:00,1,20170731011,2017,7,31,1,0,0,3,31,212,27.58
2017-07-31 02:00:00,1,20170731021,2017,7,31,2,0,0,3,31,212,23.17
2017-07-31 03:00:00,1,20170731031,2017,7,31,3,0,0,3,31,212,21.54
2017-07-31 04:00:00,1,20170731041,2017,7,31,4,0,0,3,31,212,17.92
2017-07-31 05:00:00,1,20170731051,2017,7,31,5,0,0,3,31,212,19.68
2017-07-31 06:00:00,1,20170731061,2017,7,31,6,0,0,3,31,212,23.65
2017-07-31 07:00:00,1,20170731071,2017,7,31,7,0,0,3,31,212,27.03
2017-07-31 08:00:00,1,20170731081,2017,7,31,8,0,0,3,31,212,30.22
2017-07-31 09:00:00,1,20170731091,2017,7,31,9,0,0,3,31,212,37.32
2017-07-31 10:00:00,1,20170731101,2017,7,31,10,0,0,3,31,212,51.91
2017-07-31 11:00:00,1,20170731111,2017,7,31,11,0,0,3,31,212,76.73
2017-07-31 12:00:00,1,20170731121,2017,7,31,12,0,0,3,31,212,73.43
2017-07-31 13:00:00,1,20170731131,2017,7,31,13,0,0,3,31,212,61.02
2017-07-31 14:00:00,1,20170731141,2017,7,31,14,0,0,3,31,212,65.23
2017-07-31 15:00:00,1,20170731151,2017,7,31,15,0,0,3,31,212,64.12
2017-07-31 16:00:00,1,20170731161,2017,7,31,16,0,0,3,31,212,60.91
2017-07-31 17:00:00,1,20170731171,2017,7,31,17,0,0,3,31,212,61.38
2017-07-31 18:00:00,1,20170731181,2017,7,31,18,0,0,3,31,212,65.61
2017-07-31 19:00:00,1,20170731191,2017,7,31,19,0,0,3,31,212,66.67
2017-07-31 20:00:00,1,20170731201,2017,7,31,20,0,0,3,31,212,63.79
2017-07-31 21:00:00,1,20170731211,2017,7,31,21,0,0,3,31,212,60.58
2017-07-31 22:00:00,1,20170731221,2017,7,31,22,0,0,3,31,212,59.98
2017-07-31 23:00:00,1,20170731231,2017,7,31,23,0,0,3,31,212,58.22
2017-08-01 00:00:00,1,20170801001,2017,8,1,0,1,0,3,31,213,48.48
2017-08-01 01:00:00,1,20170801011,2017,8,1,1,1,0,3,31,213,38.51
2017-08-01 02:00:00,1,20170801021,2017,8,1,2,1,0,3,31,213,37.11
2017-08-01 03:00:00,1,20170801031,2017,8,1,3,1,0,3,31,213,29.14
2017-08-01 04:00:00,1,20170801041,2017,8,1,4,1,0,3,31,213,22.76
2017-08-01 05:00:00,1,20170801051,2017,8,1,5,1,0,3,31,213,22.07
2017-08-01 06:00:00,1,20170801061,2017,8,1,6,1,0,3,31,213,27.49
2017-08-01 07:00:00,1,20170801071,2017,8,1,7,1,0,3,31,213,30.23
2017-08-01 08:00:00,1,20170801081,2017,8,1,8,1,0,3,31,213,33.09
2017-08-01 09:00:00,1,20170801091,2017,8,1,9,1,0,3,31,213,40.76
2017-08-01 10:00:00,1,20170801101,2017,8,1,10,1,0,3,31,213,51.75
2017-08-01 11:00:00,1,20170801111,2017,8,1,11,1,0,3,31,213,62.69
2017-08-01 12:00:00,1,20170801121,2017,8,1,12,1,0,3,31,213,64.22
2017-08-01 13:00:00,1,20170801131,2017,8,1,13,1,0,3,31,213,57.14
2017-08-01 14:00:00,1,20170801141,2017,8,1,14,1,0,3,31,213,61.07
2017-08-01 15:00:00,1,20170801151,2017,8,1,15,1,0,3,31,213,60.81
2017-08-01 16:00:00,1,20170801161,2017,8,1,16,1,0,3,31,213,59.34
2017-08-01 17:00:00,1,20170801171,2017,8,1,17,1,0,3,31,213,59.22
2017-08-01 18:00:00,1,20170801181,2017,8,1,18,1,0,3,31,213,60.97
2017-08-01 19:00:00,1,20170801191,2017,8,1,19,1,0,3,31,213,68.52
2017-08-01 20:00:00,1,20170801201,2017,8,1,20,1,0,3,31,213,66.83
2017-08-01 21:00:00,1,20170801211,2017,8,1,21,1,0,3,31,213,57.67
2017-08-01 22:00:00,1,20170801221,2017,8,1,22,1,0,3,31,213,57.97
2017-08-01 23:00:00,1,20170801231,2017,8,1,23,1,0,3,31,213,53.87
2017-08-02 00:00:00,1,20170802001,2017,8,2,0,2,0,3,31,214,47.21
2017-08-02 01:00:00,1,20170802011,2017,8,2,1,2,0,3,31,214,39.45
2017-08-02 02:00:00,1,20170802021,2017,8,2,2,2,0,3,31,214,36.98
2017-08-02 03:00:00,1,20170802031,2017,8,2,3,2,0,3,31,214,29.47
2017-08-02 04:00:00,1,20170802041,2017,8,2,4,2,0,3,31,214,22.74
2017-08-02 05:00:00,1,20170802051,2017,8,2,5,2,0,3,31,214,22.88
2017-08-02 06:00:00,1,20170802061,2017,8,2,6,2,0,3,31,214,27.49
2017-08-02 07:00:00,1,20170802071,2017,8,2,7,2,0,3,31,214,30.04
2017-08-02 08:00:00,1,20170802081,2017,8,2,8,2,0,3,31,214,33.28
2017-08-02 09:00:00,1,20170802091,2017,8,2,9,2,0,3,31,214,41.65
2017-08-02 10:00:00,1,20170802101,2017,8,2,10,2,0,3,31,214,51.88
2017-08-02 11:00:00,1,20170802111,2017,8,2,11,2,0,3,31,214,64.71
2017-08-02 12:00:00,1,20170802121,2017,8,2,12,2,0,3,31,214,65.07
2017-08-02 13:00:00,1,20170802131,2017,8,2,13,2,0,3,31,214,58.05
2017-08-02 14:00:00,1,20170802141,2017,8,2,14,2,0,3,31,214,61.18
2017-08-02 15:00:00,1,20170802151,2017,8,2,15,2,0,3,31,214,61.56
2017-08-02 16:00:00,1,20170802161,2017,8,2,16,2,0,3,31,214,59.65
2017-08-02 17:00:00,1,20170802171,2017,8,2,17,2,0,3,31,214,60.08
2017-08-02 18:00:00,1,20170802181,2017,8,2,18,2,0,3,31,214,62.29
2017-08-02 19:00:00,1,20170802191,2017,8,2,19,2,0,3,31,214,66.81
2017-08-02 20:00:00,1,20170802201,2017,8,2,20,2,0,3,31,214,63.32
2017-08-02 21:00:00,1,20170802211,2017,8,2,21,2,0,3,31,214,57.84
2017-08-02 22:00:00,1,20170802221,2017,8,2,22,2,0,3,31,214,57.69
2017-08-02 23:00:00,1,20170802231,2017,8,2,23,2,0,3,31,214,54.25
2017-08-03 00:00:00,1,20170803001,2017,8,3,0,3,0,3,31,215,45.85
2017-08-03 01:00:00,1,20170803011,2017,8,3,1,3,0,3,31,215,40.69
2017-08-03 02:00:00,1,20170803021,2017,8,3,2,3,0,3,31,215,35.91
2017-08-03 03:00:00,1,20170803031,2017,8,3,3,3,0,3,31,215,29.45
2017-08-03 04:00:00,1,20170803041,2017,8,3,4,3,0,3,31,215,22.8
2017-08-03 05:00:00,1,20170803051,2017,8,3,5,3,0,3,31,215,23.41
2017-08-03 06:00:00,1,20170803061,2017,8,3,6,3,0,3,31,215,27.18
2017-08-03 07:00:00,1,20170803071,2017,8,3,7,3,0,3,31,215,29.11
2017-08-03 08:00:00,1,20170803081,2017,8,3,8,3,0,3,31,215,34.17
2017-08-03 09:00:00,1,20170803091,2017,8,3,9,3,0,3,31,215,41.62
2017-08-03 10:00:00,1,20170803101,2017,8,3,10,3,0,3,31,215,51.83
2017-08-03 11:00:00,1,20170803111,2017,8,3,11,3,0,3,31,215,64.74
2017-08-03 12:00:00,1,20170803121,2017,8,3,12,3,0,3,31,215,65.13
2017-08-03 13:00:00,1,20170803131,2017,8,3,13,3,0,3,31,215,58.42
2017-08-03 14:00:00,1,20170803141,2017,8,3,14,3,0,3,31,215,61.76
2017-08-03 15:00:00,1,20170803151,2017,8,3,15,3,0,3,31,215,62.87
2017-08-03 16:00:00,1,20170803161,2017,8,3,16,3,0,3,31,215,58.8
2017-08-03 17:00:00,1,20170803171,2017,8,3,17,3,0,3,31,215,59.42
2017-08-03 18:00:00,1,20170803181,2017,8,3,18,3,0,3,31,215,61.49
2017-08-03 19:00:00,1,20170803191,2017,8,3,19,3,0,3,31,215,63.71
2017-08-03 20:00:00,1,20170803201,2017,8,3,20,3,0,3,31,215,60.17
2017-08-03 21:00:00,1,20170803211,2017,8,3,21,3,0,3,31,215,56.88
2017-08-03 22:00:00,1,20170803221,2017,8,3,22,3,0,3,31,215,57.19
2017-08-03 23:00:00,1,20170803231,2017,8,3,23,3,0,3,31,215,54.89
2017-08-04 00:00:00,1,20170804001,2017,8,4,0,4,0,3,31,216,45.49
2017-08-04 01:00:00,1,20170804011,2017,8,4,1,4,0,3,31,216,40.71
2017-08-04 02:00:00,1,20170804021,2017,8,4,2,4,0,3,31,216,34.59
2017-08-04 03:00:00,1,20170804031,2017,8,4,3,4,0,3,31,216,28.82
2017-08-04 04:00:00,1,20170804041,2017,8,4,4,4,0,3,31,216,21.45
2017-08-04 05:00:00,1,20170804051,2017,8,4,5,4,0,3,31,216,22.07
2017-08-04 06:00:00,1,20170804061,2017,8,4,6,4,0,3,31,216,24.9
2017-08-04 07:00:00,1,20170804071,2017,8,4,7,4,0,3,31,216,27.04
2017-08-04 08:00:00,1,20170804081,2017,8,4,8,4,0,3,31,216,35.31
2017-08-04 09:00:00,1,20170804091,2017,8,4,9,4,0,3,31,216,40.97
2017-08-04 10:00:00,1,20170804101,2017,8,4,10,4,0,3,31,216,49.14
2017-08-04 11:00:00,1,20170804111,2017,8,4,11,4,0,3,31,216,58.46
2017-08-04 12:00:00,1,20170804121,2017,8,4,12,4,0,3,31,216,60.13
2017-08-04 13:00:00,1,20170804131,2017,8,4,13,4,0,3,31,216,52.62
2017-08-04 14:00:00,1,20170804141,2017,8,4,14,4,0,3,31,216,57.61
2017-08-04 15:00:00,1,20170804151,2017,8,4,15,4,0,3,31,216,56.76
2017-08-04 16:00:00,1,20170804161,2017,8,4,16,4,0,3,31,216,51.01
2017-08-04 17:00:00,1,20170804171,2017,8,4,17,4,0,3,31,216,50.5
2017-08-04 18:00:00,1,20170804181,2017,8,4,18,4,0,3,31,216,52.97
2017-08-04 19:00:00,1,20170804191,2017,8,4,19,4,0,3,31,216,54.98
2017-08-04 20:00:00,1,20170804201,2017,8,4,20,4,0,3,31,216,53.42
2017-08-04 21:00:00,1,20170804211,2017,8,4,21,4,0,3,31,216,47.61
2017-08-04 22:00:00,1,20170804221,2017,8,4,22,4,0,3,31,216,45.74
2017-08-04 23:00:00,1,20170804231,2017,8,4,23,4,0,3,31,216,43.07
2017-08-05 00:00:00,1,20170805001,2017,8,5,0,5,1,3,31,217,43.22
2017-08-05 01:00:00,1,20170805011,2017,8,5,1,5,1,3,31,217,34.44
2017-08-05 02:00:00,1,20170805021,2017,8,5,2,5,1,3,31,217,28.83
2017-08-05 03:00:00,1,20170805031,2017,8,5,3,5,1,3,31,217,23.32
2017-08-05 04:00:00,1,20170805041,2017,8,5,4,5,1,3,31,217,19.1
2017-08-05 05:00:00,1,20170805051,2017,8,5,5,5,1,3,31,217,17.11
2017-08-05 06:00:00,1,20170805061,2017,8,5,6,5,1,3,31,217,14.59
2017-08-05 07:00:00,1,20170805071,2017,8,5,7,5,1,3,31,217,18.96
2017-08-05 08:00:00,1,20170805081,2017,8,5,8,5,1,3,31,217,21.95
2017-08-05 09:00:00,1,20170805091,2017,8,5,9,5,1,3,31,217,24.59
2017-08-05 10:00:00,1,20170805101,2017,8,5,10,5,1,3,31,217,32.19
2017-08-05 11:00:00,1,20170805111,2017,8,5,11,5,1,3,31,217,35.01
2017-08-05 12:00:00,1,20170805121,2017,8,5,12,5,1,3,31,217,31.76
2017-08-05 13:00:00,1,20170805131,2017,8,5,13,5,1,3,31,217,31.86
2017-08-05 14:00:00,1,20170805141,2017,8,5,14,5,1,3,31,217,29.77
2017-08-05 15:00:00,1,20170805151,2017,8,5,15,5,1,3,31,217,31.09
2017-08-05 16:00:00,1,20170805161,2017,8,5,16,5,1,3,31,217,32.4
2017-08-05 17:00:00,1,20170805171,2017,8,5,17,5,1,3,31,217,30.52
2017-08-05 18:00:00,1,20170805181,2017,8,5,18,5,1,3,31,217,32.75
2017-08-05 19:00:00,1,20170805191,2017,8,5,19,5,1,3,31,217,37.8
2017-08-05 20:00:00,1,20170805201,2017,8,5,20,5,1,3,31,217,37.34
2017-08-05 21:00:00,1,20170805211,2017,8,5,21,5,1,3,31,217,35.76
2017-08-05 22:00:00,1,20170805221,2017,8,5,22,5,1,3,31,217,35.2
2017-08-05 23:00:00,1,20170805231,2017,8,5,23,5,1,3,31,217,34.85
2017-08-06 00:00:00,1,20170806001,2017,8,6,0,6,1,3,31,218,29.4
2017-08-06 01:00:00,1,20170806011,2017,8,6,1,6,1,3,31,218,23.45
2017-08-06 02:00:00,1,20170806021,2017,8,6,2,6,1,3,31,218,20.7
2017-08-06 03:00:00,1,20170806031,2017,8,6,3,6,1,3,31,218,19.03
2017-08-06 04:00:00,1,20170806041,2017,8,6,4,6,1,3,31,218,17.31
2017-08-06 05:00:00,1,20170806051,2017,8,6,5,6,1,3,31,218,15.53
2017-08-06 06:00:00,1,20170806061,2017,8,6,6,6,1,3,31,218,14.85
2017-08-06 07:00:00,1,20170806071,2017,8,6,7,6,1,3,31,218,17.73
2017-08-06 08:00:00,1,20170806081,2017,8,6,8,6,1,3,31,218,21.26
2017-08-06 09:00:00,1,20170806091,2017,8,6,9,6,1,3,31,218,24.98
2017-08-06 10:00:00,1,20170806101,2017,8,6,10,6,1,3,31,218,31.46
2017-08-06 11:00:00,1,20170806111,2017,8,6,11,6,1,3,31,218,34.28
2017-08-06 12:00:00,1,20170806121,2017,8,6,12,6,1,3,31,218,31.52
2017-08-06 13:00:00,1,20170806131,2017,8,6,13,6,1,3,31,218,31.72
2017-08-06 14:00:00,1,20170806141,2017,8,6,14,6,1,3,31,218,29.81
2017-08-06 15:00:00,1,20170806151,2017,8,6,15,6,1,3,31,218,30.89
2017-08-06 16:00:00,1,20170806161,2017,8,6,16,6,1,3,31,218,32.08
2017-08-06 17:00:00,1,20170806171,2017,8,6,17,6,1,3,31,218,31.2
2017-08-06 18:00:00,1,20170806181,2017,8,6,18,6,1,3,31,218,33.2
2017-08-06 19:00:00,1,20170806191,2017,8,6,19,6,1,3,31,218,36.39
2017-08-06 20:00:00,1,20170806201,2017,8,6,20,6,1,3,31,218,35.62
2017-08-06 21:00:00,1,20170806211,2017,8,6,21,6,1,3,31,218,35.15
2017-08-06 22:00:00,1,20170806221,2017,8,6,22,6,1,3,31,218,35.49
2017-08-06 23:00:00,1,20170806231,2017,8,6,23,6,1,3,31,218,35.25
2017-08-07 00:00:00,1,20170807001,2017,8,7,0,0,0,3,32,219,34.86
2017-08-07 01:00:00,1,20170807011,2017,8,7,1,0,0,3,32,219,28.03
2017-08-07 02:00:00,1,20170807021,2017,8,7,2,0,0,3,32,219,25.22
2017-08-07 03:00:00,1,20170807031,2017,8,7,3,0,0,3,32,219,21.94
2017-08-07 04:00:00,1,20170807041,2017,8,7,4,0,0,3,32,219,18.73
2017-08-07 05:00:00,1,20170807051,2017,8,7,5,0,0,3,32,219,17.99
2017-08-07 06:00:00,1,20170807061,2017,8,7,6,0,0,3,32,219,23.61
2017-08-07 07:00:00,1,20170807071,2017,8,7,7,0,0,3,32,219,27.13
2017-08-07 08:00:00,1,20170807081,2017,8,7,8,0,0,3,32,219,31.24
2017-08-07 09:00:00,1,20170807091,2017,8,7,9,0,0,3,32,219,35.58
2017-08-07 10:00:00,1,20170807101,2017,8,7,10,0,0,3,32,219,48.65
2017-08-07 11:00:00,1,20170807111,2017,8,7,11,0,0,3,32,219,70.54
2017-08-07 12:00:00,1,20170807121,2017,8,7,12,0,0,3,32,219,69.8
2017-08-07 13:00:00,1,20170807131,2017,8,7,13,0,0,3,32,219,59.22
2017-08-07 14:00:00,1,20170807141,2017,8,7,14,0,0,3,32,219,65.88
2017-08-07 15:00:00,1,20170807151,2017,8,7,15,0,0,3,32,219,67.82
2017-08-07 16:00:00,1,20170807161,2017,8,7,16,0,0,3,32,219,65.79
2017-08-07 17:00:00,1,20170807171,2017,8,7,17,0,0,3,32,219,65.22
2017-08-07 18:00:00,1,20170807181,2017,8,7,18,0,0,3,32,219,67.7
2017-08-07 19:00:00,1,20170807191,2017,8,7,19,0,0,3,32,219,66.85
2017-08-07 20:00:00,1,20170807201,2017,8,7,20,0,0,3,32,219,65.53
2017-08-07 21:00:00,1,20170807211,2017,8,7,21,0,0,3,32,219,57.91
2017-08-07 22:00:00,1,20170807221,2017,8,7,22,0,0,3,32,219,59.11
2017-08-07 23:00:00,1,20170807231,2017,8,7,23,0,0,3,32,219,53.75
2017-08-08 00:00:00,1,20170808001,2017,8,8,0,1,0,3,32,220,47.12
2017-08-08 01:00:00,1,20170808011,2017,8,8,1,1,0,3,32,220,39.13
2017-08-08 02:00:00,1,20170808021,2017,8,8,2,1,0,3,32,220,34.67
2017-08-08 03:00:00,1,20170808031,2017,8,8,3,1,0,3,32,220,26.05
2017-08-08 04:00:00,1,20170808041,2017,8,8,4,1,0,3,32,220,23.29
2017-08-08 05:00:00,1,20170808051,2017,8,8,5,1,0,3,32,220,23.09
2017-08-08 06:00:00,1,20170808061,2017,8,8,6,1,0,3,32,220,26.78
2017-08-08 07:00:00,1,20170808071,2017,8,8,7,1,0,3,32,220,28.82
2017-08-08 08:00:00,1,20170808081,2017,8,8,8,1,0,3,32,220,34.44
2017-08-08 09:00:00,1,20170808091,2017,8,8,9,1,0,3,32,220,38.28
2017-08-08 10:00:00,1,20170808101,2017,8,8,10,1,0,3,32,220,49.82
2017-08-08 11:00:00,1,20170808111,2017,8,8,11,1,0,3,32,220,59.89
2017-08-08 12:00:00,1,20170808121,2017,8,8,12,1,0,3,32,220,62.38
2017-08-08 13:00:00,1,20170808131,2017,8,8,13,1,0,3,32,220,55.83
2017-08-08 14:00:00,1,20170808141,2017,8,8,14,1,0,3,32,220,60.76
2017-08-08 15:00:00,1,20170808151,2017,8,8,15,1,0,3,32,220,60.65
2017-08-08 16:00:00,1,20170808161,2017,8,8,16,1,0,3,32,220,59.52
2017-08-08 17:00:00,1,20170808171,2017,8,8,17,1,0,3,32,220,59.3
2017-08-08 18:00:00,1,20170808181,2017,8,8,18,1,0,3,32,220,64.26
2017-08-08 19:00:00,1,20170808191,2017,8,8,19,1,0,3,32,220,67.65
2017-08-08 20:00:00,1,20170808201,2017,8,8,20,1,0,3,32,220,66.31
2017-08-08 21:00:00,1,20170808211,2017,8,8,21,1,0,3,32,220,58.64
2017-08-08 22:00:00,1,20170808221,2017,8,8,22,1,0,3,32,220,58.43
2017-08-08 23:00:00,1,20170808231,2017,8,8,23,1,0,3,32,220,53.83
2017-08-09 00:00:00,1,20170809001,2017,8,9,0,2,0,3,32,221,47.2
2017-08-09 01:00:00,1,20170809011,2017,8,9,1,2,0,3,32,221,39.16
2017-08-09 02:00:00,1,20170809021,2017,8,9,2,2,0,3,32,221,34.12
2017-08-09 03:00:00,1,20170809031,2017,8,9,3,2,0,3,32,221,26.6
2017-08-09 04:00:00,1,20170809041,2017,8,9,4,2,0,3,32,221,23.3
2017-08-09 05:00:00,1,20170809051,2017,8,9,5,2,0,3,32,221,24.05
2017-08-09 06:00:00,1,20170809061,2017,8,9,6,2,0,3,32,221,25.8
2017-08-09 07:00:00,1,20170809071,2017,8,9,7,2,0,3,32,221,28.75
2017-08-09 08:00:00,1,20170809081,2017,8,9,8,2,0,3,32,221,34.51
2017-08-09 09:00:00,1,20170809091,2017,8,9,9,2,0,3,32,221,39.18
2017-08-09 10:00:00,1,20170809101,2017,8,9,10,2,0,3,32,221,49.75
2017-08-09 11:00:00,1,20170809111,2017,8,9,11,2,0,3,32,221,60.43
2017-08-09 12:00:00,1,20170809121,2017,8,9,12,2,0,3,32,221,62.52
2017-08-09 13:00:00,1,20170809131,2017,8,9,13,2,0,3,32,221,55.72
2017-08-09 14:00:00,1,20170809141,2017,8,9,14,2,0,3,32,221,60.24
2017-08-09 15:00:00,1,20170809151,2017,8,9,15,2,0,3,32,221,60.41
2017-08-09 16:00:00,1,20170809161,2017,8,9,16,2,0,3,32,221,58.61
2017-08-09 17:00:00,1,20170809171,2017,8,9,17,2,0,3,32,221,58.48
2017-08-09 18:00:00,1,20170809181,2017,8,9,18,2,0,3,32,221,62.36
2017-08-09 19:00:00,1,20170809191,2017,8,9,19,2,0,3,32,221,63.49
2017-08-09 20:00:00,1,20170809201,2017,8,9,20,2,0,3,32,221,60.07
2017-08-09 21:00:00,1,20170809211,2017,8,9,21,2,0,3,32,221,56.31
2017-08-09 22:00:00,1,20170809221,2017,8,9,22,2,0,3,32,221,55.3
2017-08-09 23:00:00,1,20170809231,2017,8,9,23,2,0,3,32,221,53.22
2017-08-10 00:00:00,1,20170810001,2017,8,10,0,3,0,3,32,222,45.25
2017-08-10 01:00:00,1,20170810011,2017,8,10,1,3,0,3,32,222,38.17
2017-08-10 02:00:00,1,20170810021,2017,8,10,2,3,0,3,32,222,32.6
2017-08-10 03:00:00,1,20170810031,2017,8,10,3,3,0,3,32,222,26.71
2017-08-10 04:00:00,1,20170810041,2017,8,10,4,3,0,3,32,222,22.29
2017-08-10 05:00:00,1,20170810051,2017,8,10,5,3,0,3,32,222,23.73
2017-08-10 06:00:00,1,20170810061,2017,8,10,6,3,0,3,32,222,24.35
2017-08-10 07:00:00,1,20170810071,2017,8,10,7,3,0,3,32,222,28.46
2017-08-10 08:00:00,1,20170810081,2017,8,10,8,3,0,3,32,222,34.21
2017-08-10 09:00:00,1,20170810091,2017,8,10,9,3,0,3,32,222,38.59
2017-08-10 10:00:00,1,20170810101,2017,8,10,10,3,0,3,32,222,48.15
2017-08-10 11:00:00,1,20170810111,2017,8,10,11,3,0,3,32,222,58.98
2017-08-10 12:00:00,1,20170810121,2017,8,10,12,3,0,3,32,222,61.72
2017-08-10 13:00:00,1,20170810131,2017,8,10,13,3,0,3,32,222,53.48
2017-08-10 14:00:00,1,20170810141,2017,8,10,14,3,0,3,32,222,57.95
2017-08-10 15:00:00,1,20170810151,2017,8,10,15,3,0,3,32,222,57.22
2017-08-10 16:00:00,1,20170810161,2017,8,10,16,3,0,3,32,222,55.19
2017-08-10 17:00:00,1,20170810171,2017,8,10,17,3,0,3,32,222,56.02
2017-08-10 18:00:00,1,20170810181,2017,8,10,18,3,0,3,32,222,60.04
2017-08-10 19:00:00,1,20170810191,2017,8,10,19,3,0,3,32,222,62.05
2017-08-10 20:00:00,1,20170810201,2017,8,10,20,3,0,3,32,222,58.47
2017-08-10 21:00:00,1,20170810211,2017,8,10,21,3,0,3,32,222,53.49
2017-08-10 22:00:00,1,20170810221,2017,8,10,22,3,0,3,32,222,53.92
2017-08-10 23:00:00,1,20170810231,2017,8,10,23,3,0,3,32,222,52.37
2017-08-11 00:00:00,1,20170811001,2017,8,11,0,4,0,3,32,223,44.54
2017-08-11 01:00:00,1,20170811011,2017,8,11,1,4,0,3,32,223,36.49
2017-08-11 02:00:00,1,20170811021,2017,8,11,2,4,0,3,32,223,31.96
2017-08-11 03:00:00,1,20170811031,2017,8,11,3,4,0,3,32,223,26.72
2017-08-11 04:00:00,1,20170811041,2017,8,11,4,4,0,3,32,223,22.37
2017-08-11 05:00:00,1,20170811051,2017,8,11,5,4,0,3,32,223,22.42
2017-08-11 06:00:00,1,20170811061,2017,8,11,6,4,0,3,32,223,24.37
2017-08-11 07:00:00,1,20170811071,2017,8,11,7,4,0,3,32,223,27.64
2017-08-11 08:00:00,1,20170811081,2017,8,11,8,4,0,3,32,223,33.07
2017-08-11 09:00:00,1,20170811091,2017,8,11,9,4,0,3,32,223,38.08
2017-08-11 10:00:00,1,20170811101,2017,8,11,10,4,0,3,32,223,48.19
2017-08-11 11:00:00,1,20170811111,2017,8,11,11,4,0,3,32,223,58.72
2017-08-11 12:00:00,1,20170811121,2017,8,11,12,4,0,3,32,223,60.56
2017-08-11 13:00:00,1,20170811131,2017,8,11,13,4,0,3,32,223,50.19
2017-08-11 14:00:00,1,20170811141,2017,8,11,14,4,0,3,32,223,54.14
2017-08-11 15:00:00,1,20170811151,2017,8,11,15,4,0,3,32,223,54.28
2017-08-11 16:00:00,1,20170811161,2017,8,11,16,4,0,3,32,223,50.81
2017-08-11 17:00:00,1,20170811171,2017,8,11,17,4,0,3,32,223,53.69
2017-08-11 18:00:00,1,20170811181,2017,8,11,18,4,0,3,32,223,54.2
2017-08-11 19:00:00,1,20170811191,2017,8,11,19,4,0,3,32,223,54.17
2017-08-11 20:00:00,1,20170811201,2017,8,11,20,4,0,3,32,223,52.69
2017-08-11 21:00:00,1,20170811211,2017,8,11,21,4,0,3,32,223,48.4
2017-08-11 22:00:00,1,20170811221,2017,8,11,22,4,0,3,32,223,46.87
2017-08-11 23:00:00,1,20170811231,2017,8,11,23,4,0,3,32,223,45.27
2017-08-12 00:00:00,1,20170812001,2017,8,12,0,5,1,3,32,224,40.21
2017-08-12 01:00:00,1,20170812011,2017,8,12,1,5,1,3,32,224,33.84
2017-08-12 02:00:00,1,20170812021,2017,8,12,2,5,1,3,32,224,26.94
2017-08-12 03:00:00,1,20170812031,2017,8,12,3,5,1,3,32,224,24.14
2017-08-12 04:00:00,1,20170812041,2017,8,12,4,5,1,3,32,224,18.71
2017-08-12 05:00:00,1,20170812051,2017,8,12,5,5,1,3,32,224,16.24
2017-08-12 06:00:00,1,20170812061,2017,8,12,6,5,1,3,32,224,15.77
2017-08-12 07:00:00,1,20170812071,2017,8,12,7,5,1,3,32,224,20.11
2017-08-12 08:00:00,1,20170812081,2017,8,12,8,5,1,3,32,224,20.32
2017-08-12 09:00:00,1,20170812091,2017,8,12,9,5,1,3,32,224,23.03
2017-08-12 10:00:00,1,20170812101,2017,8,12,10,5,1,3,32,224,30.42
2017-08-12 11:00:00,1,20170812111,2017,8,12,11,5,1,3,32,224,31.68
2017-08-12 12:00:00,1,20170812121,2017,8,12,12,5,1,3,32,224,31.08
2017-08-12 13:00:00,1,20170812131,2017,8,12,13,5,1,3,32,224,28.38
2017-08-12 14:00:00,1,20170812141,2017,8,12,14,5,1,3,32,224,27.95
2017-08-12 15:00:00,1,20170812151,2017,8,12,15,5,1,3,32,224,26.83
2017-08-12 16:00:00,1,20170812161,2017,8,12,16,5,1,3,32,224,27.09
2017-08-12 17:00:00,1,20170812171,2017,8,12,17,5,1,3,32,224,27.04
2017-08-12 18:00:00,1,20170812181,2017,8,12,18,5,1,3,32,224,30.43
2017-08-12 19:00:00,1,20170812191,2017,8,12,19,5,1,3,32,224,38.87
2017-08-12 20:00:00,1,20170812201,2017,8,12,20,5,1,3,32,224,37.22
2017-08-12 21:00:00,1,20170812211,2017,8,12,21,5,1,3,32,224,34.46
2017-08-12 22:00:00,1,20170812221,2017,8,12,22,5,1,3,32,224,36.48
2017-08-12 23:00:00,1,20170812231,2017,8,12,23,5,1,3,32,224,37.24
2017-08-13 00:00:00,1,20170813001,2017,8,13,0,6,1,3,32,225,30.93
2017-08-13 01:00:00,1,20170813011,2017,8,13,1,6,1,3,32,225,24.16
2017-08-13 02:00:00,1,20170813021,2017,8,13,2,6,1,3,32,225,21.44
2017-08-13 03:00:00,1,20170813031,2017,8,13,3,6,1,3,32,225,17.88
2017-08-13 04:00:00,1,20170813041,2017,8,13,4,6,1,3,32,225,16.6
2017-08-13 05:00:00,1,20170813051,2017,8,13,5,6,1,3,32,225,16.53
2017-08-13 06:00:00,1,20170813061,2017,8,13,6,6,1,3,32,225,16.55
2017-08-13 07:00:00,1,20170813071,2017,8,13,7,6,1,3,32,225,19.42
2017-08-13 08:00:00,1,20170813081,2017,8,13,8,6,1,3,32,225,20.57
2017-08-13 09:00:00,1,20170813091,2017,8,13,9,6,1,3,32,225,23.7
2017-08-13 10:00:00,1,20170813101,2017,8,13,10,6,1,3,32,225,30.05
2017-08-13 11:00:00,1,20170813111,2017,8,13,11,6,1,3,32,225,30.92
2017-08-13 12:00:00,1,20170813121,2017,8,13,12,6,1,3,32,225,29.91
2017-08-13 13:00:00,1,20170813131,2017,8,13,13,6,1,3,32,225,28.66
2017-08-13 14:00:00,1,20170813141,2017,8,13,14,6,1,3,32,225,28.91
2017-08-13 15:00:00,1,20170813151,2017,8,13,15,6,1,3,32,225,27.68
2017-08-13 16:00:00,1,20170813161,2017,8,13,16,6,1,3,32,225,28.19
2017-08-13 17:00:00,1,20170813171,2017,8,13,17,6,1,3,32,225,28.23
2017-08-13 18:00:00,1,20170813181,2017,8,13,18,6,1,3,32,225,31.74
2017-08-13 19:00:00,1,20170813191,2017,8,13,19,6,1,3,32,225,38.33
2017-08-13 20:00:00,1,20170813201,2017,8,13,20,6,1,3,32,225,36.69
2017-08-13 21:00:00,1,20170813211,2017,8,13,21,6,1,3,32,225,34.63
2017-08-13 22:00:00,1,20170813221,2017,8,13,22,6,1,3,32,225,36.07
2017-08-13 23:00:00,1,20170813231,2017,8,13,23,6,1,3,32,225,36.53
2017-08-14 00:00:00,1,20170814001,2017,8,14,0,0,0,3,33,226,32.77
2017-08-14 01:00:00,1,20170814011,2017,8,14,1,0,0,3,33,226,29.74
2017-08-14 02:00:00,1,20170814021,2017,8,14,2,0,0,3,33,226,24.72
2017-08-14 03:00:00,1,20170814031,2017,8,14,3,0,0,3,33,226,21.38
2017-08-14 04:00:00,1,20170814041,2017,8,14,4,0,0,3,33,226,19.05
2017-08-14 05:00:00,1,20170814051,2017,8,14,5,0,0,3,33,226,19.21
2017-08-14 06:00:00,1,20170814061,2017,8,14,6,0,0,3,33,226,21.65
2017-08-14 07:00:00,1,20170814071,2017,8,14,7,0,0,3,33,226,27.23
2017-08-14 08:00:00,1,20170814081,2017,8,14,8,0,0,3,33,226,28.36
2017-08-14 09:00:00,1,20170814091,2017,8,14,9,0,0,3,33,226,32.48
2017-08-14 10:00:00,1,20170814101,2017,8,14,10,0,0,3,33,226,39.47
2017-08-14 11:00:00,1,20170814111,2017,8,14,11,0,0,3,33,226,47.77
2017-08-14 12:00:00,1,20170814121,2017,8,14,12,0,0,3,33,226,48.44
2017-08-14 13:00:00,1,20170814131,2017,8,14,13,0,0,3,33,226,39.04
2017-08-14 14:00:00,1,20170814141,2017,8,14,14,0,0,3,33,226,39.56
2017-08-14 15:00:00,1,20170814151,2017,8,14,15,0,0,3,33,226,40.14
2017-08-14 16:00:00,1,20170814161,2017,8,14,16,0,0,3,33,226,38.22
2017-08-14 17:00:00,1,20170814171,2017,8,14,17,0,0,3,33,226,42.35
2017-08-14 18:00:00,1,20170814181,2017,8,14,18,0,0,3,33,226,50.95
2017-08-14 19:00:00,1,20170814191,2017,8,14,19,0,0,3,33,226,55.12
2017-08-14 20:00:00,1,20170814201,2017,8,14,20,0,0,3,33,226,55.45
2017-08-14 21:00:00,1,20170814211,2017,8,14,21,0,0,3,33,226,53.03
2017-08-14 22:00:00,1,20170814221,2017,8,14,22,0,0,3,33,226,50.38
2017-08-14 23:00:00,1,20170814231,2017,8,14,23,0,0,3,33,226,50.55
2017-08-15 00:00:00,1,20170815001,2017,8,15,0,1,0,3,33,227,46.54
2017-08-15 01:00:00,1,20170815011,2017,8,15,1,1,0,3,33,227,37.77
2017-08-15 02:00:00,1,20170815021,2017,8,15,2,1,0,3,33,227,35.49
2017-08-15 03:00:00,1,20170815031,2017,8,15,3,1,0,3,33,227,26.15
2017-08-15 04:00:00,1,20170815041,2017,8,15,4,1,0,3,33,227,22.52
2017-08-15 05:00:00,1,20170815051,2017,8,15,5,1,0,3,33,227,21.32
2017-08-15 06:00:00,1,20170815061,2017,8,15,6,1,0,3,33,227,26.18
2017-08-15 07:00:00,1,20170815071,2017,8,15,7,1,0,3,33,227,29.64
2017-08-15 08:00:00,1,20170815081,2017,8,15,8,1,0,3,33,227,30.95
2017-08-15 09:00:00,1,20170815091,2017,8,15,9,1,0,3,33,227,36.29
2017-08-15 10:00:00,1,20170815101,2017,8,15,10,1,0,3,33,227,45.26
2017-08-15 11:00:00,1,20170815111,2017,8,15,11,1,0,3,33,227,54.04
2017-08-15 12:00:00,1,20170815121,2017,8,15,12,1,0,3,33,227,55.29
2017-08-15 13:00:00,1,20170815131,2017,8,15,13,1,0,3,33,227,48.06
2017-08-15 14:00:00,1,20170815141,2017,8,15,14,1,0,3,33,227,54.1
2017-08-15 15:00:00,1,20170815151,2017,8,15,15,1,0,3,33,227,54.74
2017-08-15 16:00:00,1,20170815161,2017,8,15,16,1,0,3,33,227,51.36
2017-08-15 17:00:00,1,20170815171,2017,8,15,17,1,0,3,33,227,52.5
2017-08-15 18:00:00,1,20170815181,2017,8,15,18,1,0,3,33,227,56.63
2017-08-15 19:00:00,1,20170815191,2017,8,15,19,1,0,3,33,227,59.66
2017-08-15 20:00:00,1,20170815201,2017,8,15,20,1,0,3,33,227,58.05
2017-08-15 21:00:00,1,20170815211,2017,8,15,21,1,0,3,33,227,53.71
2017-08-15 22:00:00,1,20170815221,2017,8,15,22,1,0,3,33,227,50.69
2017-08-15 23:00:00,1,20170815231,2017,8,15,23,1,0,3,33,227,49.51
2017-08-16 00:00:00,1,20170816001,2017,8,16,0,2,0,3,33,228,45.15
2017-08-16 01:00:00,1,20170816011,2017,8,16,1,2,0,3,33,228,38.99
2017-08-16 02:00:00,1,20170816021,2017,8,16,2,2,0,3,33,228,35.14
2017-08-16 03:00:00,1,20170816031,2017,8,16,3,2,0,3,33,228,25.98
2017-08-16 04:00:00,1,20170816041,2017,8,16,4,2,0,3,33,228,23.5
2017-08-16 05:00:00,1,20170816051,2017,8,16,5,2,0,3,33,228,22.87
2017-08-16 06:00:00,1,20170816061,2017,8,16,6,2,0,3,33,228,25.77
2017-08-16 07:00:00,1,20170816071,2017,8,16,7,2,0,3,33,228,29.7
2017-08-16 08:00:00,1,20170816081,2017,8,16,8,2,0,3,33,228,31.16
2017-08-16 09:00:00,1,20170816091,2017,8,16,9,2,0,3,33,228,36.97
2017-08-16 10:00:00,1,20170816101,2017,8,16,10,2,0,3,33,228,46.9
2017-08-16 11:00:00,1,20170816111,2017,8,16,11,2,0,3,33,228,56.11
2017-08-16 12:00:00,1,20170816121,2017,8,16,12,2,0,3,33,228,56.44
2017-08-16 13:00:00,1,20170816131,2017,8,16,13,2,0,3,33,228,49.62
2017-08-16 14:00:00,1,20170816141,2017,8,16,14,2,0,3,33,228,55.66
2017-08-16 15:00:00,1,20170816151,2017,8,16,15,2,0,3,33,228,56.38
2017-08-16 16:00:00,1,20170816161,2017,8,16,16,2,0,3,33,228,53.1
2017-08-16 17:00:00,1,20170816171,2017,8,16,17,2,0,3,33,228,53.49
2017-08-16 18:00:00,1,20170816181,2017,8,16,18,2,0,3,33,228,59.02
2017-08-16 19:00:00,1,20170816191,2017,8,16,19,2,0,3,33,228,62.38
2017-08-16 20:00:00,1,20170816201,2017,8,16,20,2,0,3,33,228,57.69
2017-08-16 21:00:00,1,20170816211,2017,8,16,21,2,0,3,33,228,53.98
2017-08-16 22:00:00,1,20170816221,2017,8,16,22,2,0,3,33,228,52.32
2017-08-16 23:00:00,1,20170816231,2017,8,16,23,2,0,3,33,228,50.4
2017-08-17 00:00:00,1,20170817001,2017,8,17,0,3,0,3,33,229,44.81
2017-08-17 01:00:00,1,20170817011,2017,8,17,1,3,0,3,33,229,40.15
2017-08-17 02:00:00,1,20170817021,2017,8,17,2,3,0,3,33,229,34.65
2017-08-17 03:00:00,1,20170817031,2017,8,17,3,3,0,3,33,229,25.53
2017-08-17 04:00:00,1,20170817041,2017,8,17,4,3,0,3,33,229,23.79
2017-08-17 05:00:00,1,20170817051,2017,8,17,5,3,0,3,33,229,23.06
2017-08-17 06:00:00,1,20170817061,2017,8,17,6,3,0,3,33,229,24.84
2017-08-17 07:00:00,1,20170817071,2017,8,17,7,3,0,3,33,229,29.77
2017-08-17 08:00:00,1,20170817081,2017,8,17,8,3,0,3,33,229,31.22
2017-08-17 09:00:00,1,20170817091,2017,8,17,9,3,0,3,33,229,38.0
2017-08-17 10:00:00,1,20170817101,2017,8,17,10,3,0,3,33,229,47.69
2017-08-17 11:00:00,1,20170817111,2017,8,17,11,3,0,3,33,229,57.0
2017-08-17 12:00:00,1,20170817121,2017,8,17,12,3,0,3,33,229,56.96
2017-08-17 13:00:00,1,20170817131,2017,8,17,13,3,0,3,33,229,51.67
2017-08-17 14:00:00,1,20170817141,2017,8,17,14,3,0,3,33,229,57.63
2017-08-17 15:00:00,1,20170817151,2017,8,17,15,3,0,3,33,229,57.5
2017-08-17 16:00:00,1,20170817161,2017,8,17,16,3,0,3,33,229,55.01
2017-08-17 17:00:00,1,20170817171,2017,8,17,17,3,0,3,33,229,54.4
2017-08-17 18:00:00,1,20170817181,2017,8,17,18,3,0,3,33,229,57.85
2017-08-17 19:00:00,1,20170817191,2017,8,17,19,3,0,3,33,229,59.86
2017-08-17 20:00:00,1,20170817201,2017,8,17,20,3,0,3,33,229,57.68
2017-08-17 21:00:00,1,20170817211,2017,8,17,21,3,0,3,33,229,53.6
2017-08-17 22:00:00,1,20170817221,2017,8,17,22,3,0,3,33,229,52.9
2017-08-17 23:00:00,1,20170817231,2017,8,17,23,3,0,3,33,229,50.86
2017-08-18 00:00:00,1,20170818001,2017,8,18,0,4,0,3,33,230,46.02
2017-08-18 01:00:00,1,20170818011,2017,8,18,1,4,0,3,33,230,40.06
2017-08-18 02:00:00,1,20170818021,2017,8,18,2,4,0,3,33,230,34.41
2017-08-18 03:00:00,1,20170818031,2017,8,18,3,4,0,3,33,230,25.23
2017-08-18 04:00:00,1,20170818041,2017,8,18,4,4,0,3,33,230,24.25
2017-08-18 05:00:00,1,20170818051,2017,8,18,5,4,0,3,33,230,23.25
2017-08-18 06:00:00,1,20170818061,2017,8,18,6,4,0,3,33,230,23.59
2017-08-18 07:00:00,1,20170818071,2017,8,18,7,4,0,3,33,230,27.86
2017-08-18 08:00:00,1,20170818081,2017,8,18,8,4,0,3,33,230,31.72
2017-08-18 09:00:00,1,20170818091,2017,8,18,9,4,0,3,33,230,37.26
2017-08-18 10:00:00,1,20170818101,2017,8,18,10,4,0,3,33,230,47.12
2017-08-18 11:00:00,1,20170818111,2017,8,18,11,4,0,3,33,230,55.73
2017-08-18 12:00:00,1,20170818121,2017,8,18,12,4,0,3,33,230,57.45
2017-08-18 13:00:00,1,20170818131,2017,8,18,13,4,0,3,33,230,49.35
2017-08-18 14:00:00,1,20170818141,2017,8,18,14,4,0,3,33,230,50.32
2017-08-18 15:00:00,1,20170818151,2017,8,18,15,4,0,3,33,230,50.74
2017-08-18 16:00:00,1,20170818161,2017,8,18,16,4,0,3,33,230,51.31
2017-08-18 17:00:00,1,20170818171,2017,8,18,17,4,0,3,33,230,52.95
2017-08-18 18:00:00,1,20170818181,2017,8,18,18,4,0,3,33,230,52.51
2017-08-18 19:00:00,1,20170818191,2017,8,18,19,4,0,3,33,230,52.53
2017-08-18 20:00:00,1,20170818201,2017,8,18,20,4,0,3,33,230,48.26
2017-08-18 21:00:00,1,20170818211,2017,8,18,21,4,0,3,33,230,46.54
2017-08-18 22:00:00,1,20170818221,2017,8,18,22,4,0,3,33,230,45.44
2017-08-18 23:00:00,1,20170818231,2017,8,18,23,4,0,3,33,230,44.68
2017-08-19 00:00:00,1,20170819001,2017,8,19,0,5,1,3,33,231,41.91
2017-08-19 01:00:00,1,20170819011,2017,8,19,1,5,1,3,33,231,31.3
2017-08-19 02:00:00,1,20170819021,2017,8,19,2,5,1,3,33,231,28.84
2017-08-19 03:00:00,1,20170819031,2017,8,19,3,5,1,3,33,231,23.99
2017-08-19 04:00:00,1,20170819041,2017,8,19,4,5,1,3,33,231,17.7
2017-08-19 05:00:00,1,20170819051,2017,8,19,5,5,1,3,33,231,16.61
2017-08-19 06:00:00,1,20170819061,2017,8,19,6,5,1,3,33,231,17.74
2017-08-19 07:00:00,1,20170819071,2017,8,19,7,5,1,3,33,231,18.53
2017-08-19 08:00:00,1,20170819081,2017,8,19,8,5,1,3,33,231,20.18
2017-08-19 09:00:00,1,20170819091,2017,8,19,9,5,1,3,33,231,24.5
2017-08-19 10:00:00,1,20170819101,2017,8,19,10,5,1,3,33,231,31.0
2017-08-19 11:00:00,1,20170819111,2017,8,19,11,5,1,3,33,231,34.03
2017-08-19 12:00:00,1,20170819121,2017,8,19,12,5,1,3,33,231,33.31
2017-08-19 13:00:00,1,20170819131,2017,8,19,13,5,1,3,33,231,36.94
2017-08-19 14:00:00,1,20170819141,2017,8,19,14,5,1,3,33,231,32.82
2017-08-19 15:00:00,1,20170819151,2017,8,19,15,5,1,3,33,231,34.32
2017-08-19 16:00:00,1,20170819161,2017,8,19,16,5,1,3,33,231,32.23
2017-08-19 17:00:00,1,20170819171,2017,8,19,17,5,1,3,33,231,33.29
2017-08-19 18:00:00,1,20170819181,2017,8,19,18,5,1,3,33,231,35.97
2017-08-19 19:00:00,1,20170819191,2017,8,19,19,5,1,3,33,231,40.46
2017-08-19 20:00:00,1,20170819201,2017,8,19,20,5,1,3,33,231,39.51
2017-08-19 21:00:00,1,20170819211,2017,8,19,21,5,1,3,33,231,39.29
2017-08-19 22:00:00,1,20170819221,2017,8,19,22,5,1,3,33,231,38.34
2017-08-19 23:00:00,1,20170819231,2017,8,19,23,5,1,3,33,231,34.32
2017-08-20 00:00:00,1,20170820001,2017,8,20,0,6,1,3,33,232,34.69
2017-08-20 01:00:00,1,20170820011,2017,8,20,1,6,1,3,33,232,26.85
2017-08-20 02:00:00,1,20170820021,2017,8,20,2,6,1,3,33,232,22.47
2017-08-20 03:00:00,1,20170820031,2017,8,20,3,6,1,3,33,232,17.1
2017-08-20 04:00:00,1,20170820041,2017,8,20,4,6,1,3,33,232,15.29
2017-08-20 05:00:00,1,20170820051,2017,8,20,5,6,1,3,33,232,16.43
2017-08-20 06:00:00,1,20170820061,2017,8,20,6,6,1,3,33,232,16.41
2017-08-20 07:00:00,1,20170820071,2017,8,20,7,6,1,3,33,232,17.53
2017-08-20 08:00:00,1,20170820081,2017,8,20,8,6,1,3,33,232,20.06
2017-08-20 09:00:00,1,20170820091,2017,8,20,9,6,1,3,33,232,25.31
2017-08-20 10:00:00,1,20170820101,2017,8,20,10,6,1,3,33,232,31.09
2017-08-20 11:00:00,1,20170820111,2017,8,20,11,6,1,3,33,232,33.83
2017-08-20 12:00:00,1,20170820121,2017,8,20,12,6,1,3,33,232,33.74
2017-08-20 13:00:00,1,20170820131,2017,8,20,13,6,1,3,33,232,34.97
2017-08-20 14:00:00,1,20170820141,2017,8,20,14,6,1,3,33,232,32.72
2017-08-20 15:00:00,1,20170820151,2017,8,20,15,6,1,3,33,232,32.57
2017-08-20 16:00:00,1,20170820161,2017,8,20,16,6,1,3,33,232,32.19
2017-08-20 17:00:00,1,20170820171,2017,8,20,17,6,1,3,33,232,33.14
2017-08-20 18:00:00,1,20170820181,2017,8,20,18,6,1,3,33,232,36.39
2017-08-20 19:00:00,1,20170820191,2017,8,20,19,6,1,3,33,232,40.92
2017-08-20 20:00:00,1,20170820201,2017,8,20,20,6,1,3,33,232,39.54
2017-08-20 21:00:00,1,20170820211,2017,8,20,21,6,1,3,33,232,39.06
2017-08-20 22:00:00,1,20170820221,2017,8,20,22,6,1,3,33,232,38.35
2017-08-20 23:00:00,1,20170820231,2017,8,20,23,6,1,3,33,232,35.11
2017-08-21 00:00:00,1,20170821001,2017,8,21,0,0,0,3,34,233,32.81
2017-08-21 01:00:00,1,20170821011,2017,8,21,1,0,0,3,34,233,27.43
2017-08-21 02:00:00,1,20170821021,2017,8,21,2,0,0,3,34,233,26.03
2017-08-21 03:00:00,1,20170821031,2017,8,21,3,0,0,3,34,233,22.54
2017-08-21 04:00:00,1,20170821041,2017,8,21,4,0,0,3,34,233,18.25
2017-08-21 05:00:00,1,20170821051,2017,8,21,5,0,0,3,34,233,18.36
2017-08-21 06:00:00,1,20170821061,2017,8,21,6,0,0,3,34,233,23.65
2017-08-21 07:00:00,1,20170821071,2017,8,21,7,0,0,3,34,233,28.46
2017-08-21 08:00:00,1,20170821081,2017,8,21,8,0,0,3,34,233,30.91
2017-08-21 09:00:00,1,20170821091,2017,8,21,9,0,0,3,34,233,35.41
2017-08-21 10:00:00,1,20170821101,2017,8,21,10,0,0,3,34,233,48.37
2017-08-21 11:00:00,1,20170821111,2017,8,21,11,0,0,3,34,233,76.79
2017-08-21 12:00:00,1,20170821121,2017,8,21,12,0,0,3,34,233,73.08
2017-08-21 13:00:00,1,20170821131,2017,8,21,13,0,0,3,34,233,57.76
2017-08-21 14:00:00,1,20170821141,2017,8,21,14,0,0,3,34,233,61.31
2017-08-21 15:00:00,1,20170821151,2017,8,21,15,0,0,3,34,233,61.1
2017-08-21 16:00:00,1,20170821161,2017,8,21,16,0,0,3,34,233,59.1
2017-08-21 17:00:00,1,20170821171,2017,8,21,17,0,0,3,34,233,58.21
2017-08-21 18:00:00,1,20170821181,2017,8,21,18,0,0,3,34,233,62.13
2017-08-21 19:00:00,1,20170821191,2017,8,21,19,0,0,3,34,233,66.4
2017-08-21 20:00:00,1,20170821201,2017,8,21,20,0,0,3,34,233,63.04
2017-08-21 21:00:00,1,20170821211,2017,8,21,21,0,0,3,34,233,57.33
2017-08-21 22:00:00,1,20170821221,2017,8,21,22,0,0,3,34,233,55.35
2017-08-21 23:00:00,1,20170821231,2017,8,21,23,0,0,3,34,233,52.33
2017-08-22 00:00:00,1,20170822001,2017,8,22,0,1,0,3,34,234,47.0
2017-08-22 01:00:00,1,20170822011,2017,8,22,1,1,0,3,34,234,40.77
2017-08-22 02:00:00,1,20170822021,2017,8,22,2,1,0,3,34,234,36.48
2017-08-22 03:00:00,1,20170822031,2017,8,22,3,1,0,3,34,234,26.13
2017-08-22 04:00:00,1,20170822041,2017,8,22,4,1,0,3,34,234,23.67
2017-08-22 05:00:00,1,20170822051,2017,8,22,5,1,0,3,34,234,22.0
2017-08-22 06:00:00,1,20170822061,2017,8,22,6,1,0,3,34,234,27.41
2017-08-22 07:00:00,1,20170822071,2017,8,22,7,1,0,3,34,234,30.21
2017-08-22 08:00:00,1,20170822081,2017,8,22,8,1,0,3,34,234,32.87
2017-08-22 09:00:00,1,20170822091,2017,8,22,9,1,0,3,34,234,40.42
2017-08-22 10:00:00,1,20170822101,2017,8,22,10,1,0,3,34,234,51.09
2017-08-22 11:00:00,1,20170822111,2017,8,22,11,1,0,3,34,234,68.41
2017-08-22 12:00:00,1,20170822121,2017,8,22,12,1,0,3,34,234,68.57
2017-08-22 13:00:00,1,20170822131,2017,8,22,13,1,0,3,34,234,57.87
2017-08-22 14:00:00,1,20170822141,2017,8,22,14,1,0,3,34,234,64.42
2017-08-22 15:00:00,1,20170822151,2017,8,22,15,1,0,3,34,234,61.89
2017-08-22 16:00:00,1,20170822161,2017,8,22,16,1,0,3,34,234,59.76
2017-08-22 17:00:00,1,20170822171,2017,8,22,17,1,0,3,34,234,59.8
2017-08-22 18:00:00,1,20170822181,2017,8,22,18,1,0,3,34,234,61.31
2017-08-22 19:00:00,1,20170822191,2017,8,22,19,1,0,3,34,234,65.27
2017-08-22 20:00:00,1,20170822201,2017,8,22,20,1,0,3,34,234,63.17
2017-08-22 21:00:00,1,20170822211,2017,8,22,21,1,0,3,34,234,59.27
2017-08-22 22:00:00,1,20170822221,2017,8,22,22,1,0,3,34,234,56.32
2017-08-22 23:00:00,1,20170822231,2017,8,22,23,1,0,3,34,234,51.06
2017-08-23 00:00:00,1,20170823001,2017,8,23,0,2,0,3,34,235,46.85
2017-08-23 01:00:00,1,20170823011,2017,8,23,1,2,0,3,34,235,40.92
2017-08-23 02:00:00,1,20170823021,2017,8,23,2,2,0,3,34,235,35.77
2017-08-23 03:00:00,1,20170823031,2017,8,23,3,2,0,3,34,235,26.36
2017-08-23 04:00:00,1,20170823041,2017,8,23,4,2,0,3,34,235,24.45
2017-08-23 05:00:00,1,20170823051,2017,8,23,5,2,0,3,34,235,22.53
2017-08-23 06:00:00,1,20170823061,2017,8,23,6,2,0,3,34,235,27.08
2017-08-23 07:00:00,1,20170823071,2017,8,23,7,2,0,3,34,235,30.08
2017-08-23 08:00:00,1,20170823081,2017,8,23,8,2,0,3,34,235,33.33
2017-08-23 09:00:00,1,20170823091,2017,8,23,9,2,0,3,34,235,41.44
2017-08-23 10:00:00,1,20170823101,2017,8,23,10,2,0,3,34,235,51.91
2017-08-23 11:00:00,1,20170823111,2017,8,23,11,2,0,3,34,235,68.38
2017-08-23 12:00:00,1,20170823121,2017,8,23,12,2,0,3,34,235,69.59
2017-08-23 13:00:00,1,20170823131,2017,8,23,13,2,0,3,34,235,57.35
2017-08-23 14:00:00,1,20170823141,2017,8,23,14,2,0,3,34,235,64.18
2017-08-23 15:00:00,1,20170823151,2017,8,23,15,2,0,3,34,235,60.99
2017-08-23 16:00:00,1,20170823161,2017,8,23,16,2,0,3,34,235,58.96
2017-08-23 17:00:00,1,20170823171,2017,8,23,17,2,0,3,34,235,60.03
2017-08-23 18:00:00,1,20170823181,2017,8,23,18,2,0,3,34,235,62.32
2017-08-23 19:00:00,1,20170823191,2017,8,23,19,2,0,3,34,235,65.58
2017-08-23 20:00:00,1,20170823201,2017,8,23,20,2,0,3,34,235,61.76
2017-08-23 21:00:00,1,20170823211,2017,8,23,21,2,0,3,34,235,58.55
2017-08-23 22:00:00,1,20170823221,2017,8,23,22,2,0,3,34,235,56.27
2017-08-23 23:00:00,1,20170823231,2017,8,23,23,2,0,3,34,235,51.42
2017-08-24 00:00:00,1,20170824001,2017,8,24,0,3,0,3,34,236,43.28
2017-08-24 01:00:00,1,20170824011,2017,8,24,1,3,0,3,34,236,39.02
2017-08-24 02:00:00,1,20170824021,2017,8,24,2,3,0,3,34,236,34.26
2017-08-24 03:00:00,1,20170824031,2017,8,24,3,3,0,3,34,236,26.47
2017-08-24 04:00:00,1,20170824041,2017,8,24,4,3,0,3,34,236,24.06
2017-08-24 05:00:00,1,20170824051,2017,8,24,5,3,0,3,34,236,20.9
2017-08-24 06:00:00,1,20170824061,2017,8,24,6,3,0,3,34,236,25.46
2017-08-24 07:00:00,1,20170824071,2017,8,24,7,3,0,3,34,236,29.88
2017-08-24 08:00:00,1,20170824081,2017,8,24,8,3,0,3,34,236,33.57
2017-08-24 09:00:00,1,20170824091,2017,8,24,9,3,0,3,34,236,41.38
2017-08-24 10:00:00,1,20170824101,2017,8,24,10,3,0,3,34,236,50.07
2017-08-24 11:00:00,1,20170824111,2017,8,24,11,3,0,3,34,236,66.3
2017-08-24 12:00:00,1,20170824121,2017,8,24,12,3,0,3,34,236,68.18
2017-08-24 13:00:00,1,20170824131,2017,8,24,13,3,0,3,34,236,56.46
2017-08-24 14:00:00,1,20170824141,2017,8,24,14,3,0,3,34,236,61.4
2017-08-24 15:00:00,1,20170824151,2017,8,24,15,3,0,3,34,236,58.3
2017-08-24 16:00:00,1,20170824161,2017,8,24,16,3,0,3,34,236,57.04
2017-08-24 17:00:00,1,20170824171,2017,8,24,17,3,0,3,34,236,57.22
2017-08-24 18:00:00,1,20170824181,2017,8,24,18,3,0,3,34,236,61.17
2017-08-24 19:00:00,1,20170824191,2017,8,24,19,3,0,3,34,236,64.54
2017-08-24 20:00:00,1,20170824201,2017,8,24,20,3,0,3,34,236,62.73
2017-08-24 21:00:00,1,20170824211,2017,8,24,21,3,0,3,34,236,58.04
2017-08-24 22:00:00,1,20170824221,2017,8,24,22,3,0,3,34,236,55.96
2017-08-24 23:00:00,1,20170824231,2017,8,24,23,3,0,3,34,236,50.6
2017-08-25 00:00:00,1,20170825001,2017,8,25,0,4,0,3,34,237,40.81
2017-08-25 01:00:00,1,20170825011,2017,8,25,1,4,0,3,34,237,34.13
2017-08-25 02:00:00,1,20170825021,2017,8,25,2,4,0,3,34,237,22.96
2017-08-25 03:00:00,1,20170825031,2017,8,25,3,4,0,3,34,237,26.37
2017-08-25 04:00:00,1,20170825041,2017,8,25,4,4,0,3,34,237,23.32
2017-08-25 05:00:00,1,20170825051,2017,8,25,5,4,0,3,34,237,21.32
2017-08-25 06:00:00,1,20170825061,2017,8,25,6,4,0,3,34,237,24.81
2017-08-25 07:00:00,1,20170825071,2017,8,25,7,4,0,3,34,237,28.77
2017-08-25 08:00:00,1,20170825081,2017,8,25,8,4,0,3,34,237,33.82
2017-08-25 09:00:00,1,20170825091,2017,8,25,9,4,0,3,34,237,39.95
2017-08-25 10:00:00,1,20170825101,2017,8,25,10,4,0,3,34,237,50.53
2017-08-25 11:00:00,1,20170825111,2017,8,25,11,4,0,3,34,237,61.34
2017-08-25 12:00:00,1,20170825121,2017,8,25,12,4,0,3,34,237,63.3
2017-08-25 13:00:00,1,20170825131,2017,8,25,13,4,0,3,34,237,55.23
2017-08-25 14:00:00,1,20170825141,2017,8,25,14,4,0,3,34,237,57.83
2017-08-25 15:00:00,1,20170825151,2017,8,25,15,4,0,3,34,237,58.77
2017-08-25 16:00:00,1,20170825161,2017,8,25,16,4,0,3,34,237,53.5
2017-08-25 17:00:00,1,20170825171,2017,8,25,17,4,0,3,34,237,52.33
2017-08-25 18:00:00,1,20170825181,2017,8,25,18,4,0,3,34,237,57.54
2017-08-25 19:00:00,1,20170825191,2017,8,25,19,4,0,3,34,237,57.51
2017-08-25 20:00:00,1,20170825201,2017,8,25,20,4,0,3,34,237,55.73
2017-08-25 21:00:00,1,20170825211,2017,8,25,21,4,0,3,34,237,47.71
2017-08-25 22:00:00,1,20170825221,2017,8,25,22,4,0,3,34,237,47.74
2017-08-25 23:00:00,1,20170825231,2017,8,25,23,4,0,3,34,237,47.65
2017-08-26 00:00:00,1,20170826001,2017,8,26,0,5,1,3,34,238,39.01
2017-08-26 01:00:00,1,20170826011,2017,8,26,1,5,1,3,34,238,31.2
2017-08-26 02:00:00,1,20170826021,2017,8,26,2,5,1,3,34,238,29.17
2017-08-26 03:00:00,1,20170826031,2017,8,26,3,5,1,3,34,238,24.54
2017-08-26 04:00:00,1,20170826041,2017,8,26,4,5,1,3,34,238,20.35
2017-08-26 05:00:00,1,20170826051,2017,8,26,5,5,1,3,34,238,16.61
2017-08-26 06:00:00,1,20170826061,2017,8,26,6,5,1,3,34,238,17.21
2017-08-26 07:00:00,1,20170826071,2017,8,26,7,5,1,3,34,238,19.6
2017-08-26 08:00:00,1,20170826081,2017,8,26,8,5,1,3,34,238,21.43
2017-08-26 09:00:00,1,20170826091,2017,8,26,9,5,1,3,34,238,27.29
2017-08-26 10:00:00,1,20170826101,2017,8,26,10,5,1,3,34,238,33.87
2017-08-26 11:00:00,1,20170826111,2017,8,26,11,5,1,3,34,238,35.78
2017-08-26 12:00:00,1,20170826121,2017,8,26,12,5,1,3,34,238,35.36
2017-08-26 13:00:00,1,20170826131,2017,8,26,13,5,1,3,34,238,35.07
2017-08-26 14:00:00,1,20170826141,2017,8,26,14,5,1,3,34,238,32.49
2017-08-26 15:00:00,1,20170826151,2017,8,26,15,5,1,3,34,238,34.65
2017-08-26 16:00:00,1,20170826161,2017,8,26,16,5,1,3,34,238,30.99
2017-08-26 17:00:00,1,20170826171,2017,8,26,17,5,1,3,34,238,32.03
2017-08-26 18:00:00,1,20170826181,2017,8,26,18,5,1,3,34,238,39.1
2017-08-26 19:00:00,1,20170826191,2017,8,26,19,5,1,3,34,238,42.49
2017-08-26 20:00:00,1,20170826201,2017,8,26,20,5,1,3,34,238,45.23
2017-08-26 21:00:00,1,20170826211,2017,8,26,21,5,1,3,34,238,43.98
2017-08-26 22:00:00,1,20170826221,2017,8,26,22,5,1,3,34,238,39.14
2017-08-26 23:00:00,1,20170826231,2017,8,26,23,5,1,3,34,238,37.06
2017-08-27 00:00:00,1,20170827001,2017,8,27,0,6,1,3,34,239,34.66
2017-08-27 01:00:00,1,20170827011,2017,8,27,1,6,1,3,34,239,26.61
2017-08-27 02:00:00,1,20170827021,2017,8,27,2,6,1,3,34,239,22.28
2017-08-27 03:00:00,1,20170827031,2017,8,27,3,6,1,3,34,239,19.55
2017-08-27 04:00:00,1,20170827041,2017,8,27,4,6,1,3,34,239,18.9
2017-08-27 05:00:00,1,20170827051,2017,8,27,5,6,1,3,34,239,15.69
2017-08-27 06:00:00,1,20170827061,2017,8,27,6,6,1,3,34,239,17.31
2017-08-27 07:00:00,1,20170827071,2017,8,27,7,6,1,3,34,239,19.7
2017-08-27 08:00:00,1,20170827081,2017,8,27,8,6,1,3,34,239,21.6
2017-08-27 09:00:00,1,20170827091,2017,8,27,9,6,1,3,34,239,27.78
2017-08-27 10:00:00,1,20170827101,2017,8,27,10,6,1,3,34,239,34.25
2017-08-27 11:00:00,1,20170827111,2017,8,27,11,6,1,3,34,239,35.8
2017-08-27 12:00:00,1,20170827121,2017,8,27,12,6,1,3,34,239,34.83
2017-08-27 13:00:00,1,20170827131,2017,8,27,13,6,1,3,34,239,34.73
2017-08-27 14:00:00,1,20170827141,2017,8,27,14,6,1,3,34,239,32.34
2017-08-27 15:00:00,1,20170827151,2017,8,27,15,6,1,3,34,239,31.94
2017-08-27 16:00:00,1,20170827161,2017,8,27,16,6,1,3,34,239,31.03
2017-08-27 17:00:00,1,20170827171,2017,8,27,17,6,1,3,34,239,32.36
2017-08-27 18:00:00,1,20170827181,2017,8,27,18,6,1,3,34,239,40.1
2017-08-27 19:00:00,1,20170827191,2017,8,27,19,6,1,3,34,239,42.97
2017-08-27 20:00:00,1,20170827201,2017,8,27,20,6,1,3,34,239,45.2
2017-08-27 21:00:00,1,20170827211,2017,8,27,21,6,1,3,34,239,44.36
2017-08-27 22:00:00,1,20170827221,2017,8,27,22,6,1,3,34,239,40.86
2017-08-27 23:00:00,1,20170827231,2017,8,27,23,6,1,3,34,239,38.66
2017-08-28 00:00:00,1,20170828001,2017,8,28,0,0,0,3,35,240,37.7
2017-08-28 01:00:00,1,20170828011,2017,8,28,1,0,0,3,35,240,29.81
2017-08-28 02:00:00,1,20170828021,2017,8,28,2,0,0,3,35,240,23.68
2017-08-28 03:00:00,1,20170828031,2017,8,28,3,0,0,3,35,240,22.37
2017-08-28 04:00:00,1,20170828041,2017,8,28,4,0,0,3,35,240,18.97
2017-08-28 05:00:00,1,20170828051,2017,8,28,5,0,0,3,35,240,20.88
2017-08-28 06:00:00,1,20170828061,2017,8,28,6,0,0,3,35,240,24.35
2017-08-28 07:00:00,1,20170828071,2017,8,28,7,0,0,3,35,240,26.96
2017-08-28 08:00:00,1,20170828081,2017,8,28,8,0,0,3,35,240,32.8
2017-08-28 09:00:00,1,20170828091,2017,8,28,9,0,0,3,35,240,37.77
2017-08-28 10:00:00,1,20170828101,2017,8,28,10,0,0,3,35,240,52.19
2017-08-28 11:00:00,1,20170828111,2017,8,28,11,0,0,3,35,240,78.96
2017-08-28 12:00:00,1,20170828121,2017,8,28,12,0,0,3,35,240,74.43
2017-08-28 13:00:00,1,20170828131,2017,8,28,13,0,0,3,35,240,62.75
2017-08-28 14:00:00,1,20170828141,2017,8,28,14,0,0,3,35,240,66.52
2017-08-28 15:00:00,1,20170828151,2017,8,28,15,0,0,3,35,240,65.3
2017-08-28 16:00:00,1,20170828161,2017,8,28,16,0,0,3,35,240,63.39
2017-08-28 17:00:00,1,20170828171,2017,8,28,17,0,0,3,35,240,63.92
2017-08-28 18:00:00,1,20170828181,2017,8,28,18,0,0,3,35,240,64.77
2017-08-28 19:00:00,1,20170828191,2017,8,28,19,0,0,3,35,240,66.83
2017-08-28 20:00:00,1,20170828201,2017,8,28,20,0,0,3,35,240,62.99
2017-08-28 21:00:00,1,20170828211,2017,8,28,21,0,0,3,35,240,59.06
2017-08-28 22:00:00,1,20170828221,2017,8,28,22,0,0,3,35,240,58.81
2017-08-28 23:00:00,1,20170828231,2017,8,28,23,0,0,3,35,240,57.43
2017-08-29 00:00:00,1,20170829001,2017,8,29,0,1,0,3,35,241,47.25
2017-08-29 01:00:00,1,20170829011,2017,8,29,1,1,0,3,35,241,40.42
2017-08-29 02:00:00,1,20170829021,2017,8,29,2,1,0,3,35,241,30.93
2017-08-29 03:00:00,1,20170829031,2017,8,29,3,1,0,3,35,241,28.16
2017-08-29 04:00:00,1,20170829041,2017,8,29,4,1,0,3,35,241,25.41
2017-08-29 05:00:00,1,20170829051,2017,8,29,5,1,0,3,35,241,23.61
2017-08-29 06:00:00,1,20170829061,2017,8,29,6,1,0,3,35,241,25.55
2017-08-29 07:00:00,1,20170829071,2017,8,29,7,1,0,3,35,241,29.52
2017-08-29 08:00:00,1,20170829081,2017,8,29,8,1,0,3,35,241,33.19
2017-08-29 09:00:00,1,20170829091,2017,8,29,9,1,0,3,35,241,39.18
2017-08-29 10:00:00,1,20170829101,2017,8,29,10,1,0,3,35,241,51.99
2017-08-29 11:00:00,1,20170829111,2017,8,29,11,1,0,3,35,241,63.85
2017-08-29 12:00:00,1,20170829121,2017,8,29,12,1,0,3,35,241,63.56
2017-08-29 13:00:00,1,20170829131,2017,8,29,13,1,0,3,35,241,56.5
2017-08-29 14:00:00,1,20170829141,2017,8,29,14,1,0,3,35,241,60.71
2017-08-29 15:00:00,1,20170829151,2017,8,29,15,1,0,3,35,241,59.3
2017-08-29 16:00:00,1,20170829161,2017,8,29,16,1,0,3,35,241,58.16
2017-08-29 17:00:00,1,20170829171,2017,8,29,17,1,0,3,35,241,59.1
2017-08-29 18:00:00,1,20170829181,2017,8,29,18,1,0,3,35,241,63.3
2017-08-29 19:00:00,1,20170829191,2017,8,29,19,1,0,3,35,241,66.64
2017-08-29 20:00:00,1,20170829201,2017,8,29,20,1,0,3,35,241,61.52
2017-08-29 21:00:00,1,20170829211,2017,8,29,21,1,0,3,35,241,58.54
2017-08-29 22:00:00,1,20170829221,2017,8,29,22,1,0,3,35,241,57.55
2017-08-29 23:00:00,1,20170829231,2017,8,29,23,1,0,3,35,241,56.56
2017-08-30 00:00:00,1,20170830001,2017,8,30,0,2,0,3,35,242,47.2
2017-08-30 01:00:00,1,20170830011,2017,8,30,1,2,0,3,35,242,40.5
2017-08-30 02:00:00,1,20170830021,2017,8,30,2,2,0,3,35,242,31.63
2017-08-30 03:00:00,1,20170830031,2017,8,30,3,2,0,3,35,242,27.49
2017-08-30 04:00:00,1,20170830041,2017,8,30,4,2,0,3,35,242,25.15
2017-08-30 05:00:00,1,20170830051,2017,8,30,5,2,0,3,35,242,23.94
2017-08-30 06:00:00,1,20170830061,2017,8,30,6,2,0,3,35,242,25.92
2017-08-30 07:00:00,1,20170830071,2017,8,30,7,2,0,3,35,242,29.21
2017-08-30 08:00:00,1,20170830081,2017,8,30,8,2,0,3,35,242,33.14
2017-08-30 09:00:00,1,20170830091,2017,8,30,9,2,0,3,35,242,39.3
2017-08-30 10:00:00,1,20170830101,2017,8,30,10,2,0,3,35,242,51.73
2017-08-30 11:00:00,1,20170830111,2017,8,30,11,2,0,3,35,242,65.51
2017-08-30 12:00:00,1,20170830121,2017,8,30,12,2,0,3,35,242,66.2
2017-08-30 13:00:00,1,20170830131,2017,8,30,13,2,0,3,35,242,56.84
2017-08-30 14:00:00,1,20170830141,2017,8,30,14,2,0,3,35,242,60.49
2017-08-30 15:00:00,1,20170830151,2017,8,30,15,2,0,3,35,242,59.34
2017-08-30 16:00:00,1,20170830161,2017,8,30,16,2,0,3,35,242,57.46
2017-08-30 17:00:00,1,20170830171,2017,8,30,17,2,0,3,35,242,58.96
2017-08-30 18:00:00,1,20170830181,2017,8,30,18,2,0,3,35,242,63.93
2017-08-30 19:00:00,1,20170830191,2017,8,30,19,2,0,3,35,242,66.5
2017-08-30 20:00:00,1,20170830201,2017,8,30,20,2,0,3,35,242,60.93
2017-08-30 21:00:00,1,20170830211,2017,8,30,21,2,0,3,35,242,58.52
2017-08-30 22:00:00,1,20170830221,2017,8,30,22,2,0,3,35,242,57.9
2017-08-30 23:00:00,1,20170830231,2017,8,30,23,2,0,3,35,242,56.42
2017-08-31 00:00:00,1,20170831001,2017,8,31,0,3,0,3,35,243,45.1
2017-08-31 01:00:00,1,20170831011,2017,8,31,1,3,0,3,35,243,40.05
2017-08-31 02:00:00,1,20170831021,2017,8,31,2,3,0,3,35,243,31.58
2017-08-31 03:00:00,1,20170831031,2017,8,31,3,3,0,3,35,243,26.89
2017-08-31 04:00:00,1,20170831041,2017,8,31,4,3,0,3,35,243,24.07
2017-08-31 05:00:00,1,20170831051,2017,8,31,5,3,0,3,35,243,22.91
2017-08-31 06:00:00,1,20170831061,2017,8,31,6,3,0,3,35,243,25.79
2017-08-31 07:00:00,1,20170831071,2017,8,31,7,3,0,3,35,243,29.38
2017-08-31 08:00:00,1,20170831081,2017,8,31,8,3,0,3,35,243,33.21
2017-08-31 09:00:00,1,20170831091,2017,8,31,9,3,0,3,35,243,39.32
2017-08-31 10:00:00,1,20170831101,2017,8,31,10,3,0,3,35,243,50.75
2017-08-31 11:00:00,1,20170831111,2017,8,31,11,3,0,3,35,243,65.49
2017-08-31 12:00:00,1,20170831121,2017,8,31,12,3,0,3,35,243,66.7
2017-08-31 13:00:00,1,20170831131,2017,8,31,13,3,0,3,35,243,56.7
2017-08-31 14:00:00,1,20170831141,2017,8,31,14,3,0,3,35,243,61.09
2017-08-31 15:00:00,1,20170831151,2017,8,31,15,3,0,3,35,243,60.2
2017-08-31 16:00:00,1,20170831161,2017,8,31,16,3,0,3,35,243,57.0
2017-08-31 17:00:00,1,20170831171,2017,8,31,17,3,0,3,35,243,57.32
2017-08-31 18:00:00,1,20170831181,2017,8,31,18,3,0,3,35,243,63.43
2017-08-31 19:00:00,1,20170831191,2017,8,31,19,3,0,3,35,243,65.9
2017-08-31 20:00:00,1,20170831201,2017,8,31,20,3,0,3,35,243,62.28
2017-08-31 21:00:00,1,20170831211,2017,8,31,21,3,0,3,35,243,61.39
2017-08-31 22:00:00,1,20170831221,2017,8,31,22,3,0,3,35,243,60.3
2017-08-31 23:00:00,1,20170831231,2017,8,31,23,3,0,3,35,243,57.28
2017-09-01 00:00:00,1,20170901001,2017,9,1,0,4,0,3,35,244,51.48
2017-09-01 01:00:00,1,20170901011,2017,9,1,1,4,0,3,35,244,41.47
2017-09-01 02:00:00,1,20170901021,2017,9,1,2,4,0,3,35,244,35.45
2017-09-01 03:00:00,1,20170901031,2017,9,1,3,4,0,3,35,244,27.77
2017-09-01 04:00:00,1,20170901041,2017,9,1,4,4,0,3,35,244,23.46
2017-09-01 05:00:00,1,20170901051,2017,9,1,5,4,0,3,35,244,23.37
2017-09-01 06:00:00,1,20170901061,2017,9,1,6,4,0,3,35,244,27.14
2017-09-01 07:00:00,1,20170901071,2017,9,1,7,4,0,3,35,244,32.69
2017-09-01 08:00:00,1,20170901081,2017,9,1,8,4,0,3,35,244,35.52
2017-09-01 09:00:00,1,20170901091,2017,9,1,9,4,0,3,35,244,40.88
2017-09-01 10:00:00,1,20170901101,2017,9,1,10,4,0,3,35,244,51.38
2017-09-01 11:00:00,1,20170901111,2017,9,1,11,4,0,3,35,244,63.3
2017-09-01 12:00:00,1,20170901121,2017,9,1,12,4,0,3,35,244,64.31
2017-09-01 13:00:00,1,20170901131,2017,9,1,13,4,0,3,35,244,54.71
2017-09-01 14:00:00,1,20170901141,2017,9,1,14,4,0,3,35,244,61.31
2017-09-01 15:00:00,1,20170901151,2017,9,1,15,4,0,3,35,244,59.18
2017-09-01 16:00:00,1,20170901161,2017,9,1,16,4,0,3,35,244,56.74
2017-09-01 17:00:00,1,20170901171,2017,9,1,17,4,0,3,35,244,55.08
2017-09-01 18:00:00,1,20170901181,2017,9,1,18,4,0,3,35,244,58.36
2017-09-01 19:00:00,1,20170901191,2017,9,1,19,4,0,3,35,244,57.6
2017-09-01 20:00:00,1,20170901201,2017,9,1,20,4,0,3,35,244,55.06
2017-09-01 21:00:00,1,20170901211,2017,9,1,21,4,0,3,35,244,50.58
2017-09-01 22:00:00,1,20170901221,2017,9,1,22,4,0,3,35,244,45.88
2017-09-01 23:00:00,1,20170901231,2017,9,1,23,4,0,3,35,244,46.53
2017-09-02 00:00:00,1,20170902001,2017,9,2,0,5,1,3,35,245,47.06
2017-09-02 01:00:00,1,20170902011,2017,9,2,1,5,1,3,35,245,34.81
2017-09-02 02:00:00,1,20170902021,2017,9,2,2,5,1,3,35,245,30.44
2017-09-02 03:00:00,1,20170902031,2017,9,2,3,5,1,3,35,245,25.42
2017-09-02 04:00:00,1,20170902041,2017,9,2,4,5,1,3,35,245,18.41
2017-09-02 05:00:00,1,20170902051,2017,9,2,5,5,1,3,35,245,17.9
2017-09-02 06:00:00,1,20170902061,2017,9,2,6,5,1,3,35,245,19.84
2017-09-02 07:00:00,1,20170902071,2017,9,2,7,5,1,3,35,245,19.33
2017-09-02 08:00:00,1,20170902081,2017,9,2,8,5,1,3,35,245,23.12
2017-09-02 09:00:00,1,20170902091,2017,9,2,9,5,1,3,35,245,27.42
2017-09-02 10:00:00,1,20170902101,2017,9,2,10,5,1,3,35,245,33.36
2017-09-02 11:00:00,1,20170902111,2017,9,2,11,5,1,3,35,245,36.91
2017-09-02 12:00:00,1,20170902121,2017,9,2,12,5,1,3,35,245,36.8
2017-09-02 13:00:00,1,20170902131,2017,9,2,13,5,1,3,35,245,35.94
2017-09-02 14:00:00,1,20170902141,2017,9,2,14,5,1,3,35,245,32.68
2017-09-02 15:00:00,1,20170902151,2017,9,2,15,5,1,3,35,245,34.49
2017-09-02 16:00:00,1,20170902161,2017,9,2,16,5,1,3,35,245,30.25
2017-09-02 17:00:00,1,20170902171,2017,9,2,17,5,1,3,35,245,31.73
2017-09-02 18:00:00,1,20170902181,2017,9,2,18,5,1,3,35,245,38.18
2017-09-02 19:00:00,1,20170902191,2017,9,2,19,5,1,3,35,245,38.43
2017-09-02 20:00:00,1,20170902201,2017,9,2,20,5,1,3,35,245,38.02
2017-09-02 21:00:00,1,20170902211,2017,9,2,21,5,1,3,35,245,38.76
2017-09-02 22:00:00,1,20170902221,2017,9,2,22,5,1,3,35,245,36.86
2017-09-02 23:00:00,1,20170902231,2017,9,2,23,5,1,3,35,245,35.98
2017-09-03 00:00:00,1,20170903001,2017,9,3,0,6,1,3,35,246,34.12
2017-09-03 01:00:00,1,20170903011,2017,9,3,1,6,1,3,35,246,25.01
2017-09-03 02:00:00,1,20170903021,2017,9,3,2,6,1,3,35,246,23.34
2017-09-03 03:00:00,1,20170903031,2017,9,3,3,6,1,3,35,246,20.63
2017-09-03 04:00:00,1,20170903041,2017,9,3,4,6,1,3,35,246,16.63
2017-09-03 05:00:00,1,20170903051,2017,9,3,5,6,1,3,35,246,15.66
2017-09-03 06:00:00,1,20170903061,2017,9,3,6,6,1,3,35,246,15.91
2017-09-03 07:00:00,1,20170903071,2017,9,3,7,6,1,3,35,246,18.53
2017-09-03 08:00:00,1,20170903081,2017,9,3,8,6,1,3,35,246,22.51
2017-09-03 09:00:00,1,20170903091,2017,9,3,9,6,1,3,35,246,27.22
2017-09-03 10:00:00,1,20170903101,2017,9,3,10,6,1,3,35,246,31.24
2017-09-03 11:00:00,1,20170903111,2017,9,3,11,6,1,3,35,246,33.84
2017-09-03 12:00:00,1,20170903121,2017,9,3,12,6,1,3,35,246,34.28
2017-09-03 13:00:00,1,20170903131,2017,9,3,13,6,1,3,35,246,35.29
2017-09-03 14:00:00,1,20170903141,2017,9,3,14,6,1,3,35,246,32.27
2017-09-03 15:00:00,1,20170903151,2017,9,3,15,6,1,3,35,246,32.96
2017-09-03 16:00:00,1,20170903161,2017,9,3,16,6,1,3,35,246,30.95
2017-09-03 17:00:00,1,20170903171,2017,9,3,17,6,1,3,35,246,32.75
2017-09-03 18:00:00,1,20170903181,2017,9,3,18,6,1,3,35,246,38.43
2017-09-03 19:00:00,1,20170903191,2017,9,3,19,6,1,3,35,246,38.67
2017-09-03 20:00:00,1,20170903201,2017,9,3,20,6,1,3,35,246,37.79
2017-09-03 21:00:00,1,20170903211,2017,9,3,21,6,1,3,35,246,38.53
2017-09-03 22:00:00,1,20170903221,2017,9,3,22,6,1,3,35,246,37.18
2017-09-03 23:00:00,1,20170903231,2017,9,3,23,6,1,3,35,246,36.59
2017-09-04 00:00:00,1,20170904001,2017,9,4,0,0,0,3,36,247,35.86
2017-09-04 01:00:00,1,20170904011,2017,9,4,1,0,0,3,36,247,31.1
2017-09-04 02:00:00,1,20170904021,2017,9,4,2,0,0,3,36,247,25.2
2017-09-04 03:00:00,1,20170904031,2017,9,4,3,0,0,3,36,247,22.78
2017-09-04 04:00:00,1,20170904041,2017,9,4,4,0,0,3,36,247,20.14
2017-09-04 05:00:00,1,20170904051,2017,9,4,5,0,0,3,36,247,18.17
2017-09-04 06:00:00,1,20170904061,2017,9,4,6,0,0,3,36,247,22.92
2017-09-04 07:00:00,1,20170904071,2017,9,4,7,0,0,3,36,247,26.16
2017-09-04 08:00:00,1,20170904081,2017,9,4,8,0,0,3,36,247,31.35
2017-09-04 09:00:00,1,20170904091,2017,9,4,9,0,0,3,36,247,34.21
2017-09-04 10:00:00,1,20170904101,2017,9,4,10,0,0,3,36,247,43.78
2017-09-04 11:00:00,1,20170904111,2017,9,4,11,0,0,3,36,247,51.49
2017-09-04 12:00:00,1,20170904121,2017,9,4,12,0,0,3,36,247,52.56
2017-09-04 13:00:00,1,20170904131,2017,9,4,13,0,0,3,36,247,47.29
2017-09-04 14:00:00,1,20170904141,2017,9,4,14,0,0,3,36,247,47.99
2017-09-04 15:00:00,1,20170904151,2017,9,4,15,0,0,3,36,247,46.26
2017-09-04 16:00:00,1,20170904161,2017,9,4,16,0,0,3,36,247,46.54
2017-09-04 17:00:00,1,20170904171,2017,9,4,17,0,0,3,36,247,47.92
2017-09-04 18:00:00,1,20170904181,2017,9,4,18,0,0,3,36,247,51.88
2017-09-04 19:00:00,1,20170904191,2017,9,4,19,0,0,3,36,247,54.71
2017-09-04 20:00:00,1,20170904201,2017,9,4,20,0,0,3,36,247,55.29
2017-09-04 21:00:00,1,20170904211,2017,9,4,21,0,0,3,36,247,53.38
2017-09-04 22:00:00,1,20170904221,2017,9,4,22,0,0,3,36,247,51.1
2017-09-04 23:00:00,1,20170904231,2017,9,4,23,0,0,3,36,247,49.13
2017-09-05 00:00:00,1,20170905001,2017,9,5,0,1,0,3,36,248,42.16
2017-09-05 01:00:00,1,20170905011,2017,9,5,1,1,0,3,36,248,35.94
2017-09-05 02:00:00,1,20170905021,2017,9,5,2,1,0,3,36,248,32.23
2017-09-05 03:00:00,1,20170905031,2017,9,5,3,1,0,3,36,248,24.58
2017-09-05 04:00:00,1,20170905041,2017,9,5,4,1,0,3,36,248,23.12
2017-09-05 05:00:00,1,20170905051,2017,9,5,5,1,0,3,36,248,22.87
2017-09-05 06:00:00,1,20170905061,2017,9,5,6,1,0,3,36,248,26.4
2017-09-05 07:00:00,1,20170905071,2017,9,5,7,1,0,3,36,248,27.84
2017-09-05 08:00:00,1,20170905081,2017,9,5,8,1,0,3,36,248,33.19
2017-09-05 09:00:00,1,20170905091,2017,9,5,9,1,0,3,36,248,40.47
2017-09-05 10:00:00,1,20170905101,2017,9,5,10,1,0,3,36,248,46.42
2017-09-05 11:00:00,1,20170905111,2017,9,5,11,1,0,3,36,248,54.59
2017-09-05 12:00:00,1,20170905121,2017,9,5,12,1,0,3,36,248,59.09
2017-09-05 13:00:00,1,20170905131,2017,9,5,13,1,0,3,36,248,51.64
2017-09-05 14:00:00,1,20170905141,2017,9,5,14,1,0,3,36,248,53.24
2017-09-05 15:00:00,1,20170905151,2017,9,5,15,1,0,3,36,248,52.04
2017-09-05 16:00:00,1,20170905161,2017,9,5,16,1,0,3,36,248,51.89
2017-09-05 17:00:00,1,20170905171,2017,9,5,17,1,0,3,36,248,52.88
2017-09-05 18:00:00,1,20170905181,2017,9,5,18,1,0,3,36,248,54.78
2017-09-05 19:00:00,1,20170905191,2017,9,5,19,1,0,3,36,248,59.14
2017-09-05 20:00:00,1,20170905201,2017,9,5,20,1,0,3,36,248,58.28
2017-09-05 21:00:00,1,20170905211,2017,9,5,21,1,0,3,36,248,56.26
2017-09-05 22:00:00,1,20170905221,2017,9,5,22,1,0,3,36,248,52.82
2017-09-05 23:00:00,1,20170905231,2017,9,5,23,1,0,3,36,248,48.54
2017-09-06 00:00:00,1,20170906001,2017,9,6,0,2,0,3,36,249,42.06
2017-09-06 01:00:00,1,20170906011,2017,9,6,1,2,0,3,36,249,36.91
2017-09-06 02:00:00,1,20170906021,2017,9,6,2,2,0,3,36,249,32.22
2017-09-06 03:00:00,1,20170906031,2017,9,6,3,2,0,3,36,249,24.85
2017-09-06 04:00:00,1,20170906041,2017,9,6,4,2,0,3,36,249,23.55
2017-09-06 05:00:00,1,20170906051,2017,9,6,5,2,0,3,36,249,23.69
2017-09-06 06:00:00,1,20170906061,2017,9,6,6,2,0,3,36,249,26.6
2017-09-06 07:00:00,1,20170906071,2017,9,6,7,2,0,3,36,249,28.9
2017-09-06 08:00:00,1,20170906081,2017,9,6,8,2,0,3,36,249,33.52
2017-09-06 09:00:00,1,20170906091,2017,9,6,9,2,0,3,36,249,41.29
2017-09-06 10:00:00,1,20170906101,2017,9,6,10,2,0,3,36,249,47.35
2017-09-06 11:00:00,1,20170906111,2017,9,6,11,2,0,3,36,249,60.3
2017-09-06 12:00:00,1,20170906121,2017,9,6,12,2,0,3,36,249,63.89
2017-09-06 13:00:00,1,20170906131,2017,9,6,13,2,0,3,36,249,56.4
2017-09-06 14:00:00,1,20170906141,2017,9,6,14,2,0,3,36,249,59.83
2017-09-06 15:00:00,1,20170906151,2017,9,6,15,2,0,3,36,249,59.48
2017-09-06 16:00:00,1,20170906161,2017,9,6,16,2,0,3,36,249,58.09
2017-09-06 17:00:00,1,20170906171,2017,9,6,17,2,0,3,36,249,58.8
2017-09-06 18:00:00,1,20170906181,2017,9,6,18,2,0,3,36,249,60.9
2017-09-06 19:00:00,1,20170906191,2017,9,6,19,2,0,3,36,249,63.42
2017-09-06 20:00:00,1,20170906201,2017,9,6,20,2,0,3,36,249,59.48
2017-09-06 21:00:00,1,20170906211,2017,9,6,21,2,0,3,36,249,58.18
2017-09-06 22:00:00,1,20170906221,2017,9,6,22,2,0,3,36,249,56.92
2017-09-06 23:00:00,1,20170906231,2017,9,6,23,2,0,3,36,249,50.71
2017-09-07 00:00:00,1,20170907001,2017,9,7,0,3,0,3,36,250,42.32
2017-09-07 01:00:00,1,20170907011,2017,9,7,1,3,0,3,36,250,37.85
2017-09-07 02:00:00,1,20170907021,2017,9,7,2,3,0,3,36,250,32.95
2017-09-07 03:00:00,1,20170907031,2017,9,7,3,3,0,3,36,250,25.59
2017-09-07 04:00:00,1,20170907041,2017,9,7,4,3,0,3,36,250,24.05
2017-09-07 05:00:00,1,20170907051,2017,9,7,5,3,0,3,36,250,23.92
2017-09-07 06:00:00,1,20170907061,2017,9,7,6,3,0,3,36,250,25.8
2017-09-07 07:00:00,1,20170907071,2017,9,7,7,3,0,3,36,250,30.02
2017-09-07 08:00:00,1,20170907081,2017,9,7,8,3,0,3,36,250,33.72
2017-09-07 09:00:00,1,20170907091,2017,9,7,9,3,0,3,36,250,40.41
2017-09-07 10:00:00,1,20170907101,2017,9,7,10,3,0,3,36,250,48.68
2017-09-07 11:00:00,1,20170907111,2017,9,7,11,3,0,3,36,250,61.1
2017-09-07 12:00:00,1,20170907121,2017,9,7,12,3,0,3,36,250,61.88
2017-09-07 13:00:00,1,20170907131,2017,9,7,13,3,0,3,36,250,55.01
2017-09-07 14:00:00,1,20170907141,2017,9,7,14,3,0,3,36,250,58.65
2017-09-07 15:00:00,1,20170907151,2017,9,7,15,3,0,3,36,250,58.49
2017-09-07 16:00:00,1,20170907161,2017,9,7,16,3,0,3,36,250,57.66
2017-09-07 17:00:00,1,20170907171,2017,9,7,17,3,0,3,36,250,58.11
2017-09-07 18:00:00,1,20170907181,2017,9,7,18,3,0,3,36,250,61.27
2017-09-07 19:00:00,1,20170907191,2017,9,7,19,3,0,3,36,250,62.27
2017-09-07 20:00:00,1,20170907201,2017,9,7,20,3,0,3,36,250,58.37
2017-09-07 21:00:00,1,20170907211,2017,9,7,21,3,0,3,36,250,55.81
2017-09-07 22:00:00,1,20170907221,2017,9,7,22,3,0,3,36,250,58.31
2017-09-07 23:00:00,1,20170907231,2017,9,7,23,3,0,3,36,250,53.56
2017-09-08 00:00:00,1,20170908001,2017,9,8,0,4,0,3,36,251,45.71
2017-09-08 01:00:00,1,20170908011,2017,9,8,1,4,0,3,36,251,40.4
2017-09-08 02:00:00,1,20170908021,2017,9,8,2,4,0,3,36,251,34.78
2017-09-08 03:00:00,1,20170908031,2017,9,8,3,4,0,3,36,251,29.62
2017-09-08 04:00:00,1,20170908041,2017,9,8,4,4,0,3,36,251,23.8
2017-09-08 05:00:00,1,20170908051,2017,9,8,5,4,0,3,36,251,23.64
2017-09-08 06:00:00,1,20170908061,2017,9,8,6,4,0,3,36,251,24.83
2017-09-08 07:00:00,1,20170908071,2017,9,8,7,4,0,3,36,251,31.52
2017-09-08 08:00:00,1,20170908081,2017,9,8,8,4,0,3,36,251,34.83
2017-09-08 09:00:00,1,20170908091,2017,9,8,9,4,0,3,36,251,39.1
2017-09-08 10:00:00,1,20170908101,2017,9,8,10,4,0,3,36,251,49.79
2017-09-08 11:00:00,1,20170908111,2017,9,8,11,4,0,3,36,251,63.14
2017-09-08 12:00:00,1,20170908121,2017,9,8,12,4,0,3,36,251,63.44
2017-09-08 13:00:00,1,20170908131,2017,9,8,13,4,0,3,36,251,54.96
2017-09-08 14:00:00,1,20170908141,2017,9,8,14,4,0,3,36,251,58.26
2017-09-08 15:00:00,1,20170908151,2017,9,8,15,4,0,3,36,251,58.93
2017-09-08 16:00:00,1,20170908161,2017,9,8,16,4,0,3,36,251,58.03
2017-09-08 17:00:00,1,20170908171,2017,9,8,17,4,0,3,36,251,58.28
2017-09-08 18:00:00,1,20170908181,2017,9,8,18,4,0,3,36,251,62.26
2017-09-08 19:00:00,1,20170908191,2017,9,8,19,4,0,3,36,251,63.37
2017-09-08 20:00:00,1,20170908201,2017,9,8,20,4,0,3,36,251,59.5
2017-09-08 21:00:00,1,20170908211,2017,9,8,21,4,0,3,36,251,54.52
2017-09-08 22:00:00,1,20170908221,2017,9,8,22,4,0,3,36,251,50.27
2017-09-08 23:00:00,1,20170908231,2017,9,8,23,4,0,3,36,251,48.58
2017-09-09 00:00:00,1,20170909001,2017,9,9,0,5,1,3,36,252,45.59
2017-09-09 01:00:00,1,20170909011,2017,9,9,1,5,1,3,36,252,36.17
2017-09-09 02:00:00,1,20170909021,2017,9,9,2,5,1,3,36,252,31.5
2017-09-09 03:00:00,1,20170909031,2017,9,9,3,5,1,3,36,252,26.72
2017-09-09 04:00:00,1,20170909041,2017,9,9,4,5,1,3,36,252,19.5
2017-09-09 05:00:00,1,20170909051,2017,9,9,5,5,1,3,36,252,19.73
2017-09-09 06:00:00,1,20170909061,2017,9,9,6,5,1,3,36,252,17.44
2017-09-09 07:00:00,1,20170909071,2017,9,9,7,5,1,3,36,252,19.24
2017-09-09 08:00:00,1,20170909081,2017,9,9,8,5,1,3,36,252,26.46
2017-09-09 09:00:00,1,20170909091,2017,9,9,9,5,1,3,36,252,30.69
2017-09-09 10:00:00,1,20170909101,2017,9,9,10,5,1,3,36,252,36.64
2017-09-09 11:00:00,1,20170909111,2017,9,9,11,5,1,3,36,252,38.92
2017-09-09 12:00:00,1,20170909121,2017,9,9,12,5,1,3,36,252,40.58
2017-09-09 13:00:00,1,20170909131,2017,9,9,13,5,1,3,36,252,36.18
2017-09-09 14:00:00,1,20170909141,2017,9,9,14,5,1,3,36,252,34.21
2017-09-09 15:00:00,1,20170909151,2017,9,9,15,5,1,3,36,252,36.97
2017-09-09 16:00:00,1,20170909161,2017,9,9,16,5,1,3,36,252,34.45
2017-09-09 17:00:00,1,20170909171,2017,9,9,17,5,1,3,36,252,35.53
2017-09-09 18:00:00,1,20170909181,2017,9,9,18,5,1,3,36,252,37.93
2017-09-09 19:00:00,1,20170909191,2017,9,9,19,5,1,3,36,252,40.23
2017-09-09 20:00:00,1,20170909201,2017,9,9,20,5,1,3,36,252,39.22
2017-09-09 21:00:00,1,20170909211,2017,9,9,21,5,1,3,36,252,39.01
2017-09-09 22:00:00,1,20170909221,2017,9,9,22,5,1,3,36,252,38.36
2017-09-09 23:00:00,1,20170909231,2017,9,9,23,5,1,3,36,252,40.41
2017-09-10 00:00:00,1,20170910001,2017,9,10,0,6,1,3,36,253,34.65
2017-09-10 01:00:00,1,20170910011,2017,9,10,1,6,1,3,36,253,28.43
2017-09-10 02:00:00,1,20170910021,2017,9,10,2,6,1,3,36,253,25.91
2017-09-10 03:00:00,1,20170910031,2017,9,10,3,6,1,3,36,253,23.2
2017-09-10 04:00:00,1,20170910041,2017,9,10,4,6,1,3,36,253,19.21
2017-09-10 05:00:00,1,20170910051,2017,9,10,5,6,1,3,36,253,18.03
2017-09-10 06:00:00,1,20170910061,2017,9,10,6,6,1,3,36,253,16.99
2017-09-10 07:00:00,1,20170910071,2017,9,10,7,6,1,3,36,253,19.77
2017-09-10 08:00:00,1,20170910081,2017,9,10,8,6,1,3,36,253,26.61
2017-09-10 09:00:00,1,20170910091,2017,9,10,9,6,1,3,36,253,30.42
2017-09-10 10:00:00,1,20170910101,2017,9,10,10,6,1,3,36,253,34.01
2017-09-10 11:00:00,1,20170910111,2017,9,10,11,6,1,3,36,253,36.22
2017-09-10 12:00:00,1,20170910121,2017,9,10,12,6,1,3,36,253,37.62
2017-09-10 13:00:00,1,20170910131,2017,9,10,13,6,1,3,36,253,33.51
2017-09-10 14:00:00,1,20170910141,2017,9,10,14,6,1,3,36,253,33.66
2017-09-10 15:00:00,1,20170910151,2017,9,10,15,6,1,3,36,253,33.93
2017-09-10 16:00:00,1,20170910161,2017,9,10,16,6,1,3,36,253,33.27
2017-09-10 17:00:00,1,20170910171,2017,9,10,17,6,1,3,36,253,36.2
2017-09-10 18:00:00,1,20170910181,2017,9,10,18,6,1,3,36,253,38.39
2017-09-10 19:00:00,1,20170910191,2017,9,10,19,6,1,3,36,253,40.16
2017-09-10 20:00:00,1,20170910201,2017,9,10,20,6,1,3,36,253,39.22
2017-09-10 21:00:00,1,20170910211,2017,9,10,21,6,1,3,36,253,39.09
2017-09-10 22:00:00,1,20170910221,2017,9,10,22,6,1,3,36,253,38.59
2017-09-10 23:00:00,1,20170910231,2017,9,10,23,6,1,3,36,253,40.74
2017-09-11 00:00:00,1,20170911001,2017,9,11,0,0,0,3,37,254,37.87
2017-09-11 01:00:00,1,20170911011,2017,9,11,1,0,0,3,37,254,33.33
2017-09-11 02:00:00,1,20170911021,2017,9,11,2,0,0,3,37,254,27.88
2017-09-11 03:00:00,1,20170911031,2017,9,11,3,0,0,3,37,254,25.99
2017-09-11 04:00:00,1,20170911041,2017,9,11,4,0,0,3,37,254,21.33
2017-09-11 05:00:00,1,20170911051,2017,9,11,5,0,0,3,37,254,22.6
2017-09-11 06:00:00,1,20170911061,2017,9,11,6,0,0,3,37,254,26.53
2017-09-11 07:00:00,1,20170911071,2017,9,11,7,0,0,3,37,254,30.59
2017-09-11 08:00:00,1,20170911081,2017,9,11,8,0,0,3,37,254,32.6
2017-09-11 09:00:00,1,20170911091,2017,9,11,9,0,0,3,37,254,36.15
2017-09-11 10:00:00,1,20170911101,2017,9,11,10,0,0,3,37,254,49.19
2017-09-11 11:00:00,1,20170911111,2017,9,11,11,0,0,3,37,254,70.53
2017-09-11 12:00:00,1,20170911121,2017,9,11,12,0,0,3,37,254,70.22
2017-09-11 13:00:00,1,20170911131,2017,9,11,13,0,0,3,37,254,61.79
2017-09-11 14:00:00,1,20170911141,2017,9,11,14,0,0,3,37,254,62.92
2017-09-11 15:00:00,1,20170911151,2017,9,11,15,0,0,3,37,254,62.79
2017-09-11 16:00:00,1,20170911161,2017,9,11,16,0,0,3,37,254,61.52
2017-09-11 17:00:00,1,20170911171,2017,9,11,17,0,0,3,37,254,60.69
2017-09-11 18:00:00,1,20170911181,2017,9,11,18,0,0,3,37,254,62.5
2017-09-11 19:00:00,1,20170911191,2017,9,11,19,0,0,3,37,254,66.58
2017-09-11 20:00:00,1,20170911201,2017,9,11,20,0,0,3,37,254,63.56
2017-09-11 21:00:00,1,20170911211,2017,9,11,21,0,0,3,37,254,57.52
2017-09-11 22:00:00,1,20170911221,2017,9,11,22,0,0,3,37,254,55.41
2017-09-11 23:00:00,1,20170911231,2017,9,11,23,0,0,3,37,254,56.19
2017-09-12 00:00:00,1,20170912001,2017,9,12,0,1,0,3,37,255,48.3
2017-09-12 01:00:00,1,20170912011,2017,9,12,1,1,0,3,37,255,40.03
2017-09-12 02:00:00,1,20170912021,2017,9,12,2,1,0,3,37,255,34.77
2017-09-12 03:00:00,1,20170912031,2017,9,12,3,1,0,3,37,255,29.36
2017-09-12 04:00:00,1,20170912041,2017,9,12,4,1,0,3,37,255,25.27
2017-09-12 05:00:00,1,20170912051,2017,9,12,5,1,0,3,37,255,24.89
2017-09-12 06:00:00,1,20170912061,2017,9,12,6,1,0,3,37,255,27.99
2017-09-12 07:00:00,1,20170912071,2017,9,12,7,1,0,3,37,255,32.27
2017-09-12 08:00:00,1,20170912081,2017,9,12,8,1,0,3,37,255,35.01
2017-09-12 09:00:00,1,20170912091,2017,9,12,9,1,0,3,37,255,39.0
2017-09-12 10:00:00,1,20170912101,2017,9,12,10,1,0,3,37,255,51.39
2017-09-12 11:00:00,1,20170912111,2017,9,12,11,1,0,3,37,255,62.99
2017-09-12 12:00:00,1,20170912121,2017,9,12,12,1,0,3,37,255,66.24
2017-09-12 13:00:00,1,20170912131,2017,9,12,13,1,0,3,37,255,57.92
2017-09-12 14:00:00,1,20170912141,2017,9,12,14,1,0,3,37,255,60.53
2017-09-12 15:00:00,1,20170912151,2017,9,12,15,1,0,3,37,255,59.43
2017-09-12 16:00:00,1,20170912161,2017,9,12,16,1,0,3,37,255,57.84
2017-09-12 17:00:00,1,20170912171,2017,9,12,17,1,0,3,37,255,57.88
2017-09-12 18:00:00,1,20170912181,2017,9,12,18,1,0,3,37,255,61.64
2017-09-12 19:00:00,1,20170912191,2017,9,12,19,1,0,3,37,255,66.22
2017-09-12 20:00:00,1,20170912201,2017,9,12,20,1,0,3,37,255,65.17
2017-09-12 21:00:00,1,20170912211,2017,9,12,21,1,0,3,37,255,58.84
2017-09-12 22:00:00,1,20170912221,2017,9,12,22,1,0,3,37,255,55.96
2017-09-12 23:00:00,1,20170912231,2017,9,12,23,1,0,3,37,255,55.3
2017-09-13 00:00:00,1,20170913001,2017,9,13,0,2,0,3,37,256,50.2
2017-09-13 01:00:00,1,20170913011,2017,9,13,1,2,0,3,37,256,42.42
2017-09-13 02:00:00,1,20170913021,2017,9,13,2,2,0,3,37,256,35.87
2017-09-13 03:00:00,1,20170913031,2017,9,13,3,2,0,3,37,256,30.57
2017-09-13 04:00:00,1,20170913041,2017,9,13,4,2,0,3,37,256,25.45
2017-09-13 05:00:00,1,20170913051,2017,9,13,5,2,0,3,37,256,25.04
2017-09-13 06:00:00,1,20170913061,2017,9,13,6,2,0,3,37,256,28.17
2017-09-13 07:00:00,1,20170913071,2017,9,13,7,2,0,3,37,256,33.15
2017-09-13 08:00:00,1,20170913081,2017,9,13,8,2,0,3,37,256,35.28
2017-09-13 09:00:00,1,20170913091,2017,9,13,9,2,0,3,37,256,38.41
2017-09-13 10:00:00,1,20170913101,2017,9,13,10,2,0,3,37,256,52.06
2017-09-13 11:00:00,1,20170913111,2017,9,13,11,2,0,3,37,256,57.14
2017-09-13 12:00:00,1,20170913121,2017,9,13,12,2,0,3,37,256,61.72
2017-09-13 13:00:00,1,20170913131,2017,9,13,13,2,0,3,37,256,53.68
2017-09-13 14:00:00,1,20170913141,2017,9,13,14,2,0,3,37,256,57.37
2017-09-13 15:00:00,1,20170913151,2017,9,13,15,2,0,3,37,256,55.47
2017-09-13 16:00:00,1,20170913161,2017,9,13,16,2,0,3,37,256,54.25
2017-09-13 17:00:00,1,20170913171,2017,9,13,17,2,0,3,37,256,53.62
2017-09-13 18:00:00,1,20170913181,2017,9,13,18,2,0,3,37,256,60.96
2017-09-13 19:00:00,1,20170913191,2017,9,13,19,2,0,3,37,256,64.68
2017-09-13 20:00:00,1,20170913201,2017,9,13,20,2,0,3,37,256,64.51
2017-09-13 21:00:00,1,20170913211,2017,9,13,21,2,0,3,37,256,57.97
2017-09-13 22:00:00,1,20170913221,2017,9,13,22,2,0,3,37,256,55.65
2017-09-13 23:00:00,1,20170913231,2017,9,13,23,2,0,3,37,256,54.6
2017-09-14 00:00:00,1,20170914001,2017,9,14,0,3,0,3,37,257,50.46
2017-09-14 01:00:00,1,20170914011,2017,9,14,1,3,0,3,37,257,41.83
2017-09-14 02:00:00,1,20170914021,2017,9,14,2,3,0,3,37,257,36.22
2017-09-14 03:00:00,1,20170914031,2017,9,14,3,3,0,3,37,257,30.88
2017-09-14 04:00:00,1,20170914041,2017,9,14,4,3,0,3,37,257,24.55
2017-09-14 05:00:00,1,20170914051,2017,9,14,5,3,0,3,37,257,24.38
2017-09-14 06:00:00,1,20170914061,2017,9,14,6,3,0,3,37,257,25.47
2017-09-14 07:00:00,1,20170914071,2017,9,14,7,3,0,3,37,257,33.07
2017-09-14 08:00:00,1,20170914081,2017,9,14,8,3,0,3,37,257,34.04
2017-09-14 09:00:00,1,20170914091,2017,9,14,9,3,0,3,37,257,35.36
2017-09-14 10:00:00,1,20170914101,2017,9,14,10,3,0,3,37,257,52.0
2017-09-14 11:00:00,1,20170914111,2017,9,14,11,3,0,3,37,257,57.98
2017-09-14 12:00:00,1,20170914121,2017,9,14,12,3,0,3,37,257,61.11
2017-09-14 13:00:00,1,20170914131,2017,9,14,13,3,0,3,37,257,52.46
2017-09-14 14:00:00,1,20170914141,2017,9,14,14,3,0,3,37,257,56.67
2017-09-14 15:00:00,1,20170914151,2017,9,14,15,3,0,3,37,257,55.16
2017-09-14 16:00:00,1,20170914161,2017,9,14,16,3,0,3,37,257,55.4
2017-09-14 17:00:00,1,20170914171,2017,9,14,17,3,0,3,37,257,54.76
2017-09-14 18:00:00,1,20170914181,2017,9,14,18,3,0,3,37,257,61.21
2017-09-14 19:00:00,1,20170914191,2017,9,14,19,3,0,3,37,257,61.94
2017-09-14 20:00:00,1,20170914201,2017,9,14,20,3,0,3,37,257,62.21
2017-09-14 21:00:00,1,20170914211,2017,9,14,21,3,0,3,37,257,57.45
2017-09-14 22:00:00,1,20170914221,2017,9,14,22,3,0,3,37,257,55.25
2017-09-14 23:00:00,1,20170914231,2017,9,14,23,3,0,3,37,257,53.8
2017-09-15 00:00:00,1,20170915001,2017,9,15,0,4,0,3,37,258,50.27
2017-09-15 01:00:00,1,20170915011,2017,9,15,1,4,0,3,37,258,40.87
2017-09-15 02:00:00,1,20170915021,2017,9,15,2,4,0,3,37,258,34.63
2017-09-15 03:00:00,1,20170915031,2017,9,15,3,4,0,3,37,258,29.4
2017-09-15 04:00:00,1,20170915041,2017,9,15,4,4,0,3,37,258,23.13
2017-09-15 05:00:00,1,20170915051,2017,9,15,5,4,0,3,37,258,23.69
2017-09-15 06:00:00,1,20170915061,2017,9,15,6,4,0,3,37,258,24.39
2017-09-15 07:00:00,1,20170915071,2017,9,15,7,4,0,3,37,258,31.23
2017-09-15 08:00:00,1,20170915081,2017,9,15,8,4,0,3,37,258,32.7
2017-09-15 09:00:00,1,20170915091,2017,9,15,9,4,0,3,37,258,34.07
2017-09-15 10:00:00,1,20170915101,2017,9,15,10,4,0,3,37,258,52.22
2017-09-15 11:00:00,1,20170915111,2017,9,15,11,4,0,3,37,258,60.98
2017-09-15 12:00:00,1,20170915121,2017,9,15,12,4,0,3,37,258,62.7
2017-09-15 13:00:00,1,20170915131,2017,9,15,13,4,0,3,37,258,54.5
2017-09-15 14:00:00,1,20170915141,2017,9,15,14,4,0,3,37,258,57.37
2017-09-15 15:00:00,1,20170915151,2017,9,15,15,4,0,3,37,258,58.04
2017-09-15 16:00:00,1,20170915161,2017,9,15,16,4,0,3,37,258,57.09
2017-09-15 17:00:00,1,20170915171,2017,9,15,17,4,0,3,37,258,57.53
2017-09-15 18:00:00,1,20170915181,2017,9,15,18,4,0,3,37,258,62.02
2017-09-15 19:00:00,1,20170915191,2017,9,15,19,4,0,3,37,258,63.04
2017-09-15 20:00:00,1,20170915201,2017,9,15,20,4,0,3,37,258,59.46
2017-09-15 21:00:00,1,20170915211,2017,9,15,21,4,0,3,37,258,54.74
2017-09-15 22:00:00,1,20170915221,2017,9,15,22,4,0,3,37,258,50.85
2017-09-15 23:00:00,1,20170915231,2017,9,15,23,4,0,3,37,258,48.99
2017-09-16 00:00:00,1,20170916001,2017,9,16,0,5,1,3,37,259,50.75
2017-09-16 01:00:00,1,20170916011,2017,9,16,1,5,1,3,37,259,40.89
2017-09-16 02:00:00,1,20170916021,2017,9,16,2,5,1,3,37,259,39.06
2017-09-16 03:00:00,1,20170916031,2017,9,16,3,5,1,3,37,259,32.24
2017-09-16 04:00:00,1,20170916041,2017,9,16,4,5,1,3,37,259,26.16
2017-09-16 05:00:00,1,20170916051,2017,9,16,5,5,1,3,37,259,25.18
2017-09-16 06:00:00,1,20170916061,2017,9,16,6,5,1,3,37,259,25.41
2017-09-16 07:00:00,1,20170916071,2017,9,16,7,5,1,3,37,259,27.73
2017-09-16 08:00:00,1,20170916081,2017,9,16,8,5,1,3,37,259,35.53
2017-09-16 09:00:00,1,20170916091,2017,9,16,9,5,1,3,37,259,42.05
2017-09-16 10:00:00,1,20170916101,2017,9,16,10,5,1,3,37,259,46.38
2017-09-16 11:00:00,1,20170916111,2017,9,16,11,5,1,3,37,259,45.98
2017-09-16 12:00:00,1,20170916121,2017,9,16,12,5,1,3,37,259,47.4
2017-09-16 13:00:00,1,20170916131,2017,9,16,13,5,1,3,37,259,44.24
2017-09-16 14:00:00,1,20170916141,2017,9,16,14,5,1,3,37,259,43.36
2017-09-16 15:00:00,1,20170916151,2017,9,16,15,5,1,3,37,259,40.86
2017-09-16 16:00:00,1,20170916161,2017,9,16,16,5,1,3,37,259,40.33
2017-09-16 17:00:00,1,20170916171,2017,9,16,17,5,1,3,37,259,41.81
2017-09-16 18:00:00,1,20170916181,2017,9,16,18,5,1,3,37,259,45.16
2017-09-16 19:00:00,1,20170916191,2017,9,16,19,5,1,3,37,259,53.93
2017-09-16 20:00:00,1,20170916201,2017,9,16,20,5,1,3,37,259,53.42
2017-09-16 21:00:00,1,20170916211,2017,9,16,21,5,1,3,37,259,49.89
2017-09-16 22:00:00,1,20170916221,2017,9,16,22,5,1,3,37,259,52.82
2017-09-16 23:00:00,1,20170916231,2017,9,16,23,5,1,3,37,259,48.11
2017-09-17 00:00:00,1,20170917001,2017,9,17,0,6,1,3,37,260,42.71
2017-09-17 01:00:00,1,20170917011,2017,9,17,1,6,1,3,37,260,34.85
2017-09-17 02:00:00,1,20170917021,2017,9,17,2,6,1,3,37,260,27.24
2017-09-17 03:00:00,1,20170917031,2017,9,17,3,6,1,3,37,260,27.16
2017-09-17 04:00:00,1,20170917041,2017,9,17,4,6,1,3,37,260,21.82
2017-09-17 05:00:00,1,20170917051,2017,9,17,5,6,1,3,37,260,20.84
2017-09-17 06:00:00,1,20170917061,2017,9,17,6,6,1,3,37,260,21.8
2017-09-17 07:00:00,1,20170917071,2017,9,17,7,6,1,3,37,260,23.24
2017-09-17 08:00:00,1,20170917081,2017,9,17,8,6,1,3,37,260,32.84
2017-09-17 09:00:00,1,20170917091,2017,9,17,9,6,1,3,37,260,37.09
2017-09-17 10:00:00,1,20170917101,2017,9,17,10,6,1,3,37,260,46.25
2017-09-17 11:00:00,1,20170917111,2017,9,17,11,6,1,3,37,260,47.13
2017-09-17 12:00:00,1,20170917121,2017,9,17,12,6,1,3,37,260,48.67
2017-09-17 13:00:00,1,20170917131,2017,9,17,13,6,1,3,37,260,45.43
2017-09-17 14:00:00,1,20170917141,2017,9,17,14,6,1,3,37,260,44.1
2017-09-17 15:00:00,1,20170917151,2017,9,17,15,6,1,3,37,260,41.95
2017-09-17 16:00:00,1,20170917161,2017,9,17,16,6,1,3,37,260,40.93
2017-09-17 17:00:00,1,20170917171,2017,9,17,17,6,1,3,37,260,42.37
2017-09-17 18:00:00,1,20170917181,2017,9,17,18,6,1,3,37,260,49.01
2017-09-17 19:00:00,1,20170917191,2017,9,17,19,6,1,3,37,260,53.18
2017-09-17 20:00:00,1,20170917201,2017,9,17,20,6,1,3,37,260,52.57
2017-09-17 21:00:00,1,20170917211,2017,9,17,21,6,1,3,37,260,50.42
2017-09-17 22:00:00,1,20170917221,2017,9,17,22,6,1,3,37,260,51.71
2017-09-17 23:00:00,1,20170917231,2017,9,17,23,6,1,3,37,260,46.86
2017-09-18 00:00:00,1,20170918001,2017,9,18,0,0,0,3,38,261,44.37
2017-09-18 01:00:00,1,20170918011,2017,9,18,1,0,0,3,38,261,37.62
2017-09-18 02:00:00,1,20170918021,2017,9,18,2,0,0,3,38,261,30.26
2017-09-18 03:00:00,1,20170918031,2017,9,18,3,0,0,3,38,261,28.68
2017-09-18 04:00:00,1,20170918041,2017,9,18,4,0,0,3,38,261,24.5
2017-09-18 05:00:00,1,20170918051,2017,9,18,5,0,0,3,38,261,24.91
2017-09-18 06:00:00,1,20170918061,2017,9,18,6,0,0,3,38,261,27.22
2017-09-18 07:00:00,1,20170918071,2017,9,18,7,0,0,3,38,261,34.63
2017-09-18 08:00:00,1,20170918081,2017,9,18,8,0,0,3,38,261,36.76
2017-09-18 09:00:00,1,20170918091,2017,9,18,9,0,0,3,38,261,41.01
2017-09-18 10:00:00,1,20170918101,2017,9,18,10,0,0,3,38,261,57.31
2017-09-18 11:00:00,1,20170918111,2017,9,18,11,0,0,3,38,261,73.96
2017-09-18 12:00:00,1,20170918121,2017,9,18,12,0,0,3,38,261,78.58
2017-09-18 13:00:00,1,20170918131,2017,9,18,13,0,0,3,38,261,69.65
2017-09-18 14:00:00,1,20170918141,2017,9,18,14,0,0,3,38,261,76.39
2017-09-18 15:00:00,1,20170918151,2017,9,18,15,0,0,3,38,261,74.56
2017-09-18 16:00:00,1,20170918161,2017,9,18,16,0,0,3,38,261,70.81
2017-09-18 17:00:00,1,20170918171,2017,9,18,17,0,0,3,38,261,69.18
2017-09-18 18:00:00,1,20170918181,2017,9,18,18,0,0,3,38,261,78.46
2017-09-18 19:00:00,1,20170918191,2017,9,18,19,0,0,3,38,261,80.82
2017-09-18 20:00:00,1,20170918201,2017,9,18,20,0,0,3,38,261,78.28
2017-09-18 21:00:00,1,20170918211,2017,9,18,21,0,0,3,38,261,71.52
2017-09-18 22:00:00,1,20170918221,2017,9,18,22,0,0,3,38,261,68.39
2017-09-18 23:00:00,1,20170918231,2017,9,18,23,0,0,3,38,261,64.81
2017-09-19 00:00:00,1,20170919001,2017,9,19,0,1,0,3,38,262,58.18
2017-09-19 01:00:00,1,20170919011,2017,9,19,1,1,0,3,38,262,46.83
2017-09-19 02:00:00,1,20170919021,2017,9,19,2,1,0,3,38,262,38.71
2017-09-19 03:00:00,1,20170919031,2017,9,19,3,1,0,3,38,262,31.5
2017-09-19 04:00:00,1,20170919041,2017,9,19,4,1,0,3,38,262,25.93
2017-09-19 05:00:00,1,20170919051,2017,9,19,5,1,0,3,38,262,25.38
2017-09-19 06:00:00,1,20170919061,2017,9,19,6,1,0,3,38,262,27.81
2017-09-19 07:00:00,1,20170919071,2017,9,19,7,1,0,3,38,262,37.49
2017-09-19 08:00:00,1,20170919081,2017,9,19,8,1,0,3,38,262,38.7
2017-09-19 09:00:00,1,20170919091,2017,9,19,9,1,0,3,38,262,46.95
2017-09-19 10:00:00,1,20170919101,2017,9,19,10,1,0,3,38,262,59.55
2017-09-19 11:00:00,1,20170919111,2017,9,19,11,1,0,3,38,262,69.99
2017-09-19 12:00:00,1,20170919121,2017,9,19,12,1,0,3,38,262,72.81
2017-09-19 13:00:00,1,20170919131,2017,9,19,13,1,0,3,38,262,62.79
2017-09-19 14:00:00,1,20170919141,2017,9,19,14,1,0,3,38,262,69.66
2017-09-19 15:00:00,1,20170919151,2017,9,19,15,1,0,3,38,262,69.33
2017-09-19 16:00:00,1,20170919161,2017,9,19,16,1,0,3,38,262,66.9
2017-09-19 17:00:00,1,20170919171,2017,9,19,17,1,0,3,38,262,66.66
2017-09-19 18:00:00,1,20170919181,2017,9,19,18,1,0,3,38,262,75.32
2017-09-19 19:00:00,1,20170919191,2017,9,19,19,1,0,3,38,262,79.09
2017-09-19 20:00:00,1,20170919201,2017,9,19,20,1,0,3,38,262,76.95
2017-09-19 21:00:00,1,20170919211,2017,9,19,21,1,0,3,38,262,71.34
2017-09-19 22:00:00,1,20170919221,2017,9,19,22,1,0,3,38,262,66.7
2017-09-19 23:00:00,1,20170919231,2017,9,19,23,1,0,3,38,262,65.46
2017-09-20 00:00:00,1,20170920001,2017,9,20,0,2,0,3,38,263,60.41
2017-09-20 01:00:00,1,20170920011,2017,9,20,1,2,0,3,38,263,47.41
2017-09-20 02:00:00,1,20170920021,2017,9,20,2,2,0,3,38,263,41.28
2017-09-20 03:00:00,1,20170920031,2017,9,20,3,2,0,3,38,263,31.24
2017-09-20 04:00:00,1,20170920041,2017,9,20,4,2,0,3,38,263,26.46
2017-09-20 05:00:00,1,20170920051,2017,9,20,5,2,0,3,38,263,25.89
2017-09-20 06:00:00,1,20170920061,2017,9,20,6,2,0,3,38,263,28.51
2017-09-20 07:00:00,1,20170920071,2017,9,20,7,2,0,3,38,263,38.35
2017-09-20 08:00:00,1,20170920081,2017,9,20,8,2,0,3,38,263,40.1
2017-09-20 09:00:00,1,20170920091,2017,9,20,9,2,0,3,38,263,47.49
2017-09-20 10:00:00,1,20170920101,2017,9,20,10,2,0,3,38,263,60.84
2017-09-20 11:00:00,1,20170920111,2017,9,20,11,2,0,3,38,263,72.58
2017-09-20 12:00:00,1,20170920121,2017,9,20,12,2,0,3,38,263,72.7
2017-09-20 13:00:00,1,20170920131,2017,9,20,13,2,0,3,38,263,66.8
2017-09-20 14:00:00,1,20170920141,2017,9,20,14,2,0,3,38,263,82.65
2017-09-20 15:00:00,1,20170920151,2017,9,20,15,2,0,3,38,263,78.36
2017-09-20 16:00:00,1,20170920161,2017,9,20,16,2,0,3,38,263,72.86
2017-09-20 17:00:00,1,20170920171,2017,9,20,17,2,0,3,38,263,79.02
2017-09-20 18:00:00,1,20170920181,2017,9,20,18,2,0,3,38,263,85.28
2017-09-20 19:00:00,1,20170920191,2017,9,20,19,2,0,3,38,263,88.22
2017-09-20 20:00:00,1,20170920201,2017,9,20,20,2,0,3,38,263,85.82
2017-09-20 21:00:00,1,20170920211,2017,9,20,21,2,0,3,38,263,77.27
2017-09-20 22:00:00,1,20170920221,2017,9,20,22,2,0,3,38,263,71.75
2017-09-20 23:00:00,1,20170920231,2017,9,20,23,2,0,3,38,263,66.74
2017-09-21 00:00:00,1,20170921001,2017,9,21,0,3,0,3,38,264,60.58
2017-09-21 01:00:00,1,20170921011,2017,9,21,1,3,0,3,38,264,47.76
2017-09-21 02:00:00,1,20170921021,2017,9,21,2,3,0,3,38,264,42.69
2017-09-21 03:00:00,1,20170921031,2017,9,21,3,3,0,3,38,264,33.77
2017-09-21 04:00:00,1,20170921041,2017,9,21,4,3,0,3,38,264,30.98
2017-09-21 05:00:00,1,20170921051,2017,9,21,5,3,0,3,38,264,30.3
2017-09-21 06:00:00,1,20170921061,2017,9,21,6,3,0,3,38,264,34.46
2017-09-21 07:00:00,1,20170921071,2017,9,21,7,3,0,3,38,264,39.61
2017-09-21 08:00:00,1,20170921081,2017,9,21,8,3,0,3,38,264,41.69
2017-09-21 09:00:00,1,20170921091,2017,9,21,9,3,0,3,38,264,49.45
2017-09-21 10:00:00,1,20170921101,2017,9,21,10,3,0,3,38,264,63.44
2017-09-21 11:00:00,1,20170921111,2017,9,21,11,3,0,3,38,264,68.89
2017-09-21 12:00:00,1,20170921121,2017,9,21,12,3,0,3,38,264,70.64
2017-09-21 13:00:00,1,20170921131,2017,9,21,13,3,0,3,38,264,62.33
2017-09-21 14:00:00,1,20170921141,2017,9,21,14,3,0,3,38,264,68.63
2017-09-21 15:00:00,1,20170921151,2017,9,21,15,3,0,3,38,264,66.76
2017-09-21 16:00:00,1,20170921161,2017,9,21,16,3,0,3,38,264,64.59
2017-09-21 17:00:00,1,20170921171,2017,9,21,17,3,0,3,38,264,65.27
2017-09-21 18:00:00,1,20170921181,2017,9,21,18,3,0,3,38,264,77.64
2017-09-21 19:00:00,1,20170921191,2017,9,21,19,3,0,3,38,264,79.12
2017-09-21 20:00:00,1,20170921201,2017,9,21,20,3,0,3,38,264,75.7
2017-09-21 21:00:00,1,20170921211,2017,9,21,21,3,0,3,38,264,70.45
2017-09-21 22:00:00,1,20170921221,2017,9,21,22,3,0,3,38,264,66.16
2017-09-21 23:00:00,1,20170921231,2017,9,21,23,3,0,3,38,264,62.72
2017-09-22 00:00:00,1,20170922001,2017,9,22,0,4,0,3,38,265,57.52
2017-09-22 01:00:00,1,20170922011,2017,9,22,1,4,0,3,38,265,47.88
2017-09-22 02:00:00,1,20170922021,2017,9,22,2,4,0,3,38,265,41.15
2017-09-22 03:00:00,1,20170922031,2017,9,22,3,4,0,3,38,265,32.5
2017-09-22 04:00:00,1,20170922041,2017,9,22,4,4,0,3,38,265,29.01
2017-09-22 05:00:00,1,20170922051,2017,9,22,5,4,0,3,38,265,28.99
2017-09-22 06:00:00,1,20170922061,2017,9,22,6,4,0,3,38,265,32.63
2017-09-22 07:00:00,1,20170922071,2017,9,22,7,4,0,3,38,265,39.27
2017-09-22 08:00:00,1,20170922081,2017,9,22,8,4,0,3,38,265,41.67
2017-09-22 09:00:00,1,20170922091,2017,9,22,9,4,0,3,38,265,48.3
2017-09-22 10:00:00,1,20170922101,2017,9,22,10,4,0,3,38,265,57.37
2017-09-22 11:00:00,1,20170922111,2017,9,22,11,4,0,3,38,265,74.51
2017-09-22 12:00:00,1,20170922121,2017,9,22,12,4,0,3,38,265,75.54
2017-09-22 13:00:00,1,20170922131,2017,9,22,13,4,0,3,38,265,64.01
2017-09-22 14:00:00,1,20170922141,2017,9,22,14,4,0,3,38,265,68.28
2017-09-22 15:00:00,1,20170922151,2017,9,22,15,4,0,3,38,265,66.81
2017-09-22 16:00:00,1,20170922161,2017,9,22,16,4,0,3,38,265,64.66
2017-09-22 17:00:00,1,20170922171,2017,9,22,17,4,0,3,38,265,63.95
2017-09-22 18:00:00,1,20170922181,2017,9,22,18,4,0,3,38,265,78.27
2017-09-22 19:00:00,1,20170922191,2017,9,22,19,4,0,3,38,265,78.91
2017-09-22 20:00:00,1,20170922201,2017,9,22,20,4,0,3,38,265,76.05
2017-09-22 21:00:00,1,20170922211,2017,9,22,21,4,0,3,38,265,70.25
2017-09-22 22:00:00,1,20170922221,2017,9,22,22,4,0,3,38,265,66.42
2017-09-22 23:00:00,1,20170922231,2017,9,22,23,4,0,3,38,265,61.96
2017-09-23 00:00:00,1,20170923001,2017,9,23,0,5,1,3,38,266,57.37
2017-09-23 01:00:00,1,20170923011,2017,9,23,1,5,1,3,38,266,49.1
2017-09-23 02:00:00,1,20170923021,2017,9,23,2,5,1,3,38,266,42.4
2017-09-23 03:00:00,1,20170923031,2017,9,23,3,5,1,3,38,266,32.89
2017-09-23 04:00:00,1,20170923041,2017,9,23,4,5,1,3,38,266,29.44
2017-09-23 05:00:00,1,20170923051,2017,9,23,5,5,1,3,38,266,25.9
2017-09-23 06:00:00,1,20170923061,2017,9,23,6,5,1,3,38,266,27.87
2017-09-23 07:00:00,1,20170923071,2017,9,23,7,5,1,3,38,266,29.2
2017-09-23 08:00:00,1,20170923081,2017,9,23,8,5,1,3,38,266,32.39
2017-09-23 09:00:00,1,20170923091,2017,9,23,9,5,1,3,38,266,38.2
2017-09-23 10:00:00,1,20170923101,2017,9,23,10,5,1,3,38,266,43.79
2017-09-23 11:00:00,1,20170923111,2017,9,23,11,5,1,3,38,266,43.27
2017-09-23 12:00:00,1,20170923121,2017,9,23,12,5,1,3,38,266,44.73
2017-09-23 13:00:00,1,20170923131,2017,9,23,13,5,1,3,38,266,41.36
2017-09-23 14:00:00,1,20170923141,2017,9,23,14,5,1,3,38,266,40.11
2017-09-23 15:00:00,1,20170923151,2017,9,23,15,5,1,3,38,266,39.81
2017-09-23 16:00:00,1,20170923161,2017,9,23,16,5,1,3,38,266,40.3
2017-09-23 17:00:00,1,20170923171,2017,9,23,17,5,1,3,38,266,39.57
2017-09-23 18:00:00,1,20170923181,2017,9,23,18,5,1,3,38,266,46.28
2017-09-23 19:00:00,1,20170923191,2017,9,23,19,5,1,3,38,266,50.49
2017-09-23 20:00:00,1,20170923201,2017,9,23,20,5,1,3,38,266,49.98
2017-09-23 21:00:00,1,20170923211,2017,9,23,21,5,1,3,38,266,47.39
2017-09-23 22:00:00,1,20170923221,2017,9,23,22,5,1,3,38,266,49.07
2017-09-23 23:00:00,1,20170923231,2017,9,23,23,5,1,3,38,266,47.84
2017-09-24 00:00:00,1,20170924001,2017,9,24,0,6,1,3,38,267,40.89
2017-09-24 01:00:00,1,20170924011,2017,9,24,1,6,1,3,38,267,34.38
2017-09-24 02:00:00,1,20170924021,2017,9,24,2,6,1,3,38,267,26.41
2017-09-24 03:00:00,1,20170924031,2017,9,24,3,6,1,3,38,267,27.1
2017-09-24 04:00:00,1,20170924041,2017,9,24,4,6,1,3,38,267,23.79
2017-09-24 05:00:00,1,20170924051,2017,9,24,5,6,1,3,38,267,22.66
2017-09-24 06:00:00,1,20170924061,2017,9,24,6,6,1,3,38,267,22.73
2017-09-24 07:00:00,1,20170924071,2017,9,24,7,6,1,3,38,267,23.85
2017-09-24 08:00:00,1,20170924081,2017,9,24,8,6,1,3,38,267,30.62
2017-09-24 09:00:00,1,20170924091,2017,9,24,9,6,1,3,38,267,33.97
2017-09-24 10:00:00,1,20170924101,2017,9,24,10,6,1,3,38,267,39.96
2017-09-24 11:00:00,1,20170924111,2017,9,24,11,6,1,3,38,267,41.93
2017-09-24 12:00:00,1,20170924121,2017,9,24,12,6,1,3,38,267,42.98
2017-09-24 13:00:00,1,20170924131,2017,9,24,13,6,1,3,38,267,39.68
2017-09-24 14:00:00,1,20170924141,2017,9,24,14,6,1,3,38,267,38.72
2017-09-24 15:00:00,1,20170924151,2017,9,24,15,6,1,3,38,267,39.46
2017-09-24 16:00:00,1,20170924161,2017,9,24,16,6,1,3,38,267,40.3
2017-09-24 17:00:00,1,20170924171,2017,9,24,17,6,1,3,38,267,40.01
2017-09-24 18:00:00,1,20170924181,2017,9,24,18,6,1,3,38,267,45.98
2017-09-24 19:00:00,1,20170924191,2017,9,24,19,6,1,3,38,267,51.2
2017-09-24 20:00:00,1,20170924201,2017,9,24,20,6,1,3,38,267,51.01
2017-09-24 21:00:00,1,20170924211,2017,9,24,21,6,1,3,38,267,49.29
2017-09-24 22:00:00,1,20170924221,2017,9,24,22,6,1,3,38,267,50.49
2017-09-24 23:00:00,1,20170924231,2017,9,24,23,6,1,3,38,267,49.26
2017-09-25 00:00:00,1,20170925001,2017,9,25,0,0,0,3,39,268,44.53
2017-09-25 01:00:00,1,20170925011,2017,9,25,1,0,0,3,39,268,40.58
2017-09-25 02:00:00,1,20170925021,2017,9,25,2,0,0,3,39,268,34.2
2017-09-25 03:00:00,1,20170925031,2017,9,25,3,0,0,3,39,268,30.38
2017-09-25 04:00:00,1,20170925041,2017,9,25,4,0,0,3,39,268,25.18
2017-09-25 05:00:00,1,20170925051,2017,9,25,5,0,0,3,39,268,25.43
2017-09-25 06:00:00,1,20170925061,2017,9,25,6,0,0,3,39,268,31.13
2017-09-25 07:00:00,1,20170925071,2017,9,25,7,0,0,3,39,268,34.74
2017-09-25 08:00:00,1,20170925081,2017,9,25,8,0,0,3,39,268,40.99
2017-09-25 09:00:00,1,20170925091,2017,9,25,9,0,0,3,39,268,46.76
2017-09-25 10:00:00,1,20170925101,2017,9,25,10,0,0,3,39,268,57.85
2017-09-25 11:00:00,1,20170925111,2017,9,25,11,0,0,3,39,268,77.33
2017-09-25 12:00:00,1,20170925121,2017,9,25,12,0,0,3,39,268,77.01
2017-09-25 13:00:00,1,20170925131,2017,9,25,13,0,0,3,39,268,68.01
2017-09-25 14:00:00,1,20170925141,2017,9,25,14,0,0,3,39,268,73.26
2017-09-25 15:00:00,1,20170925151,2017,9,25,15,0,0,3,39,268,71.67
2017-09-25 16:00:00,1,20170925161,2017,9,25,16,0,0,3,39,268,71.21
2017-09-25 17:00:00,1,20170925171,2017,9,25,17,0,0,3,39,268,71.34
2017-09-25 18:00:00,1,20170925181,2017,9,25,18,0,0,3,39,268,75.75
2017-09-25 19:00:00,1,20170925191,2017,9,25,19,0,0,3,39,268,75.12
2017-09-25 20:00:00,1,20170925201,2017,9,25,20,0,0,3,39,268,72.58
2017-09-25 21:00:00,1,20170925211,2017,9,25,21,0,0,3,39,268,66.91
2017-09-25 22:00:00,1,20170925221,2017,9,25,22,0,0,3,39,268,68.16
2017-09-25 23:00:00,1,20170925231,2017,9,25,23,0,0,3,39,268,63.05
2017-09-26 00:00:00,1,20170926001,2017,9,26,0,1,0,3,39,269,57.33
2017-09-26 01:00:00,1,20170926011,2017,9,26,1,1,0,3,39,269,50.71
2017-09-26 02:00:00,1,20170926021,2017,9,26,2,1,0,3,39,269,43.25
2017-09-26 03:00:00,1,20170926031,2017,9,26,3,1,0,3,39,269,34.03
2017-09-26 04:00:00,1,20170926041,2017,9,26,4,1,0,3,39,269,29.92
2017-09-26 05:00:00,1,20170926051,2017,9,26,5,1,0,3,39,269,27.58
2017-09-26 06:00:00,1,20170926061,2017,9,26,6,1,0,3,39,269,31.24
2017-09-26 07:00:00,1,20170926071,2017,9,26,7,1,0,3,39,269,34.62
2017-09-26 08:00:00,1,20170926081,2017,9,26,8,1,0,3,39,269,40.8
2017-09-26 09:00:00,1,20170926091,2017,9,26,9,1,0,3,39,269,48.26
2017-09-26 10:00:00,1,20170926101,2017,9,26,10,1,0,3,39,269,57.12
2017-09-26 11:00:00,1,20170926111,2017,9,26,11,1,0,3,39,269,69.83
2017-09-26 12:00:00,1,20170926121,2017,9,26,12,1,0,3,39,269,71.38
2017-09-26 13:00:00,1,20170926131,2017,9,26,13,1,0,3,39,269,62.65
2017-09-26 14:00:00,1,20170926141,2017,9,26,14,1,0,3,39,269,69.11
2017-09-26 15:00:00,1,20170926151,2017,9,26,15,1,0,3,39,269,68.34
2017-09-26 16:00:00,1,20170926161,2017,9,26,16,1,0,3,39,269,65.86
2017-09-26 17:00:00,1,20170926171,2017,9,26,17,1,0,3,39,269,65.91
2017-09-26 18:00:00,1,20170926181,2017,9,26,18,1,0,3,39,269,72.99
2017-09-26 19:00:00,1,20170926191,2017,9,26,19,1,0,3,39,269,74.59
2017-09-26 20:00:00,1,20170926201,2017,9,26,20,1,0,3,39,269,71.72
2017-09-26 21:00:00,1,20170926211,2017,9,26,21,1,0,3,39,269,66.61
2017-09-26 22:00:00,1,20170926221,2017,9,26,22,1,0,3,39,269,67.33
2017-09-26 23:00:00,1,20170926231,2017,9,26,23,1,0,3,39,269,63.52
2017-09-27 00:00:00,1,20170927001,2017,9,27,0,2,0,3,39,270,57.55
2017-09-27 01:00:00,1,20170927011,2017,9,27,1,2,0,3,39,270,50.44
2017-09-27 02:00:00,1,20170927021,2017,9,27,2,2,0,3,39,270,43.51
2017-09-27 03:00:00,1,20170927031,2017,9,27,3,2,0,3,39,270,33.7
2017-09-27 04:00:00,1,20170927041,2017,9,27,4,2,0,3,39,270,29.63
2017-09-27 05:00:00,1,20170927051,2017,9,27,5,2,0,3,39,270,27.8
2017-09-27 06:00:00,1,20170927061,2017,9,27,6,2,0,3,39,270,31.03
2017-09-27 07:00:00,1,20170927071,2017,9,27,7,2,0,3,39,270,34.85
2017-09-27 08:00:00,1,20170927081,2017,9,27,8,2,0,3,39,270,39.72
2017-09-27 09:00:00,1,20170927091,2017,9,27,9,2,0,3,39,270,47.48
2017-09-27 10:00:00,1,20170927101,2017,9,27,10,2,0,3,39,270,58.79
2017-09-27 11:00:00,1,20170927111,2017,9,27,11,2,0,3,39,270,75.92
2017-09-27 12:00:00,1,20170927121,2017,9,27,12,2,0,3,39,270,75.31
2017-09-27 13:00:00,1,20170927131,2017,9,27,13,2,0,3,39,270,67.24
2017-09-27 14:00:00,1,20170927141,2017,9,27,14,2,0,3,39,270,74.77
2017-09-27 15:00:00,1,20170927151,2017,9,27,15,2,0,3,39,270,73.43
2017-09-27 16:00:00,1,20170927161,2017,9,27,16,2,0,3,39,270,71.38
2017-09-27 17:00:00,1,20170927171,2017,9,27,17,2,0,3,39,270,72.67
2017-09-27 18:00:00,1,20170927181,2017,9,27,18,2,0,3,39,270,77.56
2017-09-27 19:00:00,1,20170927191,2017,9,27,19,2,0,3,39,270,80.69
2017-09-27 20:00:00,1,20170927201,2017,9,27,20,2,0,3,39,270,76.9
2017-09-27 21:00:00,1,20170927211,2017,9,27,21,2,0,3,39,270,69.9
2017-09-27 22:00:00,1,20170927221,2017,9,27,22,2,0,3,39,270,68.54
2017-09-27 23:00:00,1,20170927231,2017,9,27,23,2,0,3,39,270,63.57
2017-09-28 00:00:00,1,20170928001,2017,9,28,0,3,0,3,39,271,57.81
2017-09-28 01:00:00,1,20170928011,2017,9,28,1,3,0,3,39,271,50.11
2017-09-28 02:00:00,1,20170928021,2017,9,28,2,3,0,3,39,271,44.17
2017-09-28 03:00:00,1,20170928031,2017,9,28,3,3,0,3,39,271,33.29
2017-09-28 04:00:00,1,20170928041,2017,9,28,4,3,0,3,39,271,29.8
2017-09-28 05:00:00,1,20170928051,2017,9,28,5,3,0,3,39,271,28.55
2017-09-28 06:00:00,1,20170928061,2017,9,28,6,3,0,3,39,271,30.14
2017-09-28 07:00:00,1,20170928071,2017,9,28,7,3,0,3,39,271,34.83
2017-09-28 08:00:00,1,20170928081,2017,9,28,8,3,0,3,39,271,39.41
2017-09-28 09:00:00,1,20170928091,2017,9,28,9,3,0,3,39,271,47.26
2017-09-28 10:00:00,1,20170928101,2017,9,28,10,3,0,3,39,271,62.23
2017-09-28 11:00:00,1,20170928111,2017,9,28,11,3,0,3,39,271,70.28
2017-09-28 12:00:00,1,20170928121,2017,9,28,12,3,0,3,39,271,73.32
2017-09-28 13:00:00,1,20170928131,2017,9,28,13,3,0,3,39,271,65.39
2017-09-28 14:00:00,1,20170928141,2017,9,28,14,3,0,3,39,271,67.77
2017-09-28 15:00:00,1,20170928151,2017,9,28,15,3,0,3,39,271,65.85
2017-09-28 16:00:00,1,20170928161,2017,9,28,16,3,0,3,39,271,63.2
2017-09-28 17:00:00,1,20170928171,2017,9,28,17,3,0,3,39,271,63.87
2017-09-28 18:00:00,1,20170928181,2017,9,28,18,3,0,3,39,271,72.98
2017-09-28 19:00:00,1,20170928191,2017,9,28,19,3,0,3,39,271,74.03
2017-09-28 20:00:00,1,20170928201,2017,9,28,20,3,0,3,39,271,71.05
2017-09-28 21:00:00,1,20170928211,2017,9,28,21,3,0,3,39,271,65.34
2017-09-28 22:00:00,1,20170928221,2017,9,28,22,3,0,3,39,271,64.86
2017-09-28 23:00:00,1,20170928231,2017,9,28,23,3,0,3,39,271,61.01
2017-09-29 00:00:00,1,20170929001,2017,9,29,0,4,0,3,39,272,57.13
2017-09-29 01:00:00,1,20170929011,2017,9,29,1,4,0,3,39,272,49.53
2017-09-29 02:00:00,1,20170929021,2017,9,29,2,4,0,3,39,272,43.2
2017-09-29 03:00:00,1,20170929031,2017,9,29,3,4,0,3,39,272,32.06
2017-09-29 04:00:00,1,20170929041,2017,9,29,4,4,0,3,39,272,29.13
2017-09-29 05:00:00,1,20170929051,2017,9,29,5,4,0,3,39,272,28.01
2017-09-29 06:00:00,1,20170929061,2017,9,29,6,4,0,3,39,272,30.32
2017-09-29 07:00:00,1,20170929071,2017,9,29,7,4,0,3,39,272,34.82
2017-09-29 08:00:00,1,20170929081,2017,9,29,8,4,0,3,39,272,39.59
2017-09-29 09:00:00,1,20170929091,2017,9,29,9,4,0,3,39,272,46.34
2017-09-29 10:00:00,1,20170929101,2017,9,29,10,4,0,3,39,272,58.4
2017-09-29 11:00:00,1,20170929111,2017,9,29,11,4,0,3,39,272,70.88
2017-09-29 12:00:00,1,20170929121,2017,9,29,12,4,0,3,39,272,75.12
2017-09-29 13:00:00,1,20170929131,2017,9,29,13,4,0,3,39,272,64.95
2017-09-29 14:00:00,1,20170929141,2017,9,29,14,4,0,3,39,272,67.03
2017-09-29 15:00:00,1,20170929151,2017,9,29,15,4,0,3,39,272,66.27
2017-09-29 16:00:00,1,20170929161,2017,9,29,16,4,0,3,39,272,64.63
2017-09-29 17:00:00,1,20170929171,2017,9,29,17,4,0,3,39,272,64.79
2017-09-29 18:00:00,1,20170929181,2017,9,29,18,4,0,3,39,272,72.36
2017-09-29 19:00:00,1,20170929191,2017,9,29,19,4,0,3,39,272,73.55
2017-09-29 20:00:00,1,20170929201,2017,9,29,20,4,0,3,39,272,71.09
2017-09-29 21:00:00,1,20170929211,2017,9,29,21,4,0,3,39,272,66.64
2017-09-29 22:00:00,1,20170929221,2017,9,29,22,4,0,3,39,272,65.76
2017-09-29 23:00:00,1,20170929231,2017,9,29,23,4,0,3,39,272,61.62
2017-09-30 00:00:00,1,20170930001,2017,9,30,0,5,1,3,39,273,56.8
2017-09-30 01:00:00,1,20170930011,2017,9,30,1,5,1,3,39,273,49.74
2017-09-30 02:00:00,1,20170930021,2017,9,30,2,5,1,3,39,273,41.89
2017-09-30 03:00:00,1,20170930031,2017,9,30,3,5,1,3,39,273,34.23
2017-09-30 04:00:00,1,20170930041,2017,9,30,4,5,1,3,39,273,29.04
2017-09-30 05:00:00,1,20170930051,2017,9,30,5,5,1,3,39,273,25.04
2017-09-30 06:00:00,1,20170930061,2017,9,30,6,5,1,3,39,273,27.49
2017-09-30 07:00:00,1,20170930071,2017,9,30,7,5,1,3,39,273,29.33
2017-09-30 08:00:00,1,20170930081,2017,9,30,8,5,1,3,39,273,31.49
2017-09-30 09:00:00,1,20170930091,2017,9,30,9,5,1,3,39,273,34.79
2017-09-30 10:00:00,1,20170930101,2017,9,30,10,5,1,3,39,273,37.75
2017-09-30 11:00:00,1,20170930111,2017,9,30,11,5,1,3,39,273,38.65
2017-09-30 12:00:00,1,20170930121,2017,9,30,12,5,1,3,39,273,38.91
2017-09-30 13:00:00,1,20170930131,2017,9,30,13,5,1,3,39,273,35.07
2017-09-30 14:00:00,1,20170930141,2017,9,30,14,5,1,3,39,273,34.13
2017-09-30 15:00:00,1,20170930151,2017,9,30,15,5,1,3,39,273,35.64
2017-09-30 16:00:00,1,20170930161,2017,9,30,16,5,1,3,39,273,36.52
2017-09-30 17:00:00,1,20170930171,2017,9,30,17,5,1,3,39,273,37.96
2017-09-30 18:00:00,1,20170930181,2017,9,30,18,5,1,3,39,273,43.21
2017-09-30 19:00:00,1,20170930191,2017,9,30,19,5,1,3,39,273,43.32
2017-09-30 20:00:00,1,20170930201,2017,9,30,20,5,1,3,39,273,42.63
2017-09-30 21:00:00,1,20170930211,2017,9,30,21,5,1,3,39,273,43.25
2017-09-30 22:00:00,1,20170930221,2017,9,30,22,5,1,3,39,273,45.21
2017-09-30 23:00:00,1,20170930231,2017,9,30,23,5,1,3,39,273,45.48
2017-10-01 00:00:00,1,20171001001,2017,10,1,0,6,1,4,39,274,43.87
2017-10-01 01:00:00,1,20171001011,2017,10,1,1,6,1,4,39,274,37.99
2017-10-01 02:00:00,1,20171001021,2017,10,1,2,6,1,4,39,274,30.28
2017-10-01 03:00:00,1,20171001031,2017,10,1,3,6,1,4,39,274,27.61
2017-10-01 04:00:00,1,20171001041,2017,10,1,4,6,1,4,39,274,24.14
2017-10-01 05:00:00,1,20171001051,2017,10,1,5,6,1,4,39,274,22.98
2017-10-01 06:00:00,1,20171001061,2017,10,1,6,6,1,4,39,274,21.97
2017-10-01 07:00:00,1,20171001071,2017,10,1,7,6,1,4,39,274,24.16
2017-10-01 08:00:00,1,20171001081,2017,10,1,8,6,1,4,39,274,29.49
2017-10-01 09:00:00,1,20171001091,2017,10,1,9,6,1,4,39,274,34.4
2017-10-01 10:00:00,1,20171001101,2017,10,1,10,6,1,4,39,274,38.37
2017-10-01 11:00:00,1,20171001111,2017,10,1,11,6,1,4,39,274,39.27
2017-10-01 12:00:00,1,20171001121,2017,10,1,12,6,1,4,39,274,38.41
2017-10-01 13:00:00,1,20171001131,2017,10,1,13,6,1,4,39,274,37.39
2017-10-01 14:00:00,1,20171001141,2017,10,1,14,6,1,4,39,274,35.86
2017-10-01 15:00:00,1,20171001151,2017,10,1,15,6,1,4,39,274,36.34
2017-10-01 16:00:00,1,20171001161,2017,10,1,16,6,1,4,39,274,36.11
2017-10-01 17:00:00,1,20171001171,2017,10,1,17,6,1,4,39,274,35.78
2017-10-01 18:00:00,1,20171001181,2017,10,1,18,6,1,4,39,274,43.62
2017-10-01 19:00:00,1,20171001191,2017,10,1,19,6,1,4,39,274,51.1
2017-10-01 20:00:00,1,20171001201,2017,10,1,20,6,1,4,39,274,48.71
2017-10-01 21:00:00,1,20171001211,2017,10,1,21,6,1,4,39,274,49.04
2017-10-01 22:00:00,1,20171001221,2017,10,1,22,6,1,4,39,274,50.6
2017-10-01 23:00:00,1,20171001231,2017,10,1,23,6,1,4,39,274,48.21
2017-10-02 00:00:00,1,20171002001,2017,10,2,0,0,0,4,40,275,45.55
2017-10-02 01:00:00,1,20171002011,2017,10,2,1,0,0,4,40,275,39.6
2017-10-02 02:00:00,1,20171002021,2017,10,2,2,0,0,4,40,275,34.09
2017-10-02 03:00:00,1,20171002031,2017,10,2,3,0,0,4,40,275,31.87
2017-10-02 04:00:00,1,20171002041,2017,10,2,4,0,0,4,40,275,25.6
2017-10-02 05:00:00,1,20171002051,2017,10,2,5,0,0,4,40,275,25.04
2017-10-02 06:00:00,1,20171002061,2017,10,2,6,0,0,4,40,275,28.98
2017-10-02 07:00:00,1,20171002071,2017,10,2,7,0,0,4,40,275,34.74
2017-10-02 08:00:00,1,20171002081,2017,10,2,8,0,0,4,40,275,41.19
2017-10-02 09:00:00,1,20171002091,2017,10,2,9,0,0,4,40,275,48.0
2017-10-02 10:00:00,1,20171002101,2017,10,2,10,0,0,4,40,275,56.84
2017-10-02 11:00:00,1,20171002111,2017,10,2,11,0,0,4,40,275,65.81
2017-10-02 12:00:00,1,20171002121,2017,10,2,12,0,0,4,40,275,66.47
2017-10-02 13:00:00,1,20171002131,2017,10,2,13,0,0,4,40,275,59.98
2017-10-02 14:00:00,1,20171002141,2017,10,2,14,0,0,4,40,275,62.46
2017-10-02 15:00:00,1,20171002151,2017,10,2,15,0,0,4,40,275,65.55
2017-10-02 16:00:00,1,20171002161,2017,10,2,16,0,0,4,40,275,60.05
2017-10-02 17:00:00,1,20171002171,2017,10,2,17,0,0,4,40,275,62.28
2017-10-02 18:00:00,1,20171002181,2017,10,2,18,0,0,4,40,275,70.02
2017-10-02 19:00:00,1,20171002191,2017,10,2,19,0,0,4,40,275,75.59
2017-10-02 20:00:00,1,20171002201,2017,10,2,20,0,0,4,40,275,78.51
2017-10-02 21:00:00,1,20171002211,2017,10,2,21,0,0,4,40,275,77.14
2017-10-02 22:00:00,1,20171002221,2017,10,2,22,0,0,4,40,275,74.55
2017-10-02 23:00:00,1,20171002231,2017,10,2,23,0,0,4,40,275,69.85
2017-10-03 00:00:00,1,20171003001,2017,10,3,0,1,0,4,40,276,60.22
2017-10-03 01:00:00,1,20171003011,2017,10,3,1,1,0,4,40,276,52.62
2017-10-03 02:00:00,1,20171003021,2017,10,3,2,1,0,4,40,276,47.04
2017-10-03 03:00:00,1,20171003031,2017,10,3,3,1,0,4,40,276,37.08
2017-10-03 04:00:00,1,20171003041,2017,10,3,4,1,0,4,40,276,34.3
2017-10-03 05:00:00,1,20171003051,2017,10,3,5,1,0,4,40,276,33.16
2017-10-03 06:00:00,1,20171003061,2017,10,3,6,1,0,4,40,276,32.38
2017-10-03 07:00:00,1,20171003071,2017,10,3,7,1,0,4,40,276,39.21
2017-10-03 08:00:00,1,20171003081,2017,10,3,8,1,0,4,40,276,42.72
2017-10-03 09:00:00,1,20171003091,2017,10,3,9,1,0,4,40,276,50.39
2017-10-03 10:00:00,1,20171003101,2017,10,3,10,1,0,4,40,276,58.51
2017-10-03 11:00:00,1,20171003111,2017,10,3,11,1,0,4,40,276,67.45
2017-10-03 12:00:00,1,20171003121,2017,10,3,12,1,0,4,40,276,67.81
2017-10-03 13:00:00,1,20171003131,2017,10,3,13,1,0,4,40,276,63.05
2017-10-03 14:00:00,1,20171003141,2017,10,3,14,1,0,4,40,276,65.49
2017-10-03 15:00:00,1,20171003151,2017,10,3,15,1,0,4,40,276,68.17
2017-10-03 16:00:00,1,20171003161,2017,10,3,16,1,0,4,40,276,63.5
2017-10-03 17:00:00,1,20171003171,2017,10,3,17,1,0,4,40,276,64.3
2017-10-03 18:00:00,1,20171003181,2017,10,3,18,1,0,4,40,276,70.01
2017-10-03 19:00:00,1,20171003191,2017,10,3,19,1,0,4,40,276,76.68
2017-10-03 20:00:00,1,20171003201,2017,10,3,20,1,0,4,40,276,75.15
2017-10-03 21:00:00,1,20171003211,2017,10,3,21,1,0,4,40,276,73.67
2017-10-03 22:00:00,1,20171003221,2017,10,3,22,1,0,4,40,276,70.55
2017-10-03 23:00:00,1,20171003231,2017,10,3,23,1,0,4,40,276,67.12
2017-10-04 00:00:00,1,20171004001,2017,10,4,0,2,0,4,40,277,60.81
2017-10-04 01:00:00,1,20171004011,2017,10,4,1,2,0,4,40,277,53.01
2017-10-04 02:00:00,1,20171004021,2017,10,4,2,2,0,4,40,277,46.33
2017-10-04 03:00:00,1,20171004031,2017,10,4,3,2,0,4,40,277,37.19
2017-10-04 04:00:00,1,20171004041,2017,10,4,4,2,0,4,40,277,34.81
2017-10-04 05:00:00,1,20171004051,2017,10,4,5,2,0,4,40,277,33.68
2017-10-04 06:00:00,1,20171004061,2017,10,4,6,2,0,4,40,277,33.16
2017-10-04 07:00:00,1,20171004071,2017,10,4,7,2,0,4,40,277,39.56
2017-10-04 08:00:00,1,20171004081,2017,10,4,8,2,0,4,40,277,43.28
2017-10-04 09:00:00,1,20171004091,2017,10,4,9,2,0,4,40,277,49.44
2017-10-04 10:00:00,1,20171004101,2017,10,4,10,2,0,4,40,277,59.48
2017-10-04 11:00:00,1,20171004111,2017,10,4,11,2,0,4,40,277,67.56
2017-10-04 12:00:00,1,20171004121,2017,10,4,12,2,0,4,40,277,67.85
2017-10-04 13:00:00,1,20171004131,2017,10,4,13,2,0,4,40,277,63.22
2017-10-04 14:00:00,1,20171004141,2017,10,4,14,2,0,4,40,277,66.2
2017-10-04 15:00:00,1,20171004151,2017,10,4,15,2,0,4,40,277,68.25
2017-10-04 16:00:00,1,20171004161,2017,10,4,16,2,0,4,40,277,63.36
2017-10-04 17:00:00,1,20171004171,2017,10,4,17,2,0,4,40,277,64.62
2017-10-04 18:00:00,1,20171004181,2017,10,4,18,2,0,4,40,277,69.28
2017-10-04 19:00:00,1,20171004191,2017,10,4,19,2,0,4,40,277,74.25
2017-10-04 20:00:00,1,20171004201,2017,10,4,20,2,0,4,40,277,71.15
2017-10-04 21:00:00,1,20171004211,2017,10,4,21,2,0,4,40,277,69.74
2017-10-04 22:00:00,1,20171004221,2017,10,4,22,2,0,4,40,277,67.3
2017-10-04 23:00:00,1,20171004231,2017,10,4,23,2,0,4,40,277,65.48
2017-10-05 00:00:00,1,20171005001,2017,10,5,0,3,0,4,40,278,60.66
2017-10-05 01:00:00,1,20171005011,2017,10,5,1,3,0,4,40,278,51.1
2017-10-05 02:00:00,1,20171005021,2017,10,5,2,3,0,4,40,278,44.45
2017-10-05 03:00:00,1,20171005031,2017,10,5,3,3,0,4,40,278,35.05
2017-10-05 04:00:00,1,20171005041,2017,10,5,4,3,0,4,40,278,29.2
2017-10-05 05:00:00,1,20171005051,2017,10,5,5,3,0,4,40,278,29.97
2017-10-05 06:00:00,1,20171005061,2017,10,5,6,3,0,4,40,278,31.31
2017-10-05 07:00:00,1,20171005071,2017,10,5,7,3,0,4,40,278,37.02
2017-10-05 08:00:00,1,20171005081,2017,10,5,8,3,0,4,40,278,42.93
2017-10-05 09:00:00,1,20171005091,2017,10,5,9,3,0,4,40,278,48.86
2017-10-05 10:00:00,1,20171005101,2017,10,5,10,3,0,4,40,278,60.08
2017-10-05 11:00:00,1,20171005111,2017,10,5,11,3,0,4,40,278,66.81
2017-10-05 12:00:00,1,20171005121,2017,10,5,12,3,0,4,40,278,67.45
2017-10-05 13:00:00,1,20171005131,2017,10,5,13,3,0,4,40,278,60.57
2017-10-05 14:00:00,1,20171005141,2017,10,5,14,3,0,4,40,278,65.03
2017-10-05 15:00:00,1,20171005151,2017,10,5,15,3,0,4,40,278,65.57
2017-10-05 16:00:00,1,20171005161,2017,10,5,16,3,0,4,40,278,61.07
2017-10-05 17:00:00,1,20171005171,2017,10,5,17,3,0,4,40,278,63.95
2017-10-05 18:00:00,1,20171005181,2017,10,5,18,3,0,4,40,278,68.84
2017-10-05 19:00:00,1,20171005191,2017,10,5,19,3,0,4,40,278,73.79
2017-10-05 20:00:00,1,20171005201,2017,10,5,20,3,0,4,40,278,69.69
2017-10-05 21:00:00,1,20171005211,2017,10,5,21,3,0,4,40,278,66.53
2017-10-05 22:00:00,1,20171005221,2017,10,5,22,3,0,4,40,278,65.0
2017-10-05 23:00:00,1,20171005231,2017,10,5,23,3,0,4,40,278,62.88
2017-10-06 00:00:00,1,20171006001,2017,10,6,0,4,0,4,40,279,58.85
2017-10-06 01:00:00,1,20171006011,2017,10,6,1,4,0,4,40,279,48.32
2017-10-06 02:00:00,1,20171006021,2017,10,6,2,4,0,4,40,279,42.4
2017-10-06 03:00:00,1,20171006031,2017,10,6,3,4,0,4,40,279,32.32
2017-10-06 04:00:00,1,20171006041,2017,10,6,4,4,0,4,40,279,28.28
2017-10-06 05:00:00,1,20171006051,2017,10,6,5,4,0,4,40,279,29.44
2017-10-06 06:00:00,1,20171006061,2017,10,6,6,4,0,4,40,279,30.03
2017-10-06 07:00:00,1,20171006071,2017,10,6,7,4,0,4,40,279,33.93
2017-10-06 08:00:00,1,20171006081,2017,10,6,8,4,0,4,40,279,40.29
2017-10-06 09:00:00,1,20171006091,2017,10,6,9,4,0,4,40,279,46.95
2017-10-06 10:00:00,1,20171006101,2017,10,6,10,4,0,4,40,279,54.21
2017-10-06 11:00:00,1,20171006111,2017,10,6,11,4,0,4,40,279,57.47
2017-10-06 12:00:00,1,20171006121,2017,10,6,12,4,0,4,40,279,57.85
2017-10-06 13:00:00,1,20171006131,2017,10,6,13,4,0,4,40,279,54.7
2017-10-06 14:00:00,1,20171006141,2017,10,6,14,4,0,4,40,279,55.05
2017-10-06 15:00:00,1,20171006151,2017,10,6,15,4,0,4,40,279,57.01
2017-10-06 16:00:00,1,20171006161,2017,10,6,16,4,0,4,40,279,55.57
2017-10-06 17:00:00,1,20171006171,2017,10,6,17,4,0,4,40,279,51.79
2017-10-06 18:00:00,1,20171006181,2017,10,6,18,4,0,4,40,279,57.66
2017-10-06 19:00:00,1,20171006191,2017,10,6,19,4,0,4,40,279,63.77
2017-10-06 20:00:00,1,20171006201,2017,10,6,20,4,0,4,40,279,60.44
2017-10-06 21:00:00,1,20171006211,2017,10,6,21,4,0,4,40,279,59.89
2017-10-06 22:00:00,1,20171006221,2017,10,6,22,4,0,4,40,279,57.71
2017-10-06 23:00:00,1,20171006231,2017,10,6,23,4,0,4,40,279,52.9
2017-10-07 00:00:00,1,20171007001,2017,10,7,0,5,1,4,40,280,53.05
2017-10-07 01:00:00,1,20171007011,2017,10,7,1,5,1,4,40,280,44.9
2017-10-07 02:00:00,1,20171007021,2017,10,7,2,5,1,4,40,280,35.9
2017-10-07 03:00:00,1,20171007031,2017,10,7,3,5,1,4,40,280,29.08
2017-10-07 04:00:00,1,20171007041,2017,10,7,4,5,1,4,40,280,23.83
2017-10-07 05:00:00,1,20171007051,2017,10,7,5,5,1,4,40,280,21.74
2017-10-07 06:00:00,1,20171007061,2017,10,7,6,5,1,4,40,280,23.33
2017-10-07 07:00:00,1,20171007071,2017,10,7,7,5,1,4,40,280,25.15
2017-10-07 08:00:00,1,20171007081,2017,10,7,8,5,1,4,40,280,28.75
2017-10-07 09:00:00,1,20171007091,2017,10,7,9,5,1,4,40,280,31.66
2017-10-07 10:00:00,1,20171007101,2017,10,7,10,5,1,4,40,280,37.15
2017-10-07 11:00:00,1,20171007111,2017,10,7,11,5,1,4,40,280,38.43
2017-10-07 12:00:00,1,20171007121,2017,10,7,12,5,1,4,40,280,38.37
2017-10-07 13:00:00,1,20171007131,2017,10,7,13,5,1,4,40,280,37.77
2017-10-07 14:00:00,1,20171007141,2017,10,7,14,5,1,4,40,280,37.38
2017-10-07 15:00:00,1,20171007151,2017,10,7,15,5,1,4,40,280,36.82
2017-10-07 16:00:00,1,20171007161,2017,10,7,16,5,1,4,40,280,36.12
2017-10-07 17:00:00,1,20171007171,2017,10,7,17,5,1,4,40,280,36.62
2017-10-07 18:00:00,1,20171007181,2017,10,7,18,5,1,4,40,280,39.96
2017-10-07 19:00:00,1,20171007191,2017,10,7,19,5,1,4,40,280,41.75
2017-10-07 20:00:00,1,20171007201,2017,10,7,20,5,1,4,40,280,43.13
2017-10-07 21:00:00,1,20171007211,2017,10,7,21,5,1,4,40,280,42.02
2017-10-07 22:00:00,1,20171007221,2017,10,7,22,5,1,4,40,280,41.87
2017-10-07 23:00:00,1,20171007231,2017,10,7,23,5,1,4,40,280,42.43
2017-10-08 00:00:00,1,20171008001,2017,10,8,0,6,1,4,40,281,37.36
2017-10-08 01:00:00,1,20171008011,2017,10,8,1,6,1,4,40,281,34.22
2017-10-08 02:00:00,1,20171008021,2017,10,8,2,6,1,4,40,281,27.41
2017-10-08 03:00:00,1,20171008031,2017,10,8,3,6,1,4,40,281,25.89
2017-10-08 04:00:00,1,20171008041,2017,10,8,4,6,1,4,40,281,22.72
2017-10-08 05:00:00,1,20171008051,2017,10,8,5,6,1,4,40,281,21.63
2017-10-08 06:00:00,1,20171008061,2017,10,8,6,6,1,4,40,281,21.89
2017-10-08 07:00:00,1,20171008071,2017,10,8,7,6,1,4,40,281,24.75
2017-10-08 08:00:00,1,20171008081,2017,10,8,8,6,1,4,40,281,26.68
2017-10-08 09:00:00,1,20171008091,2017,10,8,9,6,1,4,40,281,28.91
2017-10-08 10:00:00,1,20171008101,2017,10,8,10,6,1,4,40,281,35.74
2017-10-08 11:00:00,1,20171008111,2017,10,8,11,6,1,4,40,281,37.23
2017-10-08 12:00:00,1,20171008121,2017,10,8,12,6,1,4,40,281,37.99
2017-10-08 13:00:00,1,20171008131,2017,10,8,13,6,1,4,40,281,36.13
2017-10-08 14:00:00,1,20171008141,2017,10,8,14,6,1,4,40,281,37.05
2017-10-08 15:00:00,1,20171008151,2017,10,8,15,6,1,4,40,281,36.04
2017-10-08 16:00:00,1,20171008161,2017,10,8,16,6,1,4,40,281,34.77
2017-10-08 17:00:00,1,20171008171,2017,10,8,17,6,1,4,40,281,34.87
2017-10-08 18:00:00,1,20171008181,2017,10,8,18,6,1,4,40,281,43.86
2017-10-08 19:00:00,1,20171008191,2017,10,8,19,6,1,4,40,281,53.87
2017-10-08 20:00:00,1,20171008201,2017,10,8,20,6,1,4,40,281,51.04
2017-10-08 21:00:00,1,20171008211,2017,10,8,21,6,1,4,40,281,48.19
2017-10-08 22:00:00,1,20171008221,2017,10,8,22,6,1,4,40,281,47.96
2017-10-08 23:00:00,1,20171008231,2017,10,8,23,6,1,4,40,281,45.95
2017-10-09 00:00:00,1,20171009001,2017,10,9,0,0,0,4,41,282,46.96
2017-10-09 01:00:00,1,20171009011,2017,10,9,1,0,0,4,41,282,38.06
2017-10-09 02:00:00,1,20171009021,2017,10,9,2,0,0,4,41,282,33.83
2017-10-09 03:00:00,1,20171009031,2017,10,9,3,0,0,4,41,282,30.31
2017-10-09 04:00:00,1,20171009041,2017,10,9,4,0,0,4,41,282,23.93
2017-10-09 05:00:00,1,20171009051,2017,10,9,5,0,0,4,41,282,24.28
2017-10-09 06:00:00,1,20171009061,2017,10,9,6,0,0,4,41,282,29.96
2017-10-09 07:00:00,1,20171009071,2017,10,9,7,0,0,4,41,282,28.94
2017-10-09 08:00:00,1,20171009081,2017,10,9,8,0,0,4,41,282,35.79
2017-10-09 09:00:00,1,20171009091,2017,10,9,9,0,0,4,41,282,43.29
2017-10-09 10:00:00,1,20171009101,2017,10,9,10,0,0,4,41,282,55.9
2017-10-09 11:00:00,1,20171009111,2017,10,9,11,0,0,4,41,282,65.14
2017-10-09 12:00:00,1,20171009121,2017,10,9,12,0,0,4,41,282,64.66
2017-10-09 13:00:00,1,20171009131,2017,10,9,13,0,0,4,41,282,59.9
2017-10-09 14:00:00,1,20171009141,2017,10,9,14,0,0,4,41,282,62.33
2017-10-09 15:00:00,1,20171009151,2017,10,9,15,0,0,4,41,282,62.13
2017-10-09 16:00:00,1,20171009161,2017,10,9,16,0,0,4,41,282,61.33
2017-10-09 17:00:00,1,20171009171,2017,10,9,17,0,0,4,41,282,63.1
2017-10-09 18:00:00,1,20171009181,2017,10,9,18,0,0,4,41,282,67.01
2017-10-09 19:00:00,1,20171009191,2017,10,9,19,0,0,4,41,282,72.63
2017-10-09 20:00:00,1,20171009201,2017,10,9,20,0,0,4,41,282,69.16
2017-10-09 21:00:00,1,20171009211,2017,10,9,21,0,0,4,41,282,64.94
2017-10-09 22:00:00,1,20171009221,2017,10,9,22,0,0,4,41,282,63.53
2017-10-09 23:00:00,1,20171009231,2017,10,9,23,0,0,4,41,282,59.23
2017-10-10 00:00:00,1,20171010001,2017,10,10,0,1,0,4,41,283,56.14
2017-10-10 01:00:00,1,20171010011,2017,10,10,1,1,0,4,41,283,47.33
2017-10-10 02:00:00,1,20171010021,2017,10,10,2,1,0,4,41,283,43.49
2017-10-10 03:00:00,1,20171010031,2017,10,10,3,1,0,4,41,283,33.37
2017-10-10 04:00:00,1,20171010041,2017,10,10,4,1,0,4,41,283,28.26
2017-10-10 05:00:00,1,20171010051,2017,10,10,5,1,0,4,41,283,29.12
2017-10-10 06:00:00,1,20171010061,2017,10,10,6,1,0,4,41,283,30.88
2017-10-10 07:00:00,1,20171010071,2017,10,10,7,1,0,4,41,283,32.21
2017-10-10 08:00:00,1,20171010081,2017,10,10,8,1,0,4,41,283,37.38
2017-10-10 09:00:00,1,20171010091,2017,10,10,9,1,0,4,41,283,43.92
2017-10-10 10:00:00,1,20171010101,2017,10,10,10,1,0,4,41,283,54.32
2017-10-10 11:00:00,1,20171010111,2017,10,10,11,1,0,4,41,283,60.25
2017-10-10 12:00:00,1,20171010121,2017,10,10,12,1,0,4,41,283,60.71
2017-10-10 13:00:00,1,20171010131,2017,10,10,13,1,0,4,41,283,58.14
2017-10-10 14:00:00,1,20171010141,2017,10,10,14,1,0,4,41,283,60.3
2017-10-10 15:00:00,1,20171010151,2017,10,10,15,1,0,4,41,283,59.82
2017-10-10 16:00:00,1,20171010161,2017,10,10,16,1,0,4,41,283,59.26
2017-10-10 17:00:00,1,20171010171,2017,10,10,17,1,0,4,41,283,61.22
2017-10-10 18:00:00,1,20171010181,2017,10,10,18,1,0,4,41,283,65.78
2017-10-10 19:00:00,1,20171010191,2017,10,10,19,1,0,4,41,283,73.57
2017-10-10 20:00:00,1,20171010201,2017,10,10,20,1,0,4,41,283,69.28
2017-10-10 21:00:00,1,20171010211,2017,10,10,21,1,0,4,41,283,64.15
2017-10-10 22:00:00,1,20171010221,2017,10,10,22,1,0,4,41,283,63.05
2017-10-10 23:00:00,1,20171010231,2017,10,10,23,1,0,4,41,283,58.2
2017-10-11 00:00:00,1,20171011001,2017,10,11,0,2,0,4,41,284,55.42
2017-10-11 01:00:00,1,20171011011,2017,10,11,1,2,0,4,41,284,47.44
2017-10-11 02:00:00,1,20171011021,2017,10,11,2,2,0,4,41,284,42.85
2017-10-11 03:00:00,1,20171011031,2017,10,11,3,2,0,4,41,284,32.58
2017-10-11 04:00:00,1,20171011041,2017,10,11,4,2,0,4,41,284,28.42
2017-10-11 05:00:00,1,20171011051,2017,10,11,5,2,0,4,41,284,29.18
2017-10-11 06:00:00,1,20171011061,2017,10,11,6,2,0,4,41,284,31.17
2017-10-11 07:00:00,1,20171011071,2017,10,11,7,2,0,4,41,284,34.99
2017-10-11 08:00:00,1,20171011081,2017,10,11,8,2,0,4,41,284,38.91
2017-10-11 09:00:00,1,20171011091,2017,10,11,9,2,0,4,41,284,43.48
2017-10-11 10:00:00,1,20171011101,2017,10,11,10,2,0,4,41,284,51.79
2017-10-11 11:00:00,1,20171011111,2017,10,11,11,2,0,4,41,284,54.85
2017-10-11 12:00:00,1,20171011121,2017,10,11,12,2,0,4,41,284,55.7
2017-10-11 13:00:00,1,20171011131,2017,10,11,13,2,0,4,41,284,53.94
2017-10-11 14:00:00,1,20171011141,2017,10,11,14,2,0,4,41,284,57.04
2017-10-11 15:00:00,1,20171011151,2017,10,11,15,2,0,4,41,284,56.14
2017-10-11 16:00:00,1,20171011161,2017,10,11,16,2,0,4,41,284,56.49
2017-10-11 17:00:00,1,20171011171,2017,10,11,17,2,0,4,41,284,57.96
2017-10-11 18:00:00,1,20171011181,2017,10,11,18,2,0,4,41,284,63.76
2017-10-11 19:00:00,1,20171011191,2017,10,11,19,2,0,4,41,284,71.91
2017-10-11 20:00:00,1,20171011201,2017,10,11,20,2,0,4,41,284,68.81
2017-10-11 21:00:00,1,20171011211,2017,10,11,21,2,0,4,41,284,63.98
2017-10-11 22:00:00,1,20171011221,2017,10,11,22,2,0,4,41,284,62.64
2017-10-11 23:00:00,1,20171011231,2017,10,11,23,2,0,4,41,284,58.79
2017-10-12 00:00:00,1,20171012001,2017,10,12,0,3,0,4,41,285,55.81
2017-10-12 01:00:00,1,20171012011,2017,10,12,1,3,0,4,41,285,48.24
2017-10-12 02:00:00,1,20171012021,2017,10,12,2,3,0,4,41,285,42.8
2017-10-12 03:00:00,1,20171012031,2017,10,12,3,3,0,4,41,285,32.52
2017-10-12 04:00:00,1,20171012041,2017,10,12,4,3,0,4,41,285,29.19
2017-10-12 05:00:00,1,20171012051,2017,10,12,5,3,0,4,41,285,29.27
2017-10-12 06:00:00,1,20171012061,2017,10,12,6,3,0,4,41,285,30.56
2017-10-12 07:00:00,1,20171012071,2017,10,12,7,3,0,4,41,285,35.43
2017-10-12 08:00:00,1,20171012081,2017,10,12,8,3,0,4,41,285,40.94
2017-10-12 09:00:00,1,20171012091,2017,10,12,9,3,0,4,41,285,43.91
2017-10-12 10:00:00,1,20171012101,2017,10,12,10,3,0,4,41,285,58.12
2017-10-12 11:00:00,1,20171012111,2017,10,12,11,3,0,4,41,285,62.59
2017-10-12 12:00:00,1,20171012121,2017,10,12,12,3,0,4,41,285,64.51
2017-10-12 13:00:00,1,20171012131,2017,10,12,13,3,0,4,41,285,59.03
2017-10-12 14:00:00,1,20171012141,2017,10,12,14,3,0,4,41,285,61.77
2017-10-12 15:00:00,1,20171012151,2017,10,12,15,3,0,4,41,285,62.01
2017-10-12 16:00:00,1,20171012161,2017,10,12,16,3,0,4,41,285,61.92
2017-10-12 17:00:00,1,20171012171,2017,10,12,17,3,0,4,41,285,61.3
2017-10-12 18:00:00,1,20171012181,2017,10,12,18,3,0,4,41,285,67.6
2017-10-12 19:00:00,1,20171012191,2017,10,12,19,3,0,4,41,285,72.75
2017-10-12 20:00:00,1,20171012201,2017,10,12,20,3,0,4,41,285,68.8
2017-10-12 21:00:00,1,20171012211,2017,10,12,21,3,0,4,41,285,66.36
2017-10-12 22:00:00,1,20171012221,2017,10,12,22,3,0,4,41,285,64.34
2017-10-12 23:00:00,1,20171012231,2017,10,12,23,3,0,4,41,285,60.89
2017-10-13 00:00:00,1,20171013001,2017,10,13,0,4,0,4,41,286,56.74
2017-10-13 01:00:00,1,20171013011,2017,10,13,1,4,0,4,41,286,48.9
2017-10-13 02:00:00,1,20171013021,2017,10,13,2,4,0,4,41,286,42.77
2017-10-13 03:00:00,1,20171013031,2017,10,13,3,4,0,4,41,286,32.72
2017-10-13 04:00:00,1,20171013041,2017,10,13,4,4,0,4,41,286,29.77
2017-10-13 05:00:00,1,20171013051,2017,10,13,5,4,0,4,41,286,29.23
2017-10-13 06:00:00,1,20171013061,2017,10,13,6,4,0,4,41,286,30.57
2017-10-13 07:00:00,1,20171013071,2017,10,13,7,4,0,4,41,286,35.51
2017-10-13 08:00:00,1,20171013081,2017,10,13,8,4,0,4,41,286,41.68
2017-10-13 09:00:00,1,20171013091,2017,10,13,9,4,0,4,41,286,45.61
2017-10-13 10:00:00,1,20171013101,2017,10,13,10,4,0,4,41,286,57.92
2017-10-13 11:00:00,1,20171013111,2017,10,13,11,4,0,4,41,286,65.17
2017-10-13 12:00:00,1,20171013121,2017,10,13,12,4,0,4,41,286,67.96
2017-10-13 13:00:00,1,20171013131,2017,10,13,13,4,0,4,41,286,59.38
2017-10-13 14:00:00,1,20171013141,2017,10,13,14,4,0,4,41,286,62.77
2017-10-13 15:00:00,1,20171013151,2017,10,13,15,4,0,4,41,286,63.45
2017-10-13 16:00:00,1,20171013161,2017,10,13,16,4,0,4,41,286,60.88
2017-10-13 17:00:00,1,20171013171,2017,10,13,17,4,0,4,41,286,56.61
2017-10-13 18:00:00,1,20171013181,2017,10,13,18,4,0,4,41,286,63.28
2017-10-13 19:00:00,1,20171013191,2017,10,13,19,4,0,4,41,286,66.68
2017-10-13 20:00:00,1,20171013201,2017,10,13,20,4,0,4,41,286,63.46
2017-10-13 21:00:00,1,20171013211,2017,10,13,21,4,0,4,41,286,61.62
2017-10-13 22:00:00,1,20171013221,2017,10,13,22,4,0,4,41,286,55.87
2017-10-13 23:00:00,1,20171013231,2017,10,13,23,4,0,4,41,286,51.9
2017-10-14 00:00:00,1,20171014001,2017,10,14,0,5,1,4,41,287,50.56
2017-10-14 01:00:00,1,20171014011,2017,10,14,1,5,1,4,41,287,43.47
2017-10-14 02:00:00,1,20171014021,2017,10,14,2,5,1,4,41,287,39.86
2017-10-14 03:00:00,1,20171014031,2017,10,14,3,5,1,4,41,287,32.1
2017-10-14 04:00:00,1,20171014041,2017,10,14,4,5,1,4,41,287,23.63
2017-10-14 05:00:00,1,20171014051,2017,10,14,5,5,1,4,41,287,21.46
2017-10-14 06:00:00,1,20171014061,2017,10,14,6,5,1,4,41,287,22.5
2017-10-14 07:00:00,1,20171014071,2017,10,14,7,5,1,4,41,287,24.81
2017-10-14 08:00:00,1,20171014081,2017,10,14,8,5,1,4,41,287,28.35
2017-10-14 09:00:00,1,20171014091,2017,10,14,9,5,1,4,41,287,33.02
2017-10-14 10:00:00,1,20171014101,2017,10,14,10,5,1,4,41,287,39.05
2017-10-14 11:00:00,1,20171014111,2017,10,14,11,5,1,4,41,287,38.54
2017-10-14 12:00:00,1,20171014121,2017,10,14,12,5,1,4,41,287,38.54
2017-10-14 13:00:00,1,20171014131,2017,10,14,13,5,1,4,41,287,36.22
2017-10-14 14:00:00,1,20171014141,2017,10,14,14,5,1,4,41,287,37.86
2017-10-14 15:00:00,1,20171014151,2017,10,14,15,5,1,4,41,287,35.76
2017-10-14 16:00:00,1,20171014161,2017,10,14,16,5,1,4,41,287,36.37
2017-10-14 17:00:00,1,20171014171,2017,10,14,17,5,1,4,41,287,35.78
2017-10-14 18:00:00,1,20171014181,2017,10,14,18,5,1,4,41,287,40.1
2017-10-14 19:00:00,1,20171014191,2017,10,14,19,5,1,4,41,287,50.07
2017-10-14 20:00:00,1,20171014201,2017,10,14,20,5,1,4,41,287,49.65
2017-10-14 21:00:00,1,20171014211,2017,10,14,21,5,1,4,41,287,47.73
2017-10-14 22:00:00,1,20171014221,2017,10,14,22,5,1,4,41,287,49.49
2017-10-14 23:00:00,1,20171014231,2017,10,14,23,5,1,4,41,287,46.24
2017-10-15 00:00:00,1,20171015001,2017,10,15,0,6,1,4,41,288,42.04
2017-10-15 01:00:00,1,20171015011,2017,10,15,1,6,1,4,41,288,36.35
2017-10-15 02:00:00,1,20171015021,2017,10,15,2,6,1,4,41,288,30.67
2017-10-15 03:00:00,1,20171015031,2017,10,15,3,6,1,4,41,288,27.8
2017-10-15 04:00:00,1,20171015041,2017,10,15,4,6,1,4,41,288,20.75
2017-10-15 05:00:00,1,20171015051,2017,10,15,5,6,1,4,41,288,20.61
2017-10-15 06:00:00,1,20171015061,2017,10,15,6,6,1,4,41,288,21.23
2017-10-15 07:00:00,1,20171015071,2017,10,15,7,6,1,4,41,288,23.29
2017-10-15 08:00:00,1,20171015081,2017,10,15,8,6,1,4,41,288,29.23
2017-10-15 09:00:00,1,20171015091,2017,10,15,9,6,1,4,41,288,33.48
2017-10-15 10:00:00,1,20171015101,2017,10,15,10,6,1,4,41,288,39.61
2017-10-15 11:00:00,1,20171015111,2017,10,15,11,6,1,4,41,288,38.67
2017-10-15 12:00:00,1,20171015121,2017,10,15,12,6,1,4,41,288,39.1
2017-10-15 13:00:00,1,20171015131,2017,10,15,13,6,1,4,41,288,36.62
2017-10-15 14:00:00,1,20171015141,2017,10,15,14,6,1,4,41,288,37.7
2017-10-15 15:00:00,1,20171015151,2017,10,15,15,6,1,4,41,288,36.43
2017-10-15 16:00:00,1,20171015161,2017,10,15,16,6,1,4,41,288,37.24
2017-10-15 17:00:00,1,20171015171,2017,10,15,17,6,1,4,41,288,37.11
2017-10-15 18:00:00,1,20171015181,2017,10,15,18,6,1,4,41,288,42.7
2017-10-15 19:00:00,1,20171015191,2017,10,15,19,6,1,4,41,288,50.75
2017-10-15 20:00:00,1,20171015201,2017,10,15,20,6,1,4,41,288,51.41
2017-10-15 21:00:00,1,20171015211,2017,10,15,21,6,1,4,41,288,50.42
2017-10-15 22:00:00,1,20171015221,2017,10,15,22,6,1,4,41,288,50.75
2017-10-15 23:00:00,1,20171015231,2017,10,15,23,6,1,4,41,288,49.56
2017-10-16 00:00:00,1,20171016001,2017,10,16,0,0,0,4,42,289,47.26
2017-10-16 01:00:00,1,20171016011,2017,10,16,1,0,0,4,42,289,38.81
2017-10-16 02:00:00,1,20171016021,2017,10,16,2,0,0,4,42,289,34.31
2017-10-16 03:00:00,1,20171016031,2017,10,16,3,0,0,4,42,289,32.07
2017-10-16 04:00:00,1,20171016041,2017,10,16,4,0,0,4,42,289,28.68
2017-10-16 05:00:00,1,20171016051,2017,10,16,5,0,0,4,42,289,27.65
2017-10-16 06:00:00,1,20171016061,2017,10,16,6,0,0,4,42,289,32.11
2017-10-16 07:00:00,1,20171016071,2017,10,16,7,0,0,4,42,289,33.49
2017-10-16 08:00:00,1,20171016081,2017,10,16,8,0,0,4,42,289,39.97
2017-10-16 09:00:00,1,20171016091,2017,10,16,9,0,0,4,42,289,46.99
2017-10-16 10:00:00,1,20171016101,2017,10,16,10,0,0,4,42,289,58.51
2017-10-16 11:00:00,1,20171016111,2017,10,16,11,0,0,4,42,289,76.71
2017-10-16 12:00:00,1,20171016121,2017,10,16,12,0,0,4,42,289,81.22
2017-10-16 13:00:00,1,20171016131,2017,10,16,13,0,0,4,42,289,71.43
2017-10-16 14:00:00,1,20171016141,2017,10,16,14,0,0,4,42,289,78.6
2017-10-16 15:00:00,1,20171016151,2017,10,16,15,0,0,4,42,289,75.52
2017-10-16 16:00:00,1,20171016161,2017,10,16,16,0,0,4,42,289,71.66
2017-10-16 17:00:00,1,20171016171,2017,10,16,17,0,0,4,42,289,71.24
2017-10-16 18:00:00,1,20171016181,2017,10,16,18,0,0,4,42,289,78.15
2017-10-16 19:00:00,1,20171016191,2017,10,16,19,0,0,4,42,289,80.54
2017-10-16 20:00:00,1,20171016201,2017,10,16,20,0,0,4,42,289,76.42
2017-10-16 21:00:00,1,20171016211,2017,10,16,21,0,0,4,42,289,72.55
2017-10-16 22:00:00,1,20171016221,2017,10,16,22,0,0,4,42,289,70.49
2017-10-16 23:00:00,1,20171016231,2017,10,16,23,0,0,4,42,289,65.36
2017-10-17 00:00:00,1,20171017001,2017,10,17,0,1,0,4,42,290,62.13
2017-10-17 01:00:00,1,20171017011,2017,10,17,1,1,0,4,42,290,51.27
2017-10-17 02:00:00,1,20171017021,2017,10,17,2,1,0,4,42,290,45.89
2017-10-17 03:00:00,1,20171017031,2017,10,17,3,1,0,4,42,290,38.16
2017-10-17 04:00:00,1,20171017041,2017,10,17,4,1,0,4,42,290,32.71
2017-10-17 05:00:00,1,20171017051,2017,10,17,5,1,0,4,42,290,30.33
2017-10-17 06:00:00,1,20171017061,2017,10,17,6,1,0,4,42,290,32.51
2017-10-17 07:00:00,1,20171017071,2017,10,17,7,1,0,4,42,290,37.09
2017-10-17 08:00:00,1,20171017081,2017,10,17,8,1,0,4,42,290,41.49
2017-10-17 09:00:00,1,20171017091,2017,10,17,9,1,0,4,42,290,49.77
2017-10-17 10:00:00,1,20171017101,2017,10,17,10,1,0,4,42,290,58.58
2017-10-17 11:00:00,1,20171017111,2017,10,17,11,1,0,4,42,290,69.09
2017-10-17 12:00:00,1,20171017121,2017,10,17,12,1,0,4,42,290,74.44
2017-10-17 13:00:00,1,20171017131,2017,10,17,13,1,0,4,42,290,66.15
2017-10-17 14:00:00,1,20171017141,2017,10,17,14,1,0,4,42,290,69.83
2017-10-17 15:00:00,1,20171017151,2017,10,17,15,1,0,4,42,290,70.21
2017-10-17 16:00:00,1,20171017161,2017,10,17,16,1,0,4,42,290,68.34
2017-10-17 17:00:00,1,20171017171,2017,10,17,17,1,0,4,42,290,67.3
2017-10-17 18:00:00,1,20171017181,2017,10,17,18,1,0,4,42,290,74.1
2017-10-17 19:00:00,1,20171017191,2017,10,17,19,1,0,4,42,290,77.6
2017-10-17 20:00:00,1,20171017201,2017,10,17,20,1,0,4,42,290,74.85
2017-10-17 21:00:00,1,20171017211,2017,10,17,21,1,0,4,42,290,72.92
2017-10-17 22:00:00,1,20171017221,2017,10,17,22,1,0,4,42,290,69.11
2017-10-17 23:00:00,1,20171017231,2017,10,17,23,1,0,4,42,290,65.25
2017-10-18 00:00:00,1,20171018001,2017,10,18,0,2,0,4,42,291,64.15
2017-10-18 01:00:00,1,20171018011,2017,10,18,1,2,0,4,42,291,52.0
2017-10-18 02:00:00,1,20171018021,2017,10,18,2,2,0,4,42,291,45.67
2017-10-18 03:00:00,1,20171018031,2017,10,18,3,2,0,4,42,291,37.47
2017-10-18 04:00:00,1,20171018041,2017,10,18,4,2,0,4,42,291,32.31
2017-10-18 05:00:00,1,20171018051,2017,10,18,5,2,0,4,42,291,30.4
2017-10-18 06:00:00,1,20171018061,2017,10,18,6,2,0,4,42,291,32.29
2017-10-18 07:00:00,1,20171018071,2017,10,18,7,2,0,4,42,291,36.93
2017-10-18 08:00:00,1,20171018081,2017,10,18,8,2,0,4,42,291,41.48
2017-10-18 09:00:00,1,20171018091,2017,10,18,9,2,0,4,42,291,48.94
2017-10-18 10:00:00,1,20171018101,2017,10,18,10,2,0,4,42,291,58.83
2017-10-18 11:00:00,1,20171018111,2017,10,18,11,2,0,4,42,291,80.44
2017-10-18 12:00:00,1,20171018121,2017,10,18,12,2,0,4,42,291,79.13
2017-10-18 13:00:00,1,20171018131,2017,10,18,13,2,0,4,42,291,72.53
2017-10-18 14:00:00,1,20171018141,2017,10,18,14,2,0,4,42,291,77.32
2017-10-18 15:00:00,1,20171018151,2017,10,18,15,2,0,4,42,291,74.39
2017-10-18 16:00:00,1,20171018161,2017,10,18,16,2,0,4,42,291,73.02
2017-10-18 17:00:00,1,20171018171,2017,10,18,17,2,0,4,42,291,77.68
2017-10-18 18:00:00,1,20171018181,2017,10,18,18,2,0,4,42,291,85.9
2017-10-18 19:00:00,1,20171018191,2017,10,18,19,2,0,4,42,291,91.9
2017-10-18 20:00:00,1,20171018201,2017,10,18,20,2,0,4,42,291,88.04
2017-10-18 21:00:00,1,20171018211,2017,10,18,21,2,0,4,42,291,80.34
2017-10-18 22:00:00,1,20171018221,2017,10,18,22,2,0,4,42,291,74.21
2017-10-18 23:00:00,1,20171018231,2017,10,18,23,2,0,4,42,291,69.04
2017-10-19 00:00:00,1,20171019001,2017,10,19,0,3,0,4,42,292,67.59
2017-10-19 01:00:00,1,20171019011,2017,10,19,1,3,0,4,42,292,55.07
2017-10-19 02:00:00,1,20171019021,2017,10,19,2,3,0,4,42,292,46.52
2017-10-19 03:00:00,1,20171019031,2017,10,19,3,3,0,4,42,292,40.01
2017-10-19 04:00:00,1,20171019041,2017,10,19,4,3,0,4,42,292,35.36
2017-10-19 05:00:00,1,20171019051,2017,10,19,5,3,0,4,42,292,32.29
2017-10-19 06:00:00,1,20171019061,2017,10,19,6,3,0,4,42,292,33.1
2017-10-19 07:00:00,1,20171019071,2017,10,19,7,3,0,4,42,292,38.35
2017-10-19 08:00:00,1,20171019081,2017,10,19,8,3,0,4,42,292,41.38
2017-10-19 09:00:00,1,20171019091,2017,10,19,9,3,0,4,42,292,49.95
2017-10-19 10:00:00,1,20171019101,2017,10,19,10,3,0,4,42,292,62.38
2017-10-19 11:00:00,1,20171019111,2017,10,19,11,3,0,4,42,292,74.46
2017-10-19 12:00:00,1,20171019121,2017,10,19,12,3,0,4,42,292,74.25
2017-10-19 13:00:00,1,20171019131,2017,10,19,13,3,0,4,42,292,65.96
2017-10-19 14:00:00,1,20171019141,2017,10,19,14,3,0,4,42,292,70.81
2017-10-19 15:00:00,1,20171019151,2017,10,19,15,3,0,4,42,292,70.04
2017-10-19 16:00:00,1,20171019161,2017,10,19,16,3,0,4,42,292,67.15
2017-10-19 17:00:00,1,20171019171,2017,10,19,17,3,0,4,42,292,72.79
2017-10-19 18:00:00,1,20171019181,2017,10,19,18,3,0,4,42,292,79.21
2017-10-19 19:00:00,1,20171019191,2017,10,19,19,3,0,4,42,292,81.61
2017-10-19 20:00:00,1,20171019201,2017,10,19,20,3,0,4,42,292,78.28
2017-10-19 21:00:00,1,20171019211,2017,10,19,21,3,0,4,42,292,74.87
2017-10-19 22:00:00,1,20171019221,2017,10,19,22,3,0,4,42,292,68.92
2017-10-19 23:00:00,1,20171019231,2017,10,19,23,3,0,4,42,292,66.38
2017-10-20 00:00:00,1,20171020001,2017,10,20,0,4,0,4,42,293,64.98
2017-10-20 01:00:00,1,20171020011,2017,10,20,1,4,0,4,42,293,55.08
2017-10-20 02:00:00,1,20171020021,2017,10,20,2,4,0,4,42,293,47.29
2017-10-20 03:00:00,1,20171020031,2017,10,20,3,4,0,4,42,293,39.13
2017-10-20 04:00:00,1,20171020041,2017,10,20,4,4,0,4,42,293,35.73
2017-10-20 05:00:00,1,20171020051,2017,10,20,5,4,0,4,42,293,32.15
2017-10-20 06:00:00,1,20171020061,2017,10,20,6,4,0,4,42,293,33.67
2017-10-20 07:00:00,1,20171020071,2017,10,20,7,4,0,4,42,293,38.93
2017-10-20 08:00:00,1,20171020081,2017,10,20,8,4,0,4,42,293,41.04
2017-10-20 09:00:00,1,20171020091,2017,10,20,9,4,0,4,42,293,49.08
2017-10-20 10:00:00,1,20171020101,2017,10,20,10,4,0,4,42,293,58.76
2017-10-20 11:00:00,1,20171020111,2017,10,20,11,4,0,4,42,293,73.09
2017-10-20 12:00:00,1,20171020121,2017,10,20,12,4,0,4,42,293,72.87
2017-10-20 13:00:00,1,20171020131,2017,10,20,13,4,0,4,42,293,64.58
2017-10-20 14:00:00,1,20171020141,2017,10,20,14,4,0,4,42,293,68.63
2017-10-20 15:00:00,1,20171020151,2017,10,20,15,4,0,4,42,293,68.2
2017-10-20 16:00:00,1,20171020161,2017,10,20,16,4,0,4,42,293,66.4
2017-10-20 17:00:00,1,20171020171,2017,10,20,17,4,0,4,42,293,69.56
2017-10-20 18:00:00,1,20171020181,2017,10,20,18,4,0,4,42,293,76.49
2017-10-20 19:00:00,1,20171020191,2017,10,20,19,4,0,4,42,293,79.23
2017-10-20 20:00:00,1,20171020201,2017,10,20,20,4,0,4,42,293,73.96
2017-10-20 21:00:00,1,20171020211,2017,10,20,21,4,0,4,42,293,70.59
2017-10-20 22:00:00,1,20171020221,2017,10,20,22,4,0,4,42,293,67.09
2017-10-20 23:00:00,1,20171020231,2017,10,20,23,4,0,4,42,293,62.38
2017-10-21 00:00:00,1,20171021001,2017,10,21,0,5,1,4,42,294,56.37
2017-10-21 01:00:00,1,20171021011,2017,10,21,1,5,1,4,42,294,46.86
2017-10-21 02:00:00,1,20171021021,2017,10,21,2,5,1,4,42,294,43.0
2017-10-21 03:00:00,1,20171021031,2017,10,21,3,5,1,4,42,294,31.19
2017-10-21 04:00:00,1,20171021041,2017,10,21,4,5,1,4,42,294,29.65
2017-10-21 05:00:00,1,20171021051,2017,10,21,5,5,1,4,42,294,27.27
2017-10-21 06:00:00,1,20171021061,2017,10,21,6,5,1,4,42,294,27.75
2017-10-21 07:00:00,1,20171021071,2017,10,21,7,5,1,4,42,294,29.58
2017-10-21 08:00:00,1,20171021081,2017,10,21,8,5,1,4,42,294,29.59
2017-10-21 09:00:00,1,20171021091,2017,10,21,9,5,1,4,42,294,35.44
2017-10-21 10:00:00,1,20171021101,2017,10,21,10,5,1,4,42,294,48.64
2017-10-21 11:00:00,1,20171021111,2017,10,21,11,5,1,4,42,294,46.39
2017-10-21 12:00:00,1,20171021121,2017,10,21,12,5,1,4,42,294,44.81
2017-10-21 13:00:00,1,20171021131,2017,10,21,13,5,1,4,42,294,43.33
2017-10-21 14:00:00,1,20171021141,2017,10,21,14,5,1,4,42,294,41.17
2017-10-21 15:00:00,1,20171021151,2017,10,21,15,5,1,4,42,294,39.24
2017-10-21 16:00:00,1,20171021161,2017,10,21,16,5,1,4,42,294,40.26
2017-10-21 17:00:00,1,20171021171,2017,10,21,17,5,1,4,42,294,40.01
2017-10-21 18:00:00,1,20171021181,2017,10,21,18,5,1,4,42,294,45.89
2017-10-21 19:00:00,1,20171021191,2017,10,21,19,5,1,4,42,294,48.29
2017-10-21 20:00:00,1,20171021201,2017,10,21,20,5,1,4,42,294,49.4
2017-10-21 21:00:00,1,20171021211,2017,10,21,21,5,1,4,42,294,49.19
2017-10-21 22:00:00,1,20171021221,2017,10,21,22,5,1,4,42,294,49.19
2017-10-21 23:00:00,1,20171021231,2017,10,21,23,5,1,4,42,294,48.93
2017-10-22 00:00:00,1,20171022001,2017,10,22,0,6,1,4,42,295,44.58
2017-10-22 01:00:00,1,20171022011,2017,10,22,1,6,1,4,42,295,38.13
2017-10-22 02:00:00,1,20171022021,2017,10,22,2,6,1,4,42,295,30.51
2017-10-22 03:00:00,1,20171022031,2017,10,22,3,6,1,4,42,295,28.52
2017-10-22 04:00:00,1,20171022041,2017,10,22,4,6,1,4,42,295,26.59
2017-10-22 05:00:00,1,20171022051,2017,10,22,5,6,1,4,42,295,24.19
2017-10-22 06:00:00,1,20171022061,2017,10,22,6,6,1,4,42,295,25.67
2017-10-22 07:00:00,1,20171022071,2017,10,22,7,6,1,4,42,295,26.62
2017-10-22 08:00:00,1,20171022081,2017,10,22,8,6,1,4,42,295,29.33
2017-10-22 09:00:00,1,20171022091,2017,10,22,9,6,1,4,42,295,33.02
2017-10-22 10:00:00,1,20171022101,2017,10,22,10,6,1,4,42,295,42.62
2017-10-22 11:00:00,1,20171022111,2017,10,22,11,6,1,4,42,295,42.54
2017-10-22 12:00:00,1,20171022121,2017,10,22,12,6,1,4,42,295,41.53
2017-10-22 13:00:00,1,20171022131,2017,10,22,13,6,1,4,42,295,40.2
2017-10-22 14:00:00,1,20171022141,2017,10,22,14,6,1,4,42,295,38.71
2017-10-22 15:00:00,1,20171022151,2017,10,22,15,6,1,4,42,295,39.01
2017-10-22 16:00:00,1,20171022161,2017,10,22,16,6,1,4,42,295,39.25
2017-10-22 17:00:00,1,20171022171,2017,10,22,17,6,1,4,42,295,39.98
2017-10-22 18:00:00,1,20171022181,2017,10,22,18,6,1,4,42,295,46.0
2017-10-22 19:00:00,1,20171022191,2017,10,22,19,6,1,4,42,295,48.34
2017-10-22 20:00:00,1,20171022201,2017,10,22,20,6,1,4,42,295,48.67
2017-10-22 21:00:00,1,20171022211,2017,10,22,21,6,1,4,42,295,50.29
2017-10-22 22:00:00,1,20171022221,2017,10,22,22,6,1,4,42,295,50.72
2017-10-22 23:00:00,1,20171022231,2017,10,22,23,6,1,4,42,295,50.13
2017-10-23 00:00:00,1,20171023001,2017,10,23,0,0,0,4,43,296,47.94
2017-10-23 01:00:00,1,20171023011,2017,10,23,1,0,0,4,43,296,40.7
2017-10-23 02:00:00,1,20171023021,2017,10,23,2,0,0,4,43,296,36.31
2017-10-23 03:00:00,1,20171023031,2017,10,23,3,0,0,4,43,296,34.49
2017-10-23 04:00:00,1,20171023041,2017,10,23,4,0,0,4,43,296,31.78
2017-10-23 05:00:00,1,20171023051,2017,10,23,5,0,0,4,43,296,29.75
2017-10-23 06:00:00,1,20171023061,2017,10,23,6,0,0,4,43,296,31.72
2017-10-23 07:00:00,1,20171023071,2017,10,23,7,0,0,4,43,296,35.76
2017-10-23 08:00:00,1,20171023081,2017,10,23,8,0,0,4,43,296,39.64
2017-10-23 09:00:00,1,20171023091,2017,10,23,9,0,0,4,43,296,48.43
2017-10-23 10:00:00,1,20171023101,2017,10,23,10,0,0,4,43,296,59.68
2017-10-23 11:00:00,1,20171023111,2017,10,23,11,0,0,4,43,296,78.53
2017-10-23 12:00:00,1,20171023121,2017,10,23,12,0,0,4,43,296,77.18
2017-10-23 13:00:00,1,20171023131,2017,10,23,13,0,0,4,43,296,68.09
2017-10-23 14:00:00,1,20171023141,2017,10,23,14,0,0,4,43,296,72.69
2017-10-23 15:00:00,1,20171023151,2017,10,23,15,0,0,4,43,296,73.52
2017-10-23 16:00:00,1,20171023161,2017,10,23,16,0,0,4,43,296,73.46
2017-10-23 17:00:00,1,20171023171,2017,10,23,17,0,0,4,43,296,75.03
2017-10-23 18:00:00,1,20171023181,2017,10,23,18,0,0,4,43,296,76.32
2017-10-23 19:00:00,1,20171023191,2017,10,23,19,0,0,4,43,296,77.58
2017-10-23 20:00:00,1,20171023201,2017,10,23,20,0,0,4,43,296,75.05
2017-10-23 21:00:00,1,20171023211,2017,10,23,21,0,0,4,43,296,69.59
2017-10-23 22:00:00,1,20171023221,2017,10,23,22,0,0,4,43,296,69.63
2017-10-23 23:00:00,1,20171023231,2017,10,23,23,0,0,4,43,296,63.4
2017-10-24 00:00:00,1,20171024001,2017,10,24,0,1,0,4,43,297,64.24
2017-10-24 01:00:00,1,20171024011,2017,10,24,1,1,0,4,43,297,54.11
2017-10-24 02:00:00,1,20171024021,2017,10,24,2,1,0,4,43,297,46.98
2017-10-24 03:00:00,1,20171024031,2017,10,24,3,1,0,4,43,297,42.7
2017-10-24 04:00:00,1,20171024041,2017,10,24,4,1,0,4,43,297,34.0
2017-10-24 05:00:00,1,20171024051,2017,10,24,5,1,0,4,43,297,32.29
2017-10-24 06:00:00,1,20171024061,2017,10,24,6,1,0,4,43,297,33.98
2017-10-24 07:00:00,1,20171024071,2017,10,24,7,1,0,4,43,297,38.96
2017-10-24 08:00:00,1,20171024081,2017,10,24,8,1,0,4,43,297,41.48
2017-10-24 09:00:00,1,20171024091,2017,10,24,9,1,0,4,43,297,50.88
2017-10-24 10:00:00,1,20171024101,2017,10,24,10,1,0,4,43,297,59.56
2017-10-24 11:00:00,1,20171024111,2017,10,24,11,1,0,4,43,297,68.13
2017-10-24 12:00:00,1,20171024121,2017,10,24,12,1,0,4,43,297,71.41
2017-10-24 13:00:00,1,20171024131,2017,10,24,13,1,0,4,43,297,64.53
2017-10-24 14:00:00,1,20171024141,2017,10,24,14,1,0,4,43,297,68.74
2017-10-24 15:00:00,1,20171024151,2017,10,24,15,1,0,4,43,297,67.68
2017-10-24 16:00:00,1,20171024161,2017,10,24,16,1,0,4,43,297,67.3
2017-10-24 17:00:00,1,20171024171,2017,10,24,17,1,0,4,43,297,66.43
2017-10-24 18:00:00,1,20171024181,2017,10,24,18,1,0,4,43,297,74.26
2017-10-24 19:00:00,1,20171024191,2017,10,24,19,1,0,4,43,297,76.88
2017-10-24 20:00:00,1,20171024201,2017,10,24,20,1,0,4,43,297,73.48
2017-10-24 21:00:00,1,20171024211,2017,10,24,21,1,0,4,43,297,69.75
2017-10-24 22:00:00,1,20171024221,2017,10,24,22,1,0,4,43,297,68.74
2017-10-24 23:00:00,1,20171024231,2017,10,24,23,1,0,4,43,297,62.81
2017-10-25 00:00:00,1,20171025001,2017,10,25,0,2,0,4,43,298,63.22
2017-10-25 01:00:00,1,20171025011,2017,10,25,1,2,0,4,43,298,53.31
2017-10-25 02:00:00,1,20171025021,2017,10,25,2,2,0,4,43,298,45.93
2017-10-25 03:00:00,1,20171025031,2017,10,25,3,2,0,4,43,298,39.93
2017-10-25 04:00:00,1,20171025041,2017,10,25,4,2,0,4,43,298,32.94
2017-10-25 05:00:00,1,20171025051,2017,10,25,5,2,0,4,43,298,31.34
2017-10-25 06:00:00,1,20171025061,2017,10,25,6,2,0,4,43,298,34.15
2017-10-25 07:00:00,1,20171025071,2017,10,25,7,2,0,4,43,298,38.13
2017-10-25 08:00:00,1,20171025081,2017,10,25,8,2,0,4,43,298,42.26
2017-10-25 09:00:00,1,20171025091,2017,10,25,9,2,0,4,43,298,49.09
2017-10-25 10:00:00,1,20171025101,2017,10,25,10,2,0,4,43,298,61.33
2017-10-25 11:00:00,1,20171025111,2017,10,25,11,2,0,4,43,298,81.39
2017-10-25 12:00:00,1,20171025121,2017,10,25,12,2,0,4,43,298,78.46
2017-10-25 13:00:00,1,20171025131,2017,10,25,13,2,0,4,43,298,72.22
2017-10-25 14:00:00,1,20171025141,2017,10,25,14,2,0,4,43,298,74.42
2017-10-25 15:00:00,1,20171025151,2017,10,25,15,2,0,4,43,298,71.97
2017-10-25 16:00:00,1,20171025161,2017,10,25,16,2,0,4,43,298,69.8
2017-10-25 17:00:00,1,20171025171,2017,10,25,17,2,0,4,43,298,72.48
2017-10-25 18:00:00,1,20171025181,2017,10,25,18,2,0,4,43,298,78.93
2017-10-25 19:00:00,1,20171025191,2017,10,25,19,2,0,4,43,298,83.17
2017-10-25 20:00:00,1,20171025201,2017,10,25,20,2,0,4,43,298,81.33
2017-10-25 21:00:00,1,20171025211,2017,10,25,21,2,0,4,43,298,74.24
2017-10-25 22:00:00,1,20171025221,2017,10,25,22,2,0,4,43,298,72.61
2017-10-25 23:00:00,1,20171025231,2017,10,25,23,2,0,4,43,298,65.87
2017-10-26 00:00:00,1,20171026001,2017,10,26,0,3,0,4,43,299,63.93
2017-10-26 01:00:00,1,20171026011,2017,10,26,1,3,0,4,43,299,53.68
2017-10-26 02:00:00,1,20171026021,2017,10,26,2,3,0,4,43,299,46.18
2017-10-26 03:00:00,1,20171026031,2017,10,26,3,3,0,4,43,299,40.04
2017-10-26 04:00:00,1,20171026041,2017,10,26,4,3,0,4,43,299,33.01
2017-10-26 05:00:00,1,20171026051,2017,10,26,5,3,0,4,43,299,31.53
2017-10-26 06:00:00,1,20171026061,2017,10,26,6,3,0,4,43,299,34.65
2017-10-26 07:00:00,1,20171026071,2017,10,26,7,3,0,4,43,299,38.64
2017-10-26 08:00:00,1,20171026081,2017,10,26,8,3,0,4,43,299,43.8
2017-10-26 09:00:00,1,20171026091,2017,10,26,9,3,0,4,43,299,49.88
2017-10-26 10:00:00,1,20171026101,2017,10,26,10,3,0,4,43,299,63.46
2017-10-26 11:00:00,1,20171026111,2017,10,26,11,3,0,4,43,299,72.93
2017-10-26 12:00:00,1,20171026121,2017,10,26,12,3,0,4,43,299,76.04
2017-10-26 13:00:00,1,20171026131,2017,10,26,13,3,0,4,43,299,72.07
2017-10-26 14:00:00,1,20171026141,2017,10,26,14,3,0,4,43,299,71.12
2017-10-26 15:00:00,1,20171026151,2017,10,26,15,3,0,4,43,299,68.35
2017-10-26 16:00:00,1,20171026161,2017,10,26,16,3,0,4,43,299,65.02
2017-10-26 17:00:00,1,20171026171,2017,10,26,17,3,0,4,43,299,67.18
2017-10-26 18:00:00,1,20171026181,2017,10,26,18,3,0,4,43,299,75.8
2017-10-26 19:00:00,1,20171026191,2017,10,26,19,3,0,4,43,299,79.29
2017-10-26 20:00:00,1,20171026201,2017,10,26,20,3,0,4,43,299,77.42
2017-10-26 21:00:00,1,20171026211,2017,10,26,21,3,0,4,43,299,71.87
2017-10-26 22:00:00,1,20171026221,2017,10,26,22,3,0,4,43,299,65.85
2017-10-26 23:00:00,1,20171026231,2017,10,26,23,3,0,4,43,299,63.6
2017-10-27 00:00:00,1,20171027001,2017,10,27,0,4,0,4,43,300,60.79
2017-10-27 01:00:00,1,20171027011,2017,10,27,1,4,0,4,43,300,51.24
2017-10-27 02:00:00,1,20171027021,2017,10,27,2,4,0,4,43,300,45.95
2017-10-27 03:00:00,1,20171027031,2017,10,27,3,4,0,4,43,300,38.67
2017-10-27 04:00:00,1,20171027041,2017,10,27,4,4,0,4,43,300,34.01
2017-10-27 05:00:00,1,20171027051,2017,10,27,5,4,0,4,43,300,33.58
2017-10-27 06:00:00,1,20171027061,2017,10,27,6,4,0,4,43,300,36.49
2017-10-27 07:00:00,1,20171027071,2017,10,27,7,4,0,4,43,300,41.07
2017-10-27 08:00:00,1,20171027081,2017,10,27,8,4,0,4,43,300,43.58
2017-10-27 09:00:00,1,20171027091,2017,10,27,9,4,0,4,43,300,48.0
2017-10-27 10:00:00,1,20171027101,2017,10,27,10,4,0,4,43,300,56.67
2017-10-27 11:00:00,1,20171027111,2017,10,27,11,4,0,4,43,300,74.11
2017-10-27 12:00:00,1,20171027121,2017,10,27,12,4,0,4,43,300,78.47
2017-10-27 13:00:00,1,20171027131,2017,10,27,13,4,0,4,43,300,73.78
2017-10-27 14:00:00,1,20171027141,2017,10,27,14,4,0,4,43,300,71.88
2017-10-27 15:00:00,1,20171027151,2017,10,27,15,4,0,4,43,300,68.43
2017-10-27 16:00:00,1,20171027161,2017,10,27,16,4,0,4,43,300,64.09
2017-10-27 17:00:00,1,20171027171,2017,10,27,17,4,0,4,43,300,65.75
2017-10-27 18:00:00,1,20171027181,2017,10,27,18,4,0,4,43,300,74.63
2017-10-27 19:00:00,1,20171027191,2017,10,27,19,4,0,4,43,300,78.84
2017-10-27 20:00:00,1,20171027201,2017,10,27,20,4,0,4,43,300,75.61
2017-10-27 21:00:00,1,20171027211,2017,10,27,21,4,0,4,43,300,72.87
2017-10-27 22:00:00,1,20171027221,2017,10,27,22,4,0,4,43,300,65.05
2017-10-27 23:00:00,1,20171027231,2017,10,27,23,4,0,4,43,300,60.84
2017-10-28 00:00:00,1,20171028001,2017,10,28,0,5,1,4,43,301,56.23
2017-10-28 01:00:00,1,20171028011,2017,10,28,1,5,1,4,43,301,46.98
2017-10-28 02:00:00,1,20171028021,2017,10,28,2,5,1,4,43,301,42.44
2017-10-28 03:00:00,1,20171028031,2017,10,28,3,5,1,4,43,301,33.49
2017-10-28 04:00:00,1,20171028041,2017,10,28,4,5,1,4,43,301,29.58
2017-10-28 05:00:00,1,20171028051,2017,10,28,5,5,1,4,43,301,28.15
2017-10-28 06:00:00,1,20171028061,2017,10,28,6,5,1,4,43,301,27.63
2017-10-28 07:00:00,1,20171028071,2017,10,28,7,5,1,4,43,301,30.53
2017-10-28 08:00:00,1,20171028081,2017,10,28,8,5,1,4,43,301,30.12
2017-10-28 09:00:00,1,20171028091,2017,10,28,9,5,1,4,43,301,35.67
2017-10-28 10:00:00,1,20171028101,2017,10,28,10,5,1,4,43,301,39.37
2017-10-28 11:00:00,1,20171028111,2017,10,28,11,5,1,4,43,301,39.77
2017-10-28 12:00:00,1,20171028121,2017,10,28,12,5,1,4,43,301,39.86
2017-10-28 13:00:00,1,20171028131,2017,10,28,13,5,1,4,43,301,37.17
2017-10-28 14:00:00,1,20171028141,2017,10,28,14,5,1,4,43,301,35.89
2017-10-28 15:00:00,1,20171028151,2017,10,28,15,5,1,4,43,301,36.5
2017-10-28 16:00:00,1,20171028161,2017,10,28,16,5,1,4,43,301,36.72
2017-10-28 17:00:00,1,20171028171,2017,10,28,17,5,1,4,43,301,39.6
2017-10-28 18:00:00,1,20171028181,2017,10,28,18,5,1,4,43,301,44.28
2017-10-28 19:00:00,1,20171028191,2017,10,28,19,5,1,4,43,301,43.68
2017-10-28 20:00:00,1,20171028201,2017,10,28,20,5,1,4,43,301,43.47
2017-10-28 21:00:00,1,20171028211,2017,10,28,21,5,1,4,43,301,43.63
2017-10-28 22:00:00,1,20171028221,2017,10,28,22,5,1,4,43,301,46.22
2017-10-28 23:00:00,1,20171028231,2017,10,28,23,5,1,4,43,301,46.1
2017-10-29 00:00:00,1,20171029001,2017,10,29,0,6,1,4,43,302,41.88
2017-10-29 01:00:00,1,20171029011,2017,10,29,1,6,1,4,43,302,38.1
2017-10-29 02:00:00,1,20171029021,2017,10,29,2,6,1,4,43,302,30.8
2017-10-29 03:00:00,1,20171029031,2017,10,29,3,6,1,4,43,302,27.81
2017-10-29 04:00:00,1,20171029041,2017,10,29,4,6,1,4,43,302,24.44
2017-10-29 05:00:00,1,20171029051,2017,10,29,5,6,1,4,43,302,22.83
2017-10-29 06:00:00,1,20171029061,2017,10,29,6,6,1,4,43,302,23.28
2017-10-29 07:00:00,1,20171029071,2017,10,29,7,6,1,4,43,302,24.33
2017-10-29 08:00:00,1,20171029081,2017,10,29,8,6,1,4,43,302,30.14
2017-10-29 09:00:00,1,20171029091,2017,10,29,9,6,1,4,43,302,32.25
2017-10-29 10:00:00,1,20171029101,2017,10,29,10,6,1,4,43,302,36.75
2017-10-29 11:00:00,1,20171029111,2017,10,29,11,6,1,4,43,302,37.93
2017-10-29 12:00:00,1,20171029121,2017,10,29,12,6,1,4,43,302,37.98
2017-10-29 13:00:00,1,20171029131,2017,10,29,13,6,1,4,43,302,35.22
2017-10-29 14:00:00,1,20171029141,2017,10,29,14,6,1,4,43,302,33.69
2017-10-29 15:00:00,1,20171029151,2017,10,29,15,6,1,4,43,302,35.04
2017-10-29 16:00:00,1,20171029161,2017,10,29,16,6,1,4,43,302,35.4
2017-10-29 17:00:00,1,20171029171,2017,10,29,17,6,1,4,43,302,38.7
2017-10-29 18:00:00,1,20171029181,2017,10,29,18,6,1,4,43,302,43.37
2017-10-29 19:00:00,1,20171029191,2017,10,29,19,6,1,4,43,302,42.91
2017-10-29 20:00:00,1,20171029201,2017,10,29,20,6,1,4,43,302,42.32
2017-10-29 21:00:00,1,20171029211,2017,10,29,21,6,1,4,43,302,43.51
2017-10-29 22:00:00,1,20171029221,2017,10,29,22,6,1,4,43,302,45.03
2017-10-29 23:00:00,1,20171029231,2017,10,29,23,6,1,4,43,302,45.48
2017-10-30 00:00:00,1,20171030001,2017,10,30,0,0,0,4,44,303,42.27
2017-10-30 01:00:00,1,20171030011,2017,10,30,1,0,0,4,44,303,38.63
2017-10-30 02:00:00,1,20171030021,2017,10,30,2,0,0,4,44,303,33.81
2017-10-30 03:00:00,1,20171030031,2017,10,30,3,0,0,4,44,303,34.9
2017-10-30 04:00:00,1,20171030041,2017,10,30,4,0,0,4,44,303,31.75
2017-10-30 05:00:00,1,20171030051,2017,10,30,5,0,0,4,44,303,29.86
2017-10-30 06:00:00,1,20171030061,2017,10,30,6,0,0,4,44,303,32.94
2017-10-30 07:00:00,1,20171030071,2017,10,30,7,0,0,4,44,303,36.82
2017-10-30 08:00:00,1,20171030081,2017,10,30,8,0,0,4,44,303,41.98
2017-10-30 09:00:00,1,20171030091,2017,10,30,9,0,0,4,44,303,45.6
2017-10-30 10:00:00,1,20171030101,2017,10,30,10,0,0,4,44,303,60.87
2017-10-30 11:00:00,1,20171030111,2017,10,30,11,0,0,4,44,303,69.74
2017-10-30 12:00:00,1,20171030121,2017,10,30,12,0,0,4,44,303,72.39
2017-10-30 13:00:00,1,20171030131,2017,10,30,13,0,0,4,44,303,64.81
2017-10-30 14:00:00,1,20171030141,2017,10,30,14,0,0,4,44,303,67.67
2017-10-30 15:00:00,1,20171030151,2017,10,30,15,0,0,4,44,303,67.61
2017-10-30 16:00:00,1,20171030161,2017,10,30,16,0,0,4,44,303,67.41
2017-10-30 17:00:00,1,20171030171,2017,10,30,17,0,0,4,44,303,68.37
2017-10-30 18:00:00,1,20171030181,2017,10,30,18,0,0,4,44,303,71.08
2017-10-30 19:00:00,1,20171030191,2017,10,30,19,0,0,4,44,303,76.0
2017-10-30 20:00:00,1,20171030201,2017,10,30,20,0,0,4,44,303,72.86
2017-10-30 21:00:00,1,20171030211,2017,10,30,21,0,0,4,44,303,73.37
2017-10-30 22:00:00,1,20171030221,2017,10,30,22,0,0,4,44,303,66.01
2017-10-30 23:00:00,1,20171030231,2017,10,30,23,0,0,4,44,303,63.84
2017-10-31 00:00:00,1,20171031001,2017,10,31,0,1,0,4,44,304,62.52
2017-10-31 01:00:00,1,20171031011,2017,10,31,1,1,0,4,44,304,53.5
2017-10-31 02:00:00,1,20171031021,2017,10,31,2,1,0,4,44,304,50.03
2017-10-31 03:00:00,1,20171031031,2017,10,31,3,1,0,4,44,304,44.69
2017-10-31 04:00:00,1,20171031041,2017,10,31,4,1,0,4,44,304,35.85
2017-10-31 05:00:00,1,20171031051,2017,10,31,5,1,0,4,44,304,33.68
2017-10-31 06:00:00,1,20171031061,2017,10,31,6,1,0,4,44,304,36.44
2017-10-31 07:00:00,1,20171031071,2017,10,31,7,1,0,4,44,304,42.01
2017-10-31 08:00:00,1,20171031081,2017,10,31,8,1,0,4,44,304,42.35
2017-10-31 09:00:00,1,20171031091,2017,10,31,9,1,0,4,44,304,45.16
2017-10-31 10:00:00,1,20171031101,2017,10,31,10,1,0,4,44,304,58.47
2017-10-31 11:00:00,1,20171031111,2017,10,31,11,1,0,4,44,304,58.33
2017-10-31 12:00:00,1,20171031121,2017,10,31,12,1,0,4,44,304,60.28
2017-10-31 13:00:00,1,20171031131,2017,10,31,13,1,0,4,44,304,55.19
2017-10-31 14:00:00,1,20171031141,2017,10,31,14,1,0,4,44,304,57.84
2017-10-31 15:00:00,1,20171031151,2017,10,31,15,1,0,4,44,304,58.66
2017-10-31 16:00:00,1,20171031161,2017,10,31,16,1,0,4,44,304,58.62
2017-10-31 17:00:00,1,20171031171,2017,10,31,17,1,0,4,44,304,59.89
2017-10-31 18:00:00,1,20171031181,2017,10,31,18,1,0,4,44,304,69.17
2017-10-31 19:00:00,1,20171031191,2017,10,31,19,1,0,4,44,304,74.7
2017-10-31 20:00:00,1,20171031201,2017,10,31,20,1,0,4,44,304,72.36
2017-10-31 21:00:00,1,20171031211,2017,10,31,21,1,0,4,44,304,73.17
2017-10-31 22:00:00,1,20171031221,2017,10,31,22,1,0,4,44,304,65.66
2017-10-31 23:00:00,1,20171031231,2017,10,31,23,1,0,4,44,304,63.7
2017-07-01 00:00:00,2,20170701002,2017,7,1,0,5,1,3,26,182,14.15
2017-07-01 01:00:00,2,20170701012,2017,7,1,1,5,1,3,26,182,10.92
2017-07-01 02:00:00,2,20170701022,2017,7,1,2,5,1,3,26,182,10.14
2017-07-01 03:00:00,2,20170701032,2017,7,1,3,5,1,3,26,182,9.21
2017-07-01 04:00:00,2,20170701042,2017,7,1,4,5,1,3,26,182,8.82
2017-07-01 05:00:00,2,20170701052,2017,7,1,5,5,1,3,26,182,5.77
2017-07-01 06:00:00,2,20170701062,2017,7,1,6,5,1,3,26,182,4.23
2017-07-01 07:00:00,2,20170701072,2017,7,1,7,5,1,3,26,182,4.93
2017-07-01 08:00:00,2,20170701082,2017,7,1,8,5,1,3,26,182,5.47
2017-07-01 09:00:00,2,20170701092,2017,7,1,9,5,1,3,26,182,6.45
2017-07-01 10:00:00,2,20170701102,2017,7,1,10,5,1,3,26,182,7.29
2017-07-01 11:00:00,2,20170701112,2017,7,1,11,5,1,3,26,182,8.09
2017-07-01 12:00:00,2,20170701122,2017,7,1,12,5,1,3,26,182,9.12
2017-07-01 13:00:00,2,20170701132,2017,7,1,13,5,1,3,26,182,8.51
2017-07-01 14:00:00,2,20170701142,2017,7,1,14,5,1,3,26,182,8.34
2017-07-01 15:00:00,2,20170701152,2017,7,1,15,5,1,3,26,182,7.78
2017-07-01 16:00:00,2,20170701162,2017,7,1,16,5,1,3,26,182,6.66
2017-07-01 17:00:00,2,20170701172,2017,7,1,17,5,1,3,26,182,7.92
2017-07-01 18:00:00,2,20170701182,2017,7,1,18,5,1,3,26,182,9.31
2017-07-01 19:00:00,2,20170701192,2017,7,1,19,5,1,3,26,182,10.05
2017-07-01 20:00:00,2,20170701202,2017,7,1,20,5,1,3,26,182,10.32
2017-07-01 21:00:00,2,20170701212,2017,7,1,21,5,1,3,26,182,10.1
2017-07-01 22:00:00,2,20170701222,2017,7,1,22,5,1,3,26,182,9.9
2017-07-01 23:00:00,2,20170701232,2017,7,1,23,5,1,3,26,182,10.54
2017-07-02 00:00:00,2,20170702002,2017,7,2,0,6,1,3,26,183,11.41
2017-07-02 01:00:00,2,20170702012,2017,7,2,1,6,1,3,26,183,8.73
2017-07-02 02:00:00,2,20170702022,2017,7,2,2,6,1,3,26,183,7.0
2017-07-02 03:00:00,2,20170702032,2017,7,2,3,6,1,3,26,183,6.42
2017-07-02 04:00:00,2,20170702042,2017,7,2,4,6,1,3,26,183,7.6
2017-07-02 05:00:00,2,20170702052,2017,7,2,5,6,1,3,26,183,5.61
2017-07-02 06:00:00,2,20170702062,2017,7,2,6,6,1,3,26,183,5.02
2017-07-02 07:00:00,2,20170702072,2017,7,2,7,6,1,3,26,183,4.84
2017-07-02 08:00:00,2,20170702082,2017,7,2,8,6,1,3,26,183,5.76
2017-07-02 09:00:00,2,20170702092,2017,7,2,9,6,1,3,26,183,5.55
2017-07-02 10:00:00,2,20170702102,2017,7,2,10,6,1,3,26,183,6.61
2017-07-02 11:00:00,2,20170702112,2017,7,2,11,6,1,3,26,183,7.6
2017-07-02 12:00:00,2,20170702122,2017,7,2,12,6,1,3,26,183,8.53
2017-07-02 13:00:00,2,20170702132,2017,7,2,13,6,1,3,26,183,7.92
2017-07-02 14:00:00,2,20170702142,2017,7,2,14,6,1,3,26,183,8.69
2017-07-02 15:00:00,2,20170702152,2017,7,2,15,6,1,3,26,183,7.91
2017-07-02 16:00:00,2,20170702162,2017,7,2,16,6,1,3,26,183,7.09
2017-07-02 17:00:00,2,20170702172,2017,7,2,17,6,1,3,26,183,9.16
2017-07-02 18:00:00,2,20170702182,2017,7,2,18,6,1,3,26,183,9.13
2017-07-02 19:00:00,2,20170702192,2017,7,2,19,6,1,3,26,183,10.44
2017-07-02 20:00:00,2,20170702202,2017,7,2,20,6,1,3,26,183,10.13
2017-07-02 21:00:00,2,20170702212,2017,7,2,21,6,1,3,26,183,9.26
2017-07-02 22:00:00,2,20170702222,2017,7,2,22,6,1,3,26,183,8.5
2017-07-02 23:00:00,2,20170702232,2017,7,2,23,6,1,3,26,183,8.72
2017-07-03 00:00:00,2,20170703002,2017,7,3,0,0,0,3,27,184,9.12
2017-07-03 01:00:00,2,20170703012,2017,7,3,1,0,0,3,27,184,6.55
2017-07-03 02:00:00,2,20170703022,2017,7,3,2,0,0,3,27,184,8.86
2017-07-03 03:00:00,2,20170703032,2017,7,3,3,0,0,3,27,184,7.87
2017-07-03 04:00:00,2,20170703042,2017,7,3,4,0,0,3,27,184,7.03
2017-07-03 05:00:00,2,20170703052,2017,7,3,5,0,0,3,27,184,5.91
2017-07-03 06:00:00,2,20170703062,2017,7,3,6,0,0,3,27,184,5.78
2017-07-03 07:00:00,2,20170703072,2017,7,3,7,0,0,3,27,184,7.8
2017-07-03 08:00:00,2,20170703082,2017,7,3,8,0,0,3,27,184,11.42
2017-07-03 09:00:00,2,20170703092,2017,7,3,9,0,0,3,27,184,10.6
2017-07-03 10:00:00,2,20170703102,2017,7,3,10,0,0,3,27,184,11.98
2017-07-03 11:00:00,2,20170703112,2017,7,3,11,0,0,3,27,184,15.61
2017-07-03 12:00:00,2,20170703122,2017,7,3,12,0,0,3,27,184,14.64
2017-07-03 13:00:00,2,20170703132,2017,7,3,13,0,0,3,27,184,16.43
2017-07-03 14:00:00,2,20170703142,2017,7,3,14,0,0,3,27,184,18.96
2017-07-03 15:00:00,2,20170703152,2017,7,3,15,0,0,3,27,184,17.59
2017-07-03 16:00:00,2,20170703162,2017,7,3,16,0,0,3,27,184,19.18
2017-07-03 17:00:00,2,20170703172,2017,7,3,17,0,0,3,27,184,18.28
2017-07-03 18:00:00,2,20170703182,2017,7,3,18,0,0,3,27,184,17.83
2017-07-03 19:00:00,2,20170703192,2017,7,3,19,0,0,3,27,184,18.81
2017-07-03 20:00:00,2,20170703202,2017,7,3,20,0,0,3,27,184,15.82
2017-07-03 21:00:00,2,20170703212,2017,7,3,21,0,0,3,27,184,14.75
2017-07-03 22:00:00,2,20170703222,2017,7,3,22,0,0,3,27,184,16.02
2017-07-03 23:00:00,2,20170703232,2017,7,3,23,0,0,3,27,184,14.6
2017-07-04 00:00:00,2,20170704002,2017,7,4,0,1,0,3,27,185,13.75
2017-07-04 01:00:00,2,20170704012,2017,7,4,1,1,0,3,27,185,10.66
2017-07-04 02:00:00,2,20170704022,2017,7,4,2,1,0,3,27,185,10.11
2017-07-04 03:00:00,2,20170704032,2017,7,4,3,1,0,3,27,185,8.68
2017-07-04 04:00:00,2,20170704042,2017,7,4,4,1,0,3,27,185,7.72
2017-07-04 05:00:00,2,20170704052,2017,7,4,5,1,0,3,27,185,5.75
2017-07-04 06:00:00,2,20170704062,2017,7,4,6,1,0,3,27,185,7.62
2017-07-04 07:00:00,2,20170704072,2017,7,4,7,1,0,3,27,185,8.62
2017-07-04 08:00:00,2,20170704082,2017,7,4,8,1,0,3,27,185,11.49
2017-07-04 09:00:00,2,20170704092,2017,7,4,9,1,0,3,27,185,11.05
2017-07-04 10:00:00,2,20170704102,2017,7,4,10,1,0,3,27,185,11.95
2017-07-04 11:00:00,2,20170704112,2017,7,4,11,1,0,3,27,185,16.15
2017-07-04 12:00:00,2,20170704122,2017,7,4,12,1,0,3,27,185,13.89
2017-07-04 13:00:00,2,20170704132,2017,7,4,13,1,0,3,27,185,16.15
2017-07-04 14:00:00,2,20170704142,2017,7,4,14,1,0,3,27,185,17.78
2017-07-04 15:00:00,2,20170704152,2017,7,4,15,1,0,3,27,185,17.92
2017-07-04 16:00:00,2,20170704162,2017,7,4,16,1,0,3,27,185,18.05
2017-07-04 17:00:00,2,20170704172,2017,7,4,17,1,0,3,27,185,17.62
2017-07-04 18:00:00,2,20170704182,2017,7,4,18,1,0,3,27,185,17.43
2017-07-04 19:00:00,2,20170704192,2017,7,4,19,1,0,3,27,185,17.73
2017-07-04 20:00:00,2,20170704202,2017,7,4,20,1,0,3,27,185,16.07
2017-07-04 21:00:00,2,20170704212,2017,7,4,21,1,0,3,27,185,16.55
2017-07-04 22:00:00,2,20170704222,2017,7,4,22,1,0,3,27,185,15.87
2017-07-04 23:00:00,2,20170704232,2017,7,4,23,1,0,3,27,185,14.58
2017-07-05 00:00:00,2,20170705002,2017,7,5,0,2,0,3,27,186,13.81
2017-07-05 01:00:00,2,20170705012,2017,7,5,1,2,0,3,27,186,10.29
2017-07-05 02:00:00,2,20170705022,2017,7,5,2,2,0,3,27,186,9.91
2017-07-05 03:00:00,2,20170705032,2017,7,5,3,2,0,3,27,186,8.55
2017-07-05 04:00:00,2,20170705042,2017,7,5,4,2,0,3,27,186,7.69
2017-07-05 05:00:00,2,20170705052,2017,7,5,5,2,0,3,27,186,6.47
2017-07-05 06:00:00,2,20170705062,2017,7,5,6,2,0,3,27,186,8.49
2017-07-05 07:00:00,2,20170705072,2017,7,5,7,2,0,3,27,186,8.12
2017-07-05 08:00:00,2,20170705082,2017,7,5,8,2,0,3,27,186,10.57
2017-07-05 09:00:00,2,20170705092,2017,7,5,9,2,0,3,27,186,10.22
2017-07-05 10:00:00,2,20170705102,2017,7,5,10,2,0,3,27,186,11.27
2017-07-05 11:00:00,2,20170705112,2017,7,5,11,2,0,3,27,186,14.05
2017-07-05 12:00:00,2,20170705122,2017,7,5,12,2,0,3,27,186,14.49
2017-07-05 13:00:00,2,20170705132,2017,7,5,13,2,0,3,27,186,15.5
2017-07-05 14:00:00,2,20170705142,2017,7,5,14,2,0,3,27,186,16.56
2017-07-05 15:00:00,2,20170705152,2017,7,5,15,2,0,3,27,186,17.44
2017-07-05 16:00:00,2,20170705162,2017,7,5,16,2,0,3,27,186,17.4
2017-07-05 17:00:00,2,20170705172,2017,7,5,17,2,0,3,27,186,17.18
2017-07-05 18:00:00,2,20170705182,2017,7,5,18,2,0,3,27,186,17.43
2017-07-05 19:00:00,2,20170705192,2017,7,5,19,2,0,3,27,186,17.42
2017-07-05 20:00:00,2,20170705202,2017,7,5,20,2,0,3,27,186,16.34
2017-07-05 21:00:00,2,20170705212,2017,7,5,21,2,0,3,27,186,17.87
2017-07-05 22:00:00,2,20170705222,2017,7,5,22,2,0,3,27,186,14.64
2017-07-05 23:00:00,2,20170705232,2017,7,5,23,2,0,3,27,186,15.22
2017-07-06 00:00:00,2,20170706002,2017,7,6,0,3,0,3,27,187,14.37
2017-07-06 01:00:00,2,20170706012,2017,7,6,1,3,0,3,27,187,9.91
2017-07-06 02:00:00,2,20170706022,2017,7,6,2,3,0,3,27,187,10.72
2017-07-06 03:00:00,2,20170706032,2017,7,6,3,3,0,3,27,187,8.61
2017-07-06 04:00:00,2,20170706042,2017,7,6,4,3,0,3,27,187,6.88
2017-07-06 05:00:00,2,20170706052,2017,7,6,5,3,0,3,27,187,7.31
2017-07-06 06:00:00,2,20170706062,2017,7,6,6,3,0,3,27,187,8.91
2017-07-06 07:00:00,2,20170706072,2017,7,6,7,3,0,3,27,187,7.75
2017-07-06 08:00:00,2,20170706082,2017,7,6,8,3,0,3,27,187,8.68
2017-07-06 09:00:00,2,20170706092,2017,7,6,9,3,0,3,27,187,9.09
2017-07-06 10:00:00,2,20170706102,2017,7,6,10,3,0,3,27,187,10.35
2017-07-06 11:00:00,2,20170706112,2017,7,6,11,3,0,3,27,187,13.01
2017-07-06 12:00:00,2,20170706122,2017,7,6,12,3,0,3,27,187,13.81
2017-07-06 13:00:00,2,20170706132,2017,7,6,13,3,0,3,27,187,12.12
2017-07-06 14:00:00,2,20170706142,2017,7,6,14,3,0,3,27,187,13.27
2017-07-06 15:00:00,2,20170706152,2017,7,6,15,3,0,3,27,187,13.51
2017-07-06 16:00:00,2,20170706162,2017,7,6,16,3,0,3,27,187,15.05
2017-07-06 17:00:00,2,20170706172,2017,7,6,17,3,0,3,27,187,14.97
2017-07-06 18:00:00,2,20170706182,2017,7,6,18,3,0,3,27,187,14.63
2017-07-06 19:00:00,2,20170706192,2017,7,6,19,3,0,3,27,187,15.18
2017-07-06 20:00:00,2,20170706202,2017,7,6,20,3,0,3,27,187,14.78
2017-07-06 21:00:00,2,20170706212,2017,7,6,21,3,0,3,27,187,15.67
2017-07-06 22:00:00,2,20170706222,2017,7,6,22,3,0,3,27,187,11.57
2017-07-06 23:00:00,2,20170706232,2017,7,6,23,3,0,3,27,187,13.09
2017-07-07 00:00:00,2,20170707002,2017,7,7,0,4,0,3,27,188,14.86
2017-07-07 01:00:00,2,20170707012,2017,7,7,1,4,0,3,27,188,10.74
2017-07-07 02:00:00,2,20170707022,2017,7,7,2,4,0,3,27,188,10.55
2017-07-07 03:00:00,2,20170707032,2017,7,7,3,4,0,3,27,188,10.04
2017-07-07 04:00:00,2,20170707042,2017,7,7,4,4,0,3,27,188,6.61
2017-07-07 05:00:00,2,20170707052,2017,7,7,5,4,0,3,27,188,7.28
2017-07-07 06:00:00,2,20170707062,2017,7,7,6,4,0,3,27,188,8.09
2017-07-07 07:00:00,2,20170707072,2017,7,7,7,4,0,3,27,188,8.91
2017-07-07 08:00:00,2,20170707082,2017,7,7,8,4,0,3,27,188,6.64
2017-07-07 09:00:00,2,20170707092,2017,7,7,9,4,0,3,27,188,8.53
2017-07-07 10:00:00,2,20170707102,2017,7,7,10,4,0,3,27,188,10.56
2017-07-07 11:00:00,2,20170707112,2017,7,7,11,4,0,3,27,188,13.88
2017-07-07 12:00:00,2,20170707122,2017,7,7,12,4,0,3,27,188,14.91
2017-07-07 13:00:00,2,20170707132,2017,7,7,13,4,0,3,27,188,13.77
2017-07-07 14:00:00,2,20170707142,2017,7,7,14,4,0,3,27,188,15.68
2017-07-07 15:00:00,2,20170707152,2017,7,7,15,4,0,3,27,188,13.31
2017-07-07 16:00:00,2,20170707162,2017,7,7,16,4,0,3,27,188,13.52
2017-07-07 17:00:00,2,20170707172,2017,7,7,17,4,0,3,27,188,14.25
2017-07-07 18:00:00,2,20170707182,2017,7,7,18,4,0,3,27,188,13.22
2017-07-07 19:00:00,2,20170707192,2017,7,7,19,4,0,3,27,188,13.5
2017-07-07 20:00:00,2,20170707202,2017,7,7,20,4,0,3,27,188,13.82
2017-07-07 21:00:00,2,20170707212,2017,7,7,21,4,0,3,27,188,13.65
2017-07-07 22:00:00,2,20170707222,2017,7,7,22,4,0,3,27,188,13.25
2017-07-07 23:00:00,2,20170707232,2017,7,7,23,4,0,3,27,188,12.84
2017-07-08 00:00:00,2,20170708002,2017,7,8,0,5,1,3,27,189,14.09
2017-07-08 01:00:00,2,20170708012,2017,7,8,1,5,1,3,27,189,10.5
2017-07-08 02:00:00,2,20170708022,2017,7,8,2,5,1,3,27,189,8.57
2017-07-08 03:00:00,2,20170708032,2017,7,8,3,5,1,3,27,189,7.99
2017-07-08 04:00:00,2,20170708042,2017,7,8,4,5,1,3,27,189,6.92
2017-07-08 05:00:00,2,20170708052,2017,7,8,5,5,1,3,27,189,4.5
2017-07-08 06:00:00,2,20170708062,2017,7,8,6,5,1,3,27,189,5.14
2017-07-08 07:00:00,2,20170708072,2017,7,8,7,5,1,3,27,189,4.71
2017-07-08 08:00:00,2,20170708082,2017,7,8,8,5,1,3,27,189,5.66
2017-07-08 09:00:00,2,20170708092,2017,7,8,9,5,1,3,27,189,7.05
2017-07-08 10:00:00,2,20170708102,2017,7,8,10,5,1,3,27,189,14.96
2017-07-08 11:00:00,2,20170708112,2017,7,8,11,5,1,3,27,189,13.46
2017-07-08 12:00:00,2,20170708122,2017,7,8,12,5,1,3,27,189,13.61
2017-07-08 13:00:00,2,20170708132,2017,7,8,13,5,1,3,27,189,12.08
2017-07-08 14:00:00,2,20170708142,2017,7,8,14,5,1,3,27,189,11.88
2017-07-08 15:00:00,2,20170708152,2017,7,8,15,5,1,3,27,189,10.95
2017-07-08 16:00:00,2,20170708162,2017,7,8,16,5,1,3,27,189,12.32
2017-07-08 17:00:00,2,20170708172,2017,7,8,17,5,1,3,27,189,11.21
2017-07-08 18:00:00,2,20170708182,2017,7,8,18,5,1,3,27,189,10.9
2017-07-08 19:00:00,2,20170708192,2017,7,8,19,5,1,3,27,189,10.02
2017-07-08 20:00:00,2,20170708202,2017,7,8,20,5,1,3,27,189,10.18
2017-07-08 21:00:00,2,20170708212,2017,7,8,21,5,1,3,27,189,9.34
2017-07-08 22:00:00,2,20170708222,2017,7,8,22,5,1,3,27,189,10.84
2017-07-08 23:00:00,2,20170708232,2017,7,8,23,5,1,3,27,189,10.46
2017-07-09 00:00:00,2,20170709002,2017,7,9,0,6,1,3,27,190,10.55
2017-07-09 01:00:00,2,20170709012,2017,7,9,1,6,1,3,27,190,10.08
2017-07-09 02:00:00,2,20170709022,2017,7,9,2,6,1,3,27,190,7.19
2017-07-09 03:00:00,2,20170709032,2017,7,9,3,6,1,3,27,190,6.76
2017-07-09 04:00:00,2,20170709042,2017,7,9,4,6,1,3,27,190,7.15
2017-07-09 05:00:00,2,20170709052,2017,7,9,5,6,1,3,27,190,5.06
2017-07-09 06:00:00,2,20170709062,2017,7,9,6,6,1,3,27,190,4.26
2017-07-09 07:00:00,2,20170709072,2017,7,9,7,6,1,3,27,190,4.63
2017-07-09 08:00:00,2,20170709082,2017,7,9,8,6,1,3,27,190,6.41
2017-07-09 09:00:00,2,20170709092,2017,7,9,9,6,1,3,27,190,7.71
2017-07-09 10:00:00,2,20170709102,2017,7,9,10,6,1,3,27,190,15.54
2017-07-09 11:00:00,2,20170709112,2017,7,9,11,6,1,3,27,190,13.48
2017-07-09 12:00:00,2,20170709122,2017,7,9,12,6,1,3,27,190,13.96
2017-07-09 13:00:00,2,20170709132,2017,7,9,13,6,1,3,27,190,12.31
2017-07-09 14:00:00,2,20170709142,2017,7,9,14,6,1,3,27,190,12.16
2017-07-09 15:00:00,2,20170709152,2017,7,9,15,6,1,3,27,190,11.09
2017-07-09 16:00:00,2,20170709162,2017,7,9,16,6,1,3,27,190,12.17
2017-07-09 17:00:00,2,20170709172,2017,7,9,17,6,1,3,27,190,11.44
2017-07-09 18:00:00,2,20170709182,2017,7,9,18,6,1,3,27,190,10.73
2017-07-09 19:00:00,2,20170709192,2017,7,9,19,6,1,3,27,190,11.41
2017-07-09 20:00:00,2,20170709202,2017,7,9,20,6,1,3,27,190,12.01
2017-07-09 21:00:00,2,20170709212,2017,7,9,21,6,1,3,27,190,10.08
2017-07-09 22:00:00,2,20170709222,2017,7,9,22,6,1,3,27,190,11.45
2017-07-09 23:00:00,2,20170709232,2017,7,9,23,6,1,3,27,190,10.42
2017-07-10 00:00:00,2,20170710002,2017,7,10,0,0,0,3,28,191,9.12
2017-07-10 01:00:00,2,20170710012,2017,7,10,1,0,0,3,28,191,7.72
2017-07-10 02:00:00,2,20170710022,2017,7,10,2,0,0,3,28,191,7.22
2017-07-10 03:00:00,2,20170710032,2017,7,10,3,0,0,3,28,191,7.71
2017-07-10 04:00:00,2,20170710042,2017,7,10,4,0,0,3,28,191,6.8
2017-07-10 05:00:00,2,20170710052,2017,7,10,5,0,0,3,28,191,7.42
2017-07-10 06:00:00,2,20170710062,2017,7,10,6,0,0,3,28,191,8.71
2017-07-10 07:00:00,2,20170710072,2017,7,10,7,0,0,3,28,191,6.97
2017-07-10 08:00:00,2,20170710082,2017,7,10,8,0,0,3,28,191,10.31
2017-07-10 09:00:00,2,20170710092,2017,7,10,9,0,0,3,28,191,9.9
2017-07-10 10:00:00,2,20170710102,2017,7,10,10,0,0,3,28,191,10.21
2017-07-10 11:00:00,2,20170710112,2017,7,10,11,0,0,3,28,191,13.14
2017-07-10 12:00:00,2,20170710122,2017,7,10,12,0,0,3,28,191,15.12
2017-07-10 13:00:00,2,20170710132,2017,7,10,13,0,0,3,28,191,15.19
2017-07-10 14:00:00,2,20170710142,2017,7,10,14,0,0,3,28,191,15.88
2017-07-10 15:00:00,2,20170710152,2017,7,10,15,0,0,3,28,191,15.3
2017-07-10 16:00:00,2,20170710162,2017,7,10,16,0,0,3,28,191,15.18
2017-07-10 17:00:00,2,20170710172,2017,7,10,17,0,0,3,28,191,16.51
2017-07-10 18:00:00,2,20170710182,2017,7,10,18,0,0,3,28,191,16.83
2017-07-10 19:00:00,2,20170710192,2017,7,10,19,0,0,3,28,191,19.11
2017-07-10 20:00:00,2,20170710202,2017,7,10,20,0,0,3,28,191,17.16
2017-07-10 21:00:00,2,20170710212,2017,7,10,21,0,0,3,28,191,16.11
2017-07-10 22:00:00,2,20170710222,2017,7,10,22,0,0,3,28,191,13.47
2017-07-10 23:00:00,2,20170710232,2017,7,10,23,0,0,3,28,191,15.51
2017-07-11 00:00:00,2,20170711002,2017,7,11,0,1,0,3,28,192,14.89
2017-07-11 01:00:00,2,20170711012,2017,7,11,1,1,0,3,28,192,12.52
2017-07-11 02:00:00,2,20170711022,2017,7,11,2,1,0,3,28,192,10.35
2017-07-11 03:00:00,2,20170711032,2017,7,11,3,1,0,3,28,192,9.14
2017-07-11 04:00:00,2,20170711042,2017,7,11,4,1,0,3,28,192,7.5
2017-07-11 05:00:00,2,20170711052,2017,7,11,5,1,0,3,28,192,7.85
2017-07-11 06:00:00,2,20170711062,2017,7,11,6,1,0,3,28,192,8.29
2017-07-11 07:00:00,2,20170711072,2017,7,11,7,1,0,3,28,192,7.97
2017-07-11 08:00:00,2,20170711082,2017,7,11,8,1,0,3,28,192,8.96
2017-07-11 09:00:00,2,20170711092,2017,7,11,9,1,0,3,28,192,10.43
2017-07-11 10:00:00,2,20170711102,2017,7,11,10,1,0,3,28,192,10.81
2017-07-11 11:00:00,2,20170711112,2017,7,11,11,1,0,3,28,192,12.93
2017-07-11 12:00:00,2,20170711122,2017,7,11,12,1,0,3,28,192,14.73
2017-07-11 13:00:00,2,20170711132,2017,7,11,13,1,0,3,28,192,14.29
2017-07-11 14:00:00,2,20170711142,2017,7,11,14,1,0,3,28,192,17.03
2017-07-11 15:00:00,2,20170711152,2017,7,11,15,1,0,3,28,192,16.85
2017-07-11 16:00:00,2,20170711162,2017,7,11,16,1,0,3,28,192,16.04
2017-07-11 17:00:00,2,20170711172,2017,7,11,17,1,0,3,28,192,16.5
2017-07-11 18:00:00,2,20170711182,2017,7,11,18,1,0,3,28,192,16.75
2017-07-11 19:00:00,2,20170711192,2017,7,11,19,1,0,3,28,192,19.45
2017-07-11 20:00:00,2,20170711202,2017,7,11,20,1,0,3,28,192,17.42
2017-07-11 21:00:00,2,20170711212,2017,7,11,21,1,0,3,28,192,14.59
2017-07-11 22:00:00,2,20170711222,2017,7,11,22,1,0,3,28,192,14.25
2017-07-11 23:00:00,2,20170711232,2017,7,11,23,1,0,3,28,192,15.59
2017-07-12 00:00:00,2,20170712002,2017,7,12,0,2,0,3,28,193,15.33
2017-07-12 01:00:00,2,20170712012,2017,7,12,1,2,0,3,28,193,13.64
2017-07-12 02:00:00,2,20170712022,2017,7,12,2,2,0,3,28,193,10.31
2017-07-12 03:00:00,2,20170712032,2017,7,12,3,2,0,3,28,193,9.65
2017-07-12 04:00:00,2,20170712042,2017,7,12,4,2,0,3,28,193,7.36
2017-07-12 05:00:00,2,20170712052,2017,7,12,5,2,0,3,28,193,8.23
2017-07-12 06:00:00,2,20170712062,2017,7,12,6,2,0,3,28,193,9.17
2017-07-12 07:00:00,2,20170712072,2017,7,12,7,2,0,3,28,193,8.5
2017-07-12 08:00:00,2,20170712082,2017,7,12,8,2,0,3,28,193,8.36
2017-07-12 09:00:00,2,20170712092,2017,7,12,9,2,0,3,28,193,10.56
2017-07-12 10:00:00,2,20170712102,2017,7,12,10,2,0,3,28,193,11.19
2017-07-12 11:00:00,2,20170712112,2017,7,12,11,2,0,3,28,193,13.24
2017-07-12 12:00:00,2,20170712122,2017,7,12,12,2,0,3,28,193,14.35
2017-07-12 13:00:00,2,20170712132,2017,7,12,13,2,0,3,28,193,14.22
2017-07-12 14:00:00,2,20170712142,2017,7,12,14,2,0,3,28,193,16.38
2017-07-12 15:00:00,2,20170712152,2017,7,12,15,2,0,3,28,193,16.62
2017-07-12 16:00:00,2,20170712162,2017,7,12,16,2,0,3,28,193,17.1
2017-07-12 17:00:00,2,20170712172,2017,7,12,17,2,0,3,28,193,17.18
2017-07-12 18:00:00,2,20170712182,2017,7,12,18,2,0,3,28,193,16.73
2017-07-12 19:00:00,2,20170712192,2017,7,12,19,2,0,3,28,193,18.65
2017-07-12 20:00:00,2,20170712202,2017,7,12,20,2,0,3,28,193,17.27
2017-07-12 21:00:00,2,20170712212,2017,7,12,21,2,0,3,28,193,14.24
2017-07-12 22:00:00,2,20170712222,2017,7,12,22,2,0,3,28,193,15.25
2017-07-12 23:00:00,2,20170712232,2017,7,12,23,2,0,3,28,193,15.52
2017-07-13 00:00:00,2,20170713002,2017,7,13,0,3,0,3,28,194,15.26
2017-07-13 01:00:00,2,20170713012,2017,7,13,1,3,0,3,28,194,14.04
2017-07-13 02:00:00,2,20170713022,2017,7,13,2,3,0,3,28,194,10.52
2017-07-13 03:00:00,2,20170713032,2017,7,13,3,3,0,3,28,194,9.6
2017-07-13 04:00:00,2,20170713042,2017,7,13,4,3,0,3,28,194,7.27
2017-07-13 05:00:00,2,20170713052,2017,7,13,5,3,0,3,28,194,7.81
2017-07-13 06:00:00,2,20170713062,2017,7,13,6,3,0,3,28,194,8.5
2017-07-13 07:00:00,2,20170713072,2017,7,13,7,3,0,3,28,194,8.29
2017-07-13 08:00:00,2,20170713082,2017,7,13,8,3,0,3,28,194,8.35
2017-07-13 09:00:00,2,20170713092,2017,7,13,9,3,0,3,28,194,10.27
2017-07-13 10:00:00,2,20170713102,2017,7,13,10,3,0,3,28,194,10.84
2017-07-13 11:00:00,2,20170713112,2017,7,13,11,3,0,3,28,194,13.33
2017-07-13 12:00:00,2,20170713122,2017,7,13,12,3,0,3,28,194,13.37
2017-07-13 13:00:00,2,20170713132,2017,7,13,13,3,0,3,28,194,13.22
2017-07-13 14:00:00,2,20170713142,2017,7,13,14,3,0,3,28,194,17.0
2017-07-13 15:00:00,2,20170713152,2017,7,13,15,3,0,3,28,194,16.72
2017-07-13 16:00:00,2,20170713162,2017,7,13,16,3,0,3,28,194,16.85
2017-07-13 17:00:00,2,20170713172,2017,7,13,17,3,0,3,28,194,16.96
2017-07-13 18:00:00,2,20170713182,2017,7,13,18,3,0,3,28,194,15.53
2017-07-13 19:00:00,2,20170713192,2017,7,13,19,3,0,3,28,194,17.15
2017-07-13 20:00:00,2,20170713202,2017,7,13,20,3,0,3,28,194,17.12
2017-07-13 21:00:00,2,20170713212,2017,7,13,21,3,0,3,28,194,14.89
2017-07-13 22:00:00,2,20170713222,2017,7,13,22,3,0,3,28,194,14.17
2017-07-13 23:00:00,2,20170713232,2017,7,13,23,3,0,3,28,194,14.63
2017-07-14 00:00:00,2,20170714002,2017,7,14,0,4,0,3,28,195,14.65
2017-07-14 01:00:00,2,20170714012,2017,7,14,1,4,0,3,28,195,13.59
2017-07-14 02:00:00,2,20170714022,2017,7,14,2,4,0,3,28,195,11.23
2017-07-14 03:00:00,2,20170714032,2017,7,14,3,4,0,3,28,195,10.28
2017-07-14 04:00:00,2,20170714042,2017,7,14,4,4,0,3,28,195,7.84
2017-07-14 05:00:00,2,20170714052,2017,7,14,5,4,0,3,28,195,7.33
2017-07-14 06:00:00,2,20170714062,2017,7,14,6,4,0,3,28,195,7.67
2017-07-14 07:00:00,2,20170714072,2017,7,14,7,4,0,3,28,195,8.57
2017-07-14 08:00:00,2,20170714082,2017,7,14,8,4,0,3,28,195,8.87
2017-07-14 09:00:00,2,20170714092,2017,7,14,9,4,0,3,28,195,10.54
2017-07-14 10:00:00,2,20170714102,2017,7,14,10,4,0,3,28,195,11.31
2017-07-14 11:00:00,2,20170714112,2017,7,14,11,4,0,3,28,195,13.82
2017-07-14 12:00:00,2,20170714122,2017,7,14,12,4,0,3,28,195,14.95
2017-07-14 13:00:00,2,20170714132,2017,7,14,13,4,0,3,28,195,15.37
2017-07-14 14:00:00,2,20170714142,2017,7,14,14,4,0,3,28,195,16.9
2017-07-14 15:00:00,2,20170714152,2017,7,14,15,4,0,3,28,195,14.51
2017-07-14 16:00:00,2,20170714162,2017,7,14,16,4,0,3,28,195,14.08
2017-07-14 17:00:00,2,20170714172,2017,7,14,17,4,0,3,28,195,15.52
2017-07-14 18:00:00,2,20170714182,2017,7,14,18,4,0,3,28,195,16.2
2017-07-14 19:00:00,2,20170714192,2017,7,14,19,4,0,3,28,195,17.08
2017-07-14 20:00:00,2,20170714202,2017,7,14,20,4,0,3,28,195,15.3
2017-07-14 21:00:00,2,20170714212,2017,7,14,21,4,0,3,28,195,14.06
2017-07-14 22:00:00,2,20170714222,2017,7,14,22,4,0,3,28,195,14.01
2017-07-14 23:00:00,2,20170714232,2017,7,14,23,4,0,3,28,195,13.58
2017-07-15 00:00:00,2,20170715002,2017,7,15,0,5,1,3,28,196,13.46
2017-07-15 01:00:00,2,20170715012,2017,7,15,1,5,1,3,28,196,12.24
2017-07-15 02:00:00,2,20170715022,2017,7,15,2,5,1,3,28,196,9.19
2017-07-15 03:00:00,2,20170715032,2017,7,15,3,5,1,3,28,196,8.55
2017-07-15 04:00:00,2,20170715042,2017,7,15,4,5,1,3,28,196,6.8
2017-07-15 05:00:00,2,20170715052,2017,7,15,5,5,1,3,28,196,6.88
2017-07-15 06:00:00,2,20170715062,2017,7,15,6,5,1,3,28,196,6.03
2017-07-15 07:00:00,2,20170715072,2017,7,15,7,5,1,3,28,196,5.87
2017-07-15 08:00:00,2,20170715082,2017,7,15,8,5,1,3,28,196,6.8
2017-07-15 09:00:00,2,20170715092,2017,7,15,9,5,1,3,28,196,8.9
2017-07-15 10:00:00,2,20170715102,2017,7,15,10,5,1,3,28,196,8.56
2017-07-15 11:00:00,2,20170715112,2017,7,15,11,5,1,3,28,196,7.71
2017-07-15 12:00:00,2,20170715122,2017,7,15,12,5,1,3,28,196,9.59
2017-07-15 13:00:00,2,20170715132,2017,7,15,13,5,1,3,28,196,7.36
2017-07-15 14:00:00,2,20170715142,2017,7,15,14,5,1,3,28,196,8.05
2017-07-15 15:00:00,2,20170715152,2017,7,15,15,5,1,3,28,196,8.06
2017-07-15 16:00:00,2,20170715162,2017,7,15,16,5,1,3,28,196,8.65
2017-07-15 17:00:00,2,20170715172,2017,7,15,17,5,1,3,28,196,10.47
2017-07-15 18:00:00,2,20170715182,2017,7,15,18,5,1,3,28,196,8.54
2017-07-15 19:00:00,2,20170715192,2017,7,15,19,5,1,3,28,196,9.48
2017-07-15 20:00:00,2,20170715202,2017,7,15,20,5,1,3,28,196,10.35
2017-07-15 21:00:00,2,20170715212,2017,7,15,21,5,1,3,28,196,10.64
2017-07-15 22:00:00,2,20170715222,2017,7,15,22,5,1,3,28,196,10.9
2017-07-15 23:00:00,2,20170715232,2017,7,15,23,5,1,3,28,196,10.98
2017-07-16 00:00:00,2,20170716002,2017,7,16,0,6,1,3,28,197,12.55
2017-07-16 01:00:00,2,20170716012,2017,7,16,1,6,1,3,28,197,11.02
2017-07-16 02:00:00,2,20170716022,2017,7,16,2,6,1,3,28,197,6.13
2017-07-16 03:00:00,2,20170716032,2017,7,16,3,6,1,3,28,197,8.04
2017-07-16 04:00:00,2,20170716042,2017,7,16,4,6,1,3,28,197,6.78
2017-07-16 05:00:00,2,20170716052,2017,7,16,5,6,1,3,28,197,5.34
2017-07-16 06:00:00,2,20170716062,2017,7,16,6,6,1,3,28,197,4.72
2017-07-16 07:00:00,2,20170716072,2017,7,16,7,6,1,3,28,197,6.22
2017-07-16 08:00:00,2,20170716082,2017,7,16,8,6,1,3,28,197,6.55
2017-07-16 09:00:00,2,20170716092,2017,7,16,9,6,1,3,28,197,7.39
2017-07-16 10:00:00,2,20170716102,2017,7,16,10,6,1,3,28,197,8.34
2017-07-16 11:00:00,2,20170716112,2017,7,16,11,6,1,3,28,197,7.78
2017-07-16 12:00:00,2,20170716122,2017,7,16,12,6,1,3,28,197,9.81
2017-07-16 13:00:00,2,20170716132,2017,7,16,13,6,1,3,28,197,7.41
2017-07-16 14:00:00,2,20170716142,2017,7,16,14,6,1,3,28,197,8.2
2017-07-16 15:00:00,2,20170716152,2017,7,16,15,6,1,3,28,197,8.9
2017-07-16 16:00:00,2,20170716162,2017,7,16,16,6,1,3,28,197,9.24
2017-07-16 17:00:00,2,20170716172,2017,7,16,17,6,1,3,28,197,10.24
2017-07-16 18:00:00,2,20170716182,2017,7,16,18,6,1,3,28,197,9.24
2017-07-16 19:00:00,2,20170716192,2017,7,16,19,6,1,3,28,197,10.69
2017-07-16 20:00:00,2,20170716202,2017,7,16,20,6,1,3,28,197,10.68
2017-07-16 21:00:00,2,20170716212,2017,7,16,21,6,1,3,28,197,9.38
2017-07-16 22:00:00,2,20170716222,2017,7,16,22,6,1,3,28,197,9.93
2017-07-16 23:00:00,2,20170716232,2017,7,16,23,6,1,3,28,197,10.38
2017-07-17 00:00:00,2,20170717002,2017,7,17,0,0,0,3,29,198,13.57
2017-07-17 01:00:00,2,20170717012,2017,7,17,1,0,0,3,29,198,11.13
2017-07-17 02:00:00,2,20170717022,2017,7,17,2,0,0,3,29,198,6.73
2017-07-17 03:00:00,2,20170717032,2017,7,17,3,0,0,3,29,198,6.68
2017-07-17 04:00:00,2,20170717042,2017,7,17,4,0,0,3,29,198,8.12
2017-07-17 05:00:00,2,20170717052,2017,7,17,5,0,0,3,29,198,7.5
2017-07-17 06:00:00,2,20170717062,2017,7,17,6,0,0,3,29,198,7.82
2017-07-17 07:00:00,2,20170717072,2017,7,17,7,0,0,3,29,198,6.96
2017-07-17 08:00:00,2,20170717082,2017,7,17,8,0,0,3,29,198,9.59
2017-07-17 09:00:00,2,20170717092,2017,7,17,9,0,0,3,29,198,12.39
2017-07-17 10:00:00,2,20170717102,2017,7,17,10,0,0,3,29,198,13.13
2017-07-17 11:00:00,2,20170717112,2017,7,17,11,0,0,3,29,198,14.09
2017-07-17 12:00:00,2,20170717122,2017,7,17,12,0,0,3,29,198,14.38
2017-07-17 13:00:00,2,20170717132,2017,7,17,13,0,0,3,29,198,14.29
2017-07-17 14:00:00,2,20170717142,2017,7,17,14,0,0,3,29,198,16.22
2017-07-17 15:00:00,2,20170717152,2017,7,17,15,0,0,3,29,198,15.91
2017-07-17 16:00:00,2,20170717162,2017,7,17,16,0,0,3,29,198,16.78
2017-07-17 17:00:00,2,20170717172,2017,7,17,17,0,0,3,29,198,17.0
2017-07-17 18:00:00,2,20170717182,2017,7,17,18,0,0,3,29,198,15.96
2017-07-17 19:00:00,2,20170717192,2017,7,17,19,0,0,3,29,198,17.01
2017-07-17 20:00:00,2,20170717202,2017,7,17,20,0,0,3,29,198,16.82
2017-07-17 21:00:00,2,20170717212,2017,7,17,21,0,0,3,29,198,16.04
2017-07-17 22:00:00,2,20170717222,2017,7,17,22,0,0,3,29,198,14.75
2017-07-17 23:00:00,2,20170717232,2017,7,17,23,0,0,3,29,198,14.89
2017-07-18 00:00:00,2,20170718002,2017,7,18,0,1,0,3,29,199,15.09
2017-07-18 01:00:00,2,20170718012,2017,7,18,1,1,0,3,29,199,13.77
2017-07-18 02:00:00,2,20170718022,2017,7,18,2,1,0,3,29,199,10.99
2017-07-18 03:00:00,2,20170718032,2017,7,18,3,1,0,3,29,199,10.26
2017-07-18 04:00:00,2,20170718042,2017,7,18,4,1,0,3,29,199,9.14
2017-07-18 05:00:00,2,20170718052,2017,7,18,5,1,0,3,29,199,7.99
2017-07-18 06:00:00,2,20170718062,2017,7,18,6,1,0,3,29,199,8.28
2017-07-18 07:00:00,2,20170718072,2017,7,18,7,1,0,3,29,199,8.43
2017-07-18 08:00:00,2,20170718082,2017,7,18,8,1,0,3,29,199,9.07
2017-07-18 09:00:00,2,20170718092,2017,7,18,9,1,0,3,29,199,12.27
2017-07-18 10:00:00,2,20170718102,2017,7,18,10,1,0,3,29,199,13.46
2017-07-18 11:00:00,2,20170718112,2017,7,18,11,1,0,3,29,199,13.71
2017-07-18 12:00:00,2,20170718122,2017,7,18,12,1,0,3,29,199,14.48
2017-07-18 13:00:00,2,20170718132,2017,7,18,13,1,0,3,29,199,14.29
2017-07-18 14:00:00,2,20170718142,2017,7,18,14,1,0,3,29,199,16.91
2017-07-18 15:00:00,2,20170718152,2017,7,18,15,1,0,3,29,199,15.25
2017-07-18 16:00:00,2,20170718162,2017,7,18,16,1,0,3,29,199,17.34
2017-07-18 17:00:00,2,20170718172,2017,7,18,17,1,0,3,29,199,16.61
2017-07-18 18:00:00,2,20170718182,2017,7,18,18,1,0,3,29,199,17.64
2017-07-18 19:00:00,2,20170718192,2017,7,18,19,1,0,3,29,199,17.04
2017-07-18 20:00:00,2,20170718202,2017,7,18,20,1,0,3,29,199,16.7
2017-07-18 21:00:00,2,20170718212,2017,7,18,21,1,0,3,29,199,15.38
2017-07-18 22:00:00,2,20170718222,2017,7,18,22,1,0,3,29,199,14.5
2017-07-18 23:00:00,2,20170718232,2017,7,18,23,1,0,3,29,199,14.15
2017-07-19 00:00:00,2,20170719002,2017,7,19,0,2,0,3,29,200,15.21
2017-07-19 01:00:00,2,20170719012,2017,7,19,1,2,0,3,29,200,13.9
2017-07-19 02:00:00,2,20170719022,2017,7,19,2,2,0,3,29,200,11.66
2017-07-19 03:00:00,2,20170719032,2017,7,19,3,2,0,3,29,200,10.45
2017-07-19 04:00:00,2,20170719042,2017,7,19,4,2,0,3,29,200,10.31
2017-07-19 05:00:00,2,20170719052,2017,7,19,5,2,0,3,29,200,7.57
2017-07-19 06:00:00,2,20170719062,2017,7,19,6,2,0,3,29,200,8.51
2017-07-19 07:00:00,2,20170719072,2017,7,19,7,2,0,3,29,200,8.82
2017-07-19 08:00:00,2,20170719082,2017,7,19,8,2,0,3,29,200,8.78
2017-07-19 09:00:00,2,20170719092,2017,7,19,9,2,0,3,29,200,11.88
2017-07-19 10:00:00,2,20170719102,2017,7,19,10,2,0,3,29,200,14.6
2017-07-19 11:00:00,2,20170719112,2017,7,19,11,2,0,3,29,200,13.41
2017-07-19 12:00:00,2,20170719122,2017,7,19,12,2,0,3,29,200,14.3
2017-07-19 13:00:00,2,20170719132,2017,7,19,13,2,0,3,29,200,15.38
2017-07-19 14:00:00,2,20170719142,2017,7,19,14,2,0,3,29,200,16.6
2017-07-19 15:00:00,2,20170719152,2017,7,19,15,2,0,3,29,200,14.44
2017-07-19 16:00:00,2,20170719162,2017,7,19,16,2,0,3,29,200,17.69
2017-07-19 17:00:00,2,20170719172,2017,7,19,17,2,0,3,29,200,17.05
2017-07-19 18:00:00,2,20170719182,2017,7,19,18,2,0,3,29,200,17.09
2017-07-19 19:00:00,2,20170719192,2017,7,19,19,2,0,3,29,200,16.8
2017-07-19 20:00:00,2,20170719202,2017,7,19,20,2,0,3,29,200,17.47
2017-07-19 21:00:00,2,20170719212,2017,7,19,21,2,0,3,29,200,15.72
2017-07-19 22:00:00,2,20170719222,2017,7,19,22,2,0,3,29,200,14.5
2017-07-19 23:00:00,2,20170719232,2017,7,19,23,2,0,3,29,200,13.72
2017-07-20 00:00:00,2,20170720002,2017,7,20,0,3,0,3,29,201,15.25
2017-07-20 01:00:00,2,20170720012,2017,7,20,1,3,0,3,29,201,14.08
2017-07-20 02:00:00,2,20170720022,2017,7,20,2,3,0,3,29,201,11.61
2017-07-20 03:00:00,2,20170720032,2017,7,20,3,3,0,3,29,201,9.95
2017-07-20 04:00:00,2,20170720042,2017,7,20,4,3,0,3,29,201,10.88
2017-07-20 05:00:00,2,20170720052,2017,7,20,5,3,0,3,29,201,7.37
2017-07-20 06:00:00,2,20170720062,2017,7,20,6,3,0,3,29,201,8.47
2017-07-20 07:00:00,2,20170720072,2017,7,20,7,3,0,3,29,201,7.97
2017-07-20 08:00:00,2,20170720082,2017,7,20,8,3,0,3,29,201,8.34
2017-07-20 09:00:00,2,20170720092,2017,7,20,9,3,0,3,29,201,10.95
2017-07-20 10:00:00,2,20170720102,2017,7,20,10,3,0,3,29,201,14.73
2017-07-20 11:00:00,2,20170720112,2017,7,20,11,3,0,3,29,201,14.77
2017-07-20 12:00:00,2,20170720122,2017,7,20,12,3,0,3,29,201,14.29
2017-07-20 13:00:00,2,20170720132,2017,7,20,13,3,0,3,29,201,14.4
2017-07-20 14:00:00,2,20170720142,2017,7,20,14,3,0,3,29,201,17.09
2017-07-20 15:00:00,2,20170720152,2017,7,20,15,3,0,3,29,201,15.45
2017-07-20 16:00:00,2,20170720162,2017,7,20,16,3,0,3,29,201,16.47
2017-07-20 17:00:00,2,20170720172,2017,7,20,17,3,0,3,29,201,16.42
2017-07-20 18:00:00,2,20170720182,2017,7,20,18,3,0,3,29,201,17.47
2017-07-20 19:00:00,2,20170720192,2017,7,20,19,3,0,3,29,201,16.54
2017-07-20 20:00:00,2,20170720202,2017,7,20,20,3,0,3,29,201,17.77
2017-07-20 21:00:00,2,20170720212,2017,7,20,21,3,0,3,29,201,16.07
2017-07-20 22:00:00,2,20170720222,2017,7,20,22,3,0,3,29,201,15.03
2017-07-20 23:00:00,2,20170720232,2017,7,20,23,3,0,3,29,201,14.49
2017-07-21 00:00:00,2,20170721002,2017,7,21,0,4,0,3,29,202,15.0
2017-07-21 01:00:00,2,20170721012,2017,7,21,1,4,0,3,29,202,13.61
2017-07-21 02:00:00,2,20170721022,2017,7,21,2,4,0,3,29,202,12.02
2017-07-21 03:00:00,2,20170721032,2017,7,21,3,4,0,3,29,202,9.88
2017-07-21 04:00:00,2,20170721042,2017,7,21,4,4,0,3,29,202,8.67
2017-07-21 05:00:00,2,20170721052,2017,7,21,5,4,0,3,29,202,7.78
2017-07-21 06:00:00,2,20170721062,2017,7,21,6,4,0,3,29,202,8.31
2017-07-21 07:00:00,2,20170721072,2017,7,21,7,4,0,3,29,202,9.06
2017-07-21 08:00:00,2,20170721082,2017,7,21,8,4,0,3,29,202,8.95
2017-07-21 09:00:00,2,20170721092,2017,7,21,9,4,0,3,29,202,10.84
2017-07-21 10:00:00,2,20170721102,2017,7,21,10,4,0,3,29,202,14.7
2017-07-21 11:00:00,2,20170721112,2017,7,21,11,4,0,3,29,202,14.68
2017-07-21 12:00:00,2,20170721122,2017,7,21,12,4,0,3,29,202,14.99
2017-07-21 13:00:00,2,20170721132,2017,7,21,13,4,0,3,29,202,15.41
2017-07-21 14:00:00,2,20170721142,2017,7,21,14,4,0,3,29,202,17.11
2017-07-21 15:00:00,2,20170721152,2017,7,21,15,4,0,3,29,202,16.27
2017-07-21 16:00:00,2,20170721162,2017,7,21,16,4,0,3,29,202,14.63
2017-07-21 17:00:00,2,20170721172,2017,7,21,17,4,0,3,29,202,15.4
2017-07-21 18:00:00,2,20170721182,2017,7,21,18,4,0,3,29,202,17.25
2017-07-21 19:00:00,2,20170721192,2017,7,21,19,4,0,3,29,202,17.86
2017-07-21 20:00:00,2,20170721202,2017,7,21,20,4,0,3,29,202,17.26
2017-07-21 21:00:00,2,20170721212,2017,7,21,21,4,0,3,29,202,13.83
2017-07-21 22:00:00,2,20170721222,2017,7,21,22,4,0,3,29,202,15.09
2017-07-21 23:00:00,2,20170721232,2017,7,21,23,4,0,3,29,202,14.8
2017-07-22 00:00:00,2,20170722002,2017,7,22,0,5,1,3,29,203,14.71
2017-07-22 01:00:00,2,20170722012,2017,7,22,1,5,1,3,29,203,11.27
2017-07-22 02:00:00,2,20170722022,2017,7,22,2,5,1,3,29,203,9.42
2017-07-22 03:00:00,2,20170722032,2017,7,22,3,5,1,3,29,203,7.82
2017-07-22 04:00:00,2,20170722042,2017,7,22,4,5,1,3,29,203,6.63
2017-07-22 05:00:00,2,20170722052,2017,7,22,5,5,1,3,29,203,5.02
2017-07-22 06:00:00,2,20170722062,2017,7,22,6,5,1,3,29,203,5.17
2017-07-22 07:00:00,2,20170722072,2017,7,22,7,5,1,3,29,203,5.28
2017-07-22 08:00:00,2,20170722082,2017,7,22,8,5,1,3,29,203,6.11
2017-07-22 09:00:00,2,20170722092,2017,7,22,9,5,1,3,29,203,6.78
2017-07-22 10:00:00,2,20170722102,2017,7,22,10,5,1,3,29,203,7.15
2017-07-22 11:00:00,2,20170722112,2017,7,22,11,5,1,3,29,203,8.21
2017-07-22 12:00:00,2,20170722122,2017,7,22,12,5,1,3,29,203,10.33
2017-07-22 13:00:00,2,20170722132,2017,7,22,13,5,1,3,29,203,8.34
2017-07-22 14:00:00,2,20170722142,2017,7,22,14,5,1,3,29,203,9.05
2017-07-22 15:00:00,2,20170722152,2017,7,22,15,5,1,3,29,203,9.14
2017-07-22 16:00:00,2,20170722162,2017,7,22,16,5,1,3,29,203,9.8
2017-07-22 17:00:00,2,20170722172,2017,7,22,17,5,1,3,29,203,8.46
2017-07-22 18:00:00,2,20170722182,2017,7,22,18,5,1,3,29,203,9.98
2017-07-22 19:00:00,2,20170722192,2017,7,22,19,5,1,3,29,203,9.79
2017-07-22 20:00:00,2,20170722202,2017,7,22,20,5,1,3,29,203,9.13
2017-07-22 21:00:00,2,20170722212,2017,7,22,21,5,1,3,29,203,8.49
2017-07-22 22:00:00,2,20170722222,2017,7,22,22,5,1,3,29,203,9.38
2017-07-22 23:00:00,2,20170722232,2017,7,22,23,5,1,3,29,203,10.72
2017-07-23 00:00:00,2,20170723002,2017,7,23,0,6,1,3,29,204,15.62
2017-07-23 01:00:00,2,20170723012,2017,7,23,1,6,1,3,29,204,11.88
2017-07-23 02:00:00,2,20170723022,2017,7,23,2,6,1,3,29,204,7.19
2017-07-23 03:00:00,2,20170723032,2017,7,23,3,6,1,3,29,204,6.96
2017-07-23 04:00:00,2,20170723042,2017,7,23,4,6,1,3,29,204,6.64
2017-07-23 05:00:00,2,20170723052,2017,7,23,5,6,1,3,29,204,5.32
2017-07-23 06:00:00,2,20170723062,2017,7,23,6,6,1,3,29,204,5.3
2017-07-23 07:00:00,2,20170723072,2017,7,23,7,6,1,3,29,204,5.73
2017-07-23 08:00:00,2,20170723082,2017,7,23,8,6,1,3,29,204,7.4
2017-07-23 09:00:00,2,20170723092,2017,7,23,9,6,1,3,29,204,6.29
2017-07-23 10:00:00,2,20170723102,2017,7,23,10,6,1,3,29,204,7.1
2017-07-23 11:00:00,2,20170723112,2017,7,23,11,6,1,3,29,204,8.97
2017-07-23 12:00:00,2,20170723122,2017,7,23,12,6,1,3,29,204,9.89
2017-07-23 13:00:00,2,20170723132,2017,7,23,13,6,1,3,29,204,8.03
2017-07-23 14:00:00,2,20170723142,2017,7,23,14,6,1,3,29,204,8.83
2017-07-23 15:00:00,2,20170723152,2017,7,23,15,6,1,3,29,204,9.4
2017-07-23 16:00:00,2,20170723162,2017,7,23,16,6,1,3,29,204,10.23
2017-07-23 17:00:00,2,20170723172,2017,7,23,17,6,1,3,29,204,8.9
2017-07-23 18:00:00,2,20170723182,2017,7,23,18,6,1,3,29,204,11.04
2017-07-23 19:00:00,2,20170723192,2017,7,23,19,6,1,3,29,204,10.61
2017-07-23 20:00:00,2,20170723202,2017,7,23,20,6,1,3,29,204,9.5
2017-07-23 21:00:00,2,20170723212,2017,7,23,21,6,1,3,29,204,8.92
2017-07-23 22:00:00,2,20170723222,2017,7,23,22,6,1,3,29,204,10.72
2017-07-23 23:00:00,2,20170723232,2017,7,23,23,6,1,3,29,204,10.35
2017-07-24 00:00:00,2,20170724002,2017,7,24,0,0,0,3,30,205,19.18
2017-07-24 01:00:00,2,20170724012,2017,7,24,1,0,0,3,30,205,8.79
2017-07-24 02:00:00,2,20170724022,2017,7,24,2,0,0,3,30,205,9.5
2017-07-24 03:00:00,2,20170724032,2017,7,24,3,0,0,3,30,205,7.06
2017-07-24 04:00:00,2,20170724042,2017,7,24,4,0,0,3,30,205,8.73
2017-07-24 05:00:00,2,20170724052,2017,7,24,5,0,0,3,30,205,7.06
2017-07-24 06:00:00,2,20170724062,2017,7,24,6,0,0,3,30,205,6.0
2017-07-24 07:00:00,2,20170724072,2017,7,24,7,0,0,3,30,205,8.16
2017-07-24 08:00:00,2,20170724082,2017,7,24,8,0,0,3,30,205,10.53
2017-07-24 09:00:00,2,20170724092,2017,7,24,9,0,0,3,30,205,10.52
2017-07-24 10:00:00,2,20170724102,2017,7,24,10,0,0,3,30,205,13.22
2017-07-24 11:00:00,2,20170724112,2017,7,24,11,0,0,3,30,205,14.8
2017-07-24 12:00:00,2,20170724122,2017,7,24,12,0,0,3,30,205,14.7
2017-07-24 13:00:00,2,20170724132,2017,7,24,13,0,0,3,30,205,13.52
2017-07-24 14:00:00,2,20170724142,2017,7,24,14,0,0,3,30,205,15.33
2017-07-24 15:00:00,2,20170724152,2017,7,24,15,0,0,3,30,205,17.09
2017-07-24 16:00:00,2,20170724162,2017,7,24,16,0,0,3,30,205,15.79
2017-07-24 17:00:00,2,20170724172,2017,7,24,17,0,0,3,30,205,17.29
2017-07-24 18:00:00,2,20170724182,2017,7,24,18,0,0,3,30,205,17.85
2017-07-24 19:00:00,2,20170724192,2017,7,24,19,0,0,3,30,205,18.28
2017-07-24 20:00:00,2,20170724202,2017,7,24,20,0,0,3,30,205,18.04
2017-07-24 21:00:00,2,20170724212,2017,7,24,21,0,0,3,30,205,16.67
2017-07-24 22:00:00,2,20170724222,2017,7,24,22,0,0,3,30,205,16.21
2017-07-24 23:00:00,2,20170724232,2017,7,24,23,0,0,3,30,205,16.52
2017-07-25 00:00:00,2,20170725002,2017,7,25,0,1,0,3,30,206,16.06
2017-07-25 01:00:00,2,20170725012,2017,7,25,1,1,0,3,30,206,11.27
2017-07-25 02:00:00,2,20170725022,2017,7,25,2,1,0,3,30,206,11.33
2017-07-25 03:00:00,2,20170725032,2017,7,25,3,1,0,3,30,206,8.74
2017-07-25 04:00:00,2,20170725042,2017,7,25,4,1,0,3,30,206,7.47
2017-07-25 05:00:00,2,20170725052,2017,7,25,5,1,0,3,30,206,6.84
2017-07-25 06:00:00,2,20170725062,2017,7,25,6,1,0,3,30,206,6.9
2017-07-25 07:00:00,2,20170725072,2017,7,25,7,1,0,3,30,206,8.03
2017-07-25 08:00:00,2,20170725082,2017,7,25,8,1,0,3,30,206,9.94
2017-07-25 09:00:00,2,20170725092,2017,7,25,9,1,0,3,30,206,10.6
2017-07-25 10:00:00,2,20170725102,2017,7,25,10,1,0,3,30,206,12.8
2017-07-25 11:00:00,2,20170725112,2017,7,25,11,1,0,3,30,206,14.92
2017-07-25 12:00:00,2,20170725122,2017,7,25,12,1,0,3,30,206,14.65
2017-07-25 13:00:00,2,20170725132,2017,7,25,13,1,0,3,30,206,13.74
2017-07-25 14:00:00,2,20170725142,2017,7,25,14,1,0,3,30,206,15.55
2017-07-25 15:00:00,2,20170725152,2017,7,25,15,1,0,3,30,206,16.52
2017-07-25 16:00:00,2,20170725162,2017,7,25,16,1,0,3,30,206,15.13
2017-07-25 17:00:00,2,20170725172,2017,7,25,17,1,0,3,30,206,16.54
2017-07-25 18:00:00,2,20170725182,2017,7,25,18,1,0,3,30,206,18.39
2017-07-25 19:00:00,2,20170725192,2017,7,25,19,1,0,3,30,206,18.61
2017-07-25 20:00:00,2,20170725202,2017,7,25,20,1,0,3,30,206,18.18
2017-07-25 21:00:00,2,20170725212,2017,7,25,21,1,0,3,30,206,16.92
2017-07-25 22:00:00,2,20170725222,2017,7,25,22,1,0,3,30,206,15.88
2017-07-25 23:00:00,2,20170725232,2017,7,25,23,1,0,3,30,206,16.4
2017-07-26 00:00:00,2,20170726002,2017,7,26,0,2,0,3,30,207,16.53
2017-07-26 01:00:00,2,20170726012,2017,7,26,1,2,0,3,30,207,11.67
2017-07-26 02:00:00,2,20170726022,2017,7,26,2,2,0,3,30,207,12.39
2017-07-26 03:00:00,2,20170726032,2017,7,26,3,2,0,3,30,207,9.9
2017-07-26 04:00:00,2,20170726042,2017,7,26,4,2,0,3,30,207,7.16
2017-07-26 05:00:00,2,20170726052,2017,7,26,5,2,0,3,30,207,7.85
2017-07-26 06:00:00,2,20170726062,2017,7,26,6,2,0,3,30,207,8.24
2017-07-26 07:00:00,2,20170726072,2017,7,26,7,2,0,3,30,207,9.1
2017-07-26 08:00:00,2,20170726082,2017,7,26,8,2,0,3,30,207,9.66
2017-07-26 09:00:00,2,20170726092,2017,7,26,9,2,0,3,30,207,10.43
2017-07-26 10:00:00,2,20170726102,2017,7,26,10,2,0,3,30,207,12.43
2017-07-26 11:00:00,2,20170726112,2017,7,26,11,2,0,3,30,207,14.87
2017-07-26 12:00:00,2,20170726122,2017,7,26,12,2,0,3,30,207,15.32
2017-07-26 13:00:00,2,20170726132,2017,7,26,13,2,0,3,30,207,14.84
2017-07-26 14:00:00,2,20170726142,2017,7,26,14,2,0,3,30,207,15.53
2017-07-26 15:00:00,2,20170726152,2017,7,26,15,2,0,3,30,207,16.38
2017-07-26 16:00:00,2,20170726162,2017,7,26,16,2,0,3,30,207,14.62
2017-07-26 17:00:00,2,20170726172,2017,7,26,17,2,0,3,30,207,15.45
2017-07-26 18:00:00,2,20170726182,2017,7,26,18,2,0,3,30,207,17.2
2017-07-26 19:00:00,2,20170726192,2017,7,26,19,2,0,3,30,207,17.92
2017-07-26 20:00:00,2,20170726202,2017,7,26,20,2,0,3,30,207,17.92
2017-07-26 21:00:00,2,20170726212,2017,7,26,21,2,0,3,30,207,16.72
2017-07-26 22:00:00,2,20170726222,2017,7,26,22,2,0,3,30,207,14.37
2017-07-26 23:00:00,2,20170726232,2017,7,26,23,2,0,3,30,207,14.81
2017-07-27 00:00:00,2,20170727002,2017,7,27,0,3,0,3,30,208,15.8
2017-07-27 01:00:00,2,20170727012,2017,7,27,1,3,0,3,30,208,12.88
2017-07-27 02:00:00,2,20170727022,2017,7,27,2,3,0,3,30,208,12.0
2017-07-27 03:00:00,2,20170727032,2017,7,27,3,3,0,3,30,208,9.38
2017-07-27 04:00:00,2,20170727042,2017,7,27,4,3,0,3,30,208,7.07
2017-07-27 05:00:00,2,20170727052,2017,7,27,5,3,0,3,30,208,8.29
2017-07-27 06:00:00,2,20170727062,2017,7,27,6,3,0,3,30,208,7.78
2017-07-27 07:00:00,2,20170727072,2017,7,27,7,3,0,3,30,208,9.23
2017-07-27 08:00:00,2,20170727082,2017,7,27,8,3,0,3,30,208,8.95
2017-07-27 09:00:00,2,20170727092,2017,7,27,9,3,0,3,30,208,10.22
2017-07-27 10:00:00,2,20170727102,2017,7,27,10,3,0,3,30,208,12.1
2017-07-27 11:00:00,2,20170727112,2017,7,27,11,3,0,3,30,208,13.99
2017-07-27 12:00:00,2,20170727122,2017,7,27,12,3,0,3,30,208,15.34
2017-07-27 13:00:00,2,20170727132,2017,7,27,13,3,0,3,30,208,14.99
2017-07-27 14:00:00,2,20170727142,2017,7,27,14,3,0,3,30,208,15.78
2017-07-27 15:00:00,2,20170727152,2017,7,27,15,3,0,3,30,208,16.92
2017-07-27 16:00:00,2,20170727162,2017,7,27,16,3,0,3,30,208,14.36
2017-07-27 17:00:00,2,20170727172,2017,7,27,17,3,0,3,30,208,14.11
2017-07-27 18:00:00,2,20170727182,2017,7,27,18,3,0,3,30,208,16.62
2017-07-27 19:00:00,2,20170727192,2017,7,27,19,3,0,3,30,208,18.32
2017-07-27 20:00:00,2,20170727202,2017,7,27,20,3,0,3,30,208,18.65
2017-07-27 21:00:00,2,20170727212,2017,7,27,21,3,0,3,30,208,16.56
2017-07-27 22:00:00,2,20170727222,2017,7,27,22,3,0,3,30,208,13.92
2017-07-27 23:00:00,2,20170727232,2017,7,27,23,3,0,3,30,208,14.57
2017-07-28 00:00:00,2,20170728002,2017,7,28,0,4,0,3,30,209,14.47
2017-07-28 01:00:00,2,20170728012,2017,7,28,1,4,0,3,30,209,12.89
2017-07-28 02:00:00,2,20170728022,2017,7,28,2,4,0,3,30,209,11.85
2017-07-28 03:00:00,2,20170728032,2017,7,28,3,4,0,3,30,209,9.74
2017-07-28 04:00:00,2,20170728042,2017,7,28,4,4,0,3,30,209,7.99
2017-07-28 05:00:00,2,20170728052,2017,7,28,5,4,0,3,30,209,9.1
2017-07-28 06:00:00,2,20170728062,2017,7,28,6,4,0,3,30,209,7.75
2017-07-28 07:00:00,2,20170728072,2017,7,28,7,4,0,3,30,209,9.17
2017-07-28 08:00:00,2,20170728082,2017,7,28,8,4,0,3,30,209,10.07
2017-07-28 09:00:00,2,20170728092,2017,7,28,9,4,0,3,30,209,9.97
2017-07-28 10:00:00,2,20170728102,2017,7,28,10,4,0,3,30,209,12.02
2017-07-28 11:00:00,2,20170728112,2017,7,28,11,4,0,3,30,209,13.61
2017-07-28 12:00:00,2,20170728122,2017,7,28,12,4,0,3,30,209,14.12
2017-07-28 13:00:00,2,20170728132,2017,7,28,13,4,0,3,30,209,13.56
2017-07-28 14:00:00,2,20170728142,2017,7,28,14,4,0,3,30,209,12.84
2017-07-28 15:00:00,2,20170728152,2017,7,28,15,4,0,3,30,209,12.8
2017-07-28 16:00:00,2,20170728162,2017,7,28,16,4,0,3,30,209,13.74
2017-07-28 17:00:00,2,20170728172,2017,7,28,17,4,0,3,30,209,13.96
2017-07-28 18:00:00,2,20170728182,2017,7,28,18,4,0,3,30,209,13.53
2017-07-28 19:00:00,2,20170728192,2017,7,28,19,4,0,3,30,209,14.14
2017-07-28 20:00:00,2,20170728202,2017,7,28,20,4,0,3,30,209,14.7
2017-07-28 21:00:00,2,20170728212,2017,7,28,21,4,0,3,30,209,15.4
2017-07-28 22:00:00,2,20170728222,2017,7,28,22,4,0,3,30,209,14.61
2017-07-28 23:00:00,2,20170728232,2017,7,28,23,4,0,3,30,209,15.72
2017-07-29 00:00:00,2,20170729002,2017,7,29,0,5,1,3,30,210,11.08
2017-07-29 01:00:00,2,20170729012,2017,7,29,1,5,1,3,30,210,9.97
2017-07-29 02:00:00,2,20170729022,2017,7,29,2,5,1,3,30,210,9.66
2017-07-29 03:00:00,2,20170729032,2017,7,29,3,5,1,3,30,210,7.1
2017-07-29 04:00:00,2,20170729042,2017,7,29,4,5,1,3,30,210,7.13
2017-07-29 05:00:00,2,20170729052,2017,7,29,5,5,1,3,30,210,6.98
2017-07-29 06:00:00,2,20170729062,2017,7,29,6,5,1,3,30,210,5.77
2017-07-29 07:00:00,2,20170729072,2017,7,29,7,5,1,3,30,210,5.37
2017-07-29 08:00:00,2,20170729082,2017,7,29,8,5,1,3,30,210,6.13
2017-07-29 09:00:00,2,20170729092,2017,7,29,9,5,1,3,30,210,5.69
2017-07-29 10:00:00,2,20170729102,2017,7,29,10,5,1,3,30,210,7.13
2017-07-29 11:00:00,2,20170729112,2017,7,29,11,5,1,3,30,210,8.74
2017-07-29 12:00:00,2,20170729122,2017,7,29,12,5,1,3,30,210,8.76
2017-07-29 13:00:00,2,20170729132,2017,7,29,13,5,1,3,30,210,9.26
2017-07-29 14:00:00,2,20170729142,2017,7,29,14,5,1,3,30,210,7.55
2017-07-29 15:00:00,2,20170729152,2017,7,29,15,5,1,3,30,210,8.71
2017-07-29 16:00:00,2,20170729162,2017,7,29,16,5,1,3,30,210,9.91
2017-07-29 17:00:00,2,20170729172,2017,7,29,17,5,1,3,30,210,8.43
2017-07-29 18:00:00,2,20170729182,2017,7,29,18,5,1,3,30,210,10.39
2017-07-29 19:00:00,2,20170729192,2017,7,29,19,5,1,3,30,210,8.96
2017-07-29 20:00:00,2,20170729202,2017,7,29,20,5,1,3,30,210,10.77
2017-07-29 21:00:00,2,20170729212,2017,7,29,21,5,1,3,30,210,9.87
2017-07-29 22:00:00,2,20170729222,2017,7,29,22,5,1,3,30,210,9.59
2017-07-29 23:00:00,2,20170729232,2017,7,29,23,5,1,3,30,210,8.75
2017-07-30 00:00:00,2,20170730002,2017,7,30,0,6,1,3,30,211,9.16
2017-07-30 01:00:00,2,20170730012,2017,7,30,1,6,1,3,30,211,9.46
2017-07-30 02:00:00,2,20170730022,2017,7,30,2,6,1,3,30,211,7.14
2017-07-30 03:00:00,2,20170730032,2017,7,30,3,6,1,3,30,211,5.54
2017-07-30 04:00:00,2,20170730042,2017,7,30,4,6,1,3,30,211,6.04
2017-07-30 05:00:00,2,20170730052,2017,7,30,5,6,1,3,30,211,6.61
2017-07-30 06:00:00,2,20170730062,2017,7,30,6,6,1,3,30,211,4.8
2017-07-30 07:00:00,2,20170730072,2017,7,30,7,6,1,3,30,211,5.84
2017-07-30 08:00:00,2,20170730082,2017,7,30,8,6,1,3,30,211,6.69
2017-07-30 09:00:00,2,20170730092,2017,7,30,9,6,1,3,30,211,5.63
2017-07-30 10:00:00,2,20170730102,2017,7,30,10,6,1,3,30,211,7.05
2017-07-30 11:00:00,2,20170730112,2017,7,30,11,6,1,3,30,211,8.66
2017-07-30 12:00:00,2,20170730122,2017,7,30,12,6,1,3,30,211,8.61
2017-07-30 13:00:00,2,20170730132,2017,7,30,13,6,1,3,30,211,8.36
2017-07-30 14:00:00,2,20170730142,2017,7,30,14,6,1,3,30,211,7.82
2017-07-30 15:00:00,2,20170730152,2017,7,30,15,6,1,3,30,211,8.63
2017-07-30 16:00:00,2,20170730162,2017,7,30,16,6,1,3,30,211,10.14
2017-07-30 17:00:00,2,20170730172,2017,7,30,17,6,1,3,30,211,8.52
2017-07-30 18:00:00,2,20170730182,2017,7,30,18,6,1,3,30,211,10.8
2017-07-30 19:00:00,2,20170730192,2017,7,30,19,6,1,3,30,211,9.64
2017-07-30 20:00:00,2,20170730202,2017,7,30,20,6,1,3,30,211,11.35
2017-07-30 21:00:00,2,20170730212,2017,7,30,21,6,1,3,30,211,10.35
2017-07-30 22:00:00,2,20170730222,2017,7,30,22,6,1,3,30,211,9.94
2017-07-30 23:00:00,2,20170730232,2017,7,30,23,6,1,3,30,211,8.64
2017-07-31 00:00:00,2,20170731002,2017,7,31,0,0,0,3,31,212,10.99
2017-07-31 01:00:00,2,20170731012,2017,7,31,1,0,0,3,31,212,8.52
2017-07-31 02:00:00,2,20170731022,2017,7,31,2,0,0,3,31,212,8.56
2017-07-31 03:00:00,2,20170731032,2017,7,31,3,0,0,3,31,212,6.3
2017-07-31 04:00:00,2,20170731042,2017,7,31,4,0,0,3,31,212,6.77
2017-07-31 05:00:00,2,20170731052,2017,7,31,5,0,0,3,31,212,5.43
2017-07-31 06:00:00,2,20170731062,2017,7,31,6,0,0,3,31,212,6.53
2017-07-31 07:00:00,2,20170731072,2017,7,31,7,0,0,3,31,212,7.63
2017-07-31 08:00:00,2,20170731082,2017,7,31,8,0,0,3,31,212,9.2
2017-07-31 09:00:00,2,20170731092,2017,7,31,9,0,0,3,31,212,7.35
2017-07-31 10:00:00,2,20170731102,2017,7,31,10,0,0,3,31,212,12.46
2017-07-31 11:00:00,2,20170731112,2017,7,31,11,0,0,3,31,212,13.71
2017-07-31 12:00:00,2,20170731122,2017,7,31,12,0,0,3,31,212,16.01
2017-07-31 13:00:00,2,20170731132,2017,7,31,13,0,0,3,31,212,14.89
2017-07-31 14:00:00,2,20170731142,2017,7,31,14,0,0,3,31,212,15.33
2017-07-31 15:00:00,2,20170731152,2017,7,31,15,0,0,3,31,212,16.28
2017-07-31 16:00:00,2,20170731162,2017,7,31,16,0,0,3,31,212,15.08
2017-07-31 17:00:00,2,20170731172,2017,7,31,17,0,0,3,31,212,15.76
2017-07-31 18:00:00,2,20170731182,2017,7,31,18,0,0,3,31,212,16.53
2017-07-31 19:00:00,2,20170731192,2017,7,31,19,0,0,3,31,212,17.74
2017-07-31 20:00:00,2,20170731202,2017,7,31,20,0,0,3,31,212,17.5
2017-07-31 21:00:00,2,20170731212,2017,7,31,21,0,0,3,31,212,15.17
2017-07-31 22:00:00,2,20170731222,2017,7,31,22,0,0,3,31,212,14.48
2017-07-31 23:00:00,2,20170731232,2017,7,31,23,0,0,3,31,212,14.74
2017-08-01 00:00:00,2,20170801002,2017,8,1,0,1,0,3,31,213,12.74
2017-08-01 01:00:00,2,20170801012,2017,8,1,1,1,0,3,31,213,14.17
2017-08-01 02:00:00,2,20170801022,2017,8,1,2,1,0,3,31,213,10.77
2017-08-01 03:00:00,2,20170801032,2017,8,1,3,1,0,3,31,213,9.01
2017-08-01 04:00:00,2,20170801042,2017,8,1,4,1,0,3,31,213,7.76
2017-08-01 05:00:00,2,20170801052,2017,8,1,5,1,0,3,31,213,6.77
2017-08-01 06:00:00,2,20170801062,2017,8,1,6,1,0,3,31,213,6.31
2017-08-01 07:00:00,2,20170801072,2017,8,1,7,1,0,3,31,213,8.3
2017-08-01 08:00:00,2,20170801082,2017,8,1,8,1,0,3,31,213,8.5
2017-08-01 09:00:00,2,20170801092,2017,8,1,9,1,0,3,31,213,8.96
2017-08-01 10:00:00,2,20170801102,2017,8,1,10,1,0,3,31,213,10.1
2017-08-01 11:00:00,2,20170801112,2017,8,1,11,1,0,3,31,213,14.56
2017-08-01 12:00:00,2,20170801122,2017,8,1,12,1,0,3,31,213,17.23
2017-08-01 13:00:00,2,20170801132,2017,8,1,13,1,0,3,31,213,15.15
2017-08-01 14:00:00,2,20170801142,2017,8,1,14,1,0,3,31,213,17.67
2017-08-01 15:00:00,2,20170801152,2017,8,1,15,1,0,3,31,213,14.93
2017-08-01 16:00:00,2,20170801162,2017,8,1,16,1,0,3,31,213,17.66
2017-08-01 17:00:00,2,20170801172,2017,8,1,17,1,0,3,31,213,17.57
2017-08-01 18:00:00,2,20170801182,2017,8,1,18,1,0,3,31,213,17.67
2017-08-01 19:00:00,2,20170801192,2017,8,1,19,1,0,3,31,213,17.99
2017-08-01 20:00:00,2,20170801202,2017,8,1,20,1,0,3,31,213,19.09
2017-08-01 21:00:00,2,20170801212,2017,8,1,21,1,0,3,31,213,16.64
2017-08-01 22:00:00,2,20170801222,2017,8,1,22,1,0,3,31,213,15.55
2017-08-01 23:00:00,2,20170801232,2017,8,1,23,1,0,3,31,213,16.52
2017-08-02 00:00:00,2,20170802002,2017,8,2,0,2,0,3,31,214,14.49
2017-08-02 01:00:00,2,20170802012,2017,8,2,1,2,0,3,31,214,14.8
2017-08-02 02:00:00,2,20170802022,2017,8,2,2,2,0,3,31,214,11.79
2017-08-02 03:00:00,2,20170802032,2017,8,2,3,2,0,3,31,214,8.77
2017-08-02 04:00:00,2,20170802042,2017,8,2,4,2,0,3,31,214,7.71
2017-08-02 05:00:00,2,20170802052,2017,8,2,5,2,0,3,31,214,6.92
2017-08-02 06:00:00,2,20170802062,2017,8,2,6,2,0,3,31,214,6.54
2017-08-02 07:00:00,2,20170802072,2017,8,2,7,2,0,3,31,214,7.86
2017-08-02 08:00:00,2,20170802082,2017,8,2,8,2,0,3,31,214,8.37
2017-08-02 09:00:00,2,20170802092,2017,8,2,9,2,0,3,31,214,9.11
2017-08-02 10:00:00,2,20170802102,2017,8,2,10,2,0,3,31,214,9.97
2017-08-02 11:00:00,2,20170802112,2017,8,2,11,2,0,3,31,214,15.2
2017-08-02 12:00:00,2,20170802122,2017,8,2,12,2,0,3,31,214,17.28
2017-08-02 13:00:00,2,20170802132,2017,8,2,13,2,0,3,31,214,15.42
2017-08-02 14:00:00,2,20170802142,2017,8,2,14,2,0,3,31,214,17.44
2017-08-02 15:00:00,2,20170802152,2017,8,2,15,2,0,3,31,214,15.62
2017-08-02 16:00:00,2,20170802162,2017,8,2,16,2,0,3,31,214,17.57
2017-08-02 17:00:00,2,20170802172,2017,8,2,17,2,0,3,31,214,17.43
2017-08-02 18:00:00,2,20170802182,2017,8,2,18,2,0,3,31,214,17.04
2017-08-02 19:00:00,2,20170802192,2017,8,2,19,2,0,3,31,214,17.54
2017-08-02 20:00:00,2,20170802202,2017,8,2,20,2,0,3,31,214,18.83
2017-08-02 21:00:00,2,20170802212,2017,8,2,21,2,0,3,31,214,17.62
2017-08-02 22:00:00,2,20170802222,2017,8,2,22,2,0,3,31,214,17.1
2017-08-02 23:00:00,2,20170802232,2017,8,2,23,2,0,3,31,214,16.79
2017-08-03 00:00:00,2,20170803002,2017,8,3,0,3,0,3,31,215,14.52
2017-08-03 01:00:00,2,20170803012,2017,8,3,1,3,0,3,31,215,12.08
2017-08-03 02:00:00,2,20170803022,2017,8,3,2,3,0,3,31,215,11.53
2017-08-03 03:00:00,2,20170803032,2017,8,3,3,3,0,3,31,215,8.03
2017-08-03 04:00:00,2,20170803042,2017,8,3,4,3,0,3,31,215,7.61
2017-08-03 05:00:00,2,20170803052,2017,8,3,5,3,0,3,31,215,7.05
2017-08-03 06:00:00,2,20170803062,2017,8,3,6,3,0,3,31,215,6.64
2017-08-03 07:00:00,2,20170803072,2017,8,3,7,3,0,3,31,215,7.2
2017-08-03 08:00:00,2,20170803082,2017,8,3,8,3,0,3,31,215,7.71
2017-08-03 09:00:00,2,20170803092,2017,8,3,9,3,0,3,31,215,8.48
2017-08-03 10:00:00,2,20170803102,2017,8,3,10,3,0,3,31,215,10.12
2017-08-03 11:00:00,2,20170803112,2017,8,3,11,3,0,3,31,215,14.45
2017-08-03 12:00:00,2,20170803122,2017,8,3,12,3,0,3,31,215,14.41
2017-08-03 13:00:00,2,20170803132,2017,8,3,13,3,0,3,31,215,13.56
2017-08-03 14:00:00,2,20170803142,2017,8,3,14,3,0,3,31,215,16.3
2017-08-03 15:00:00,2,20170803152,2017,8,3,15,3,0,3,31,215,15.15
2017-08-03 16:00:00,2,20170803162,2017,8,3,16,3,0,3,31,215,16.22
2017-08-03 17:00:00,2,20170803172,2017,8,3,17,3,0,3,31,215,15.66
2017-08-03 18:00:00,2,20170803182,2017,8,3,18,3,0,3,31,215,15.64
2017-08-03 19:00:00,2,20170803192,2017,8,3,19,3,0,3,31,215,16.4
2017-08-03 20:00:00,2,20170803202,2017,8,3,20,3,0,3,31,215,17.5
2017-08-03 21:00:00,2,20170803212,2017,8,3,21,3,0,3,31,215,16.85
2017-08-03 22:00:00,2,20170803222,2017,8,3,22,3,0,3,31,215,16.6
2017-08-03 23:00:00,2,20170803232,2017,8,3,23,3,0,3,31,215,15.7
2017-08-04 00:00:00,2,20170804002,2017,8,4,0,4,0,3,31,216,9.72
2017-08-04 01:00:00,2,20170804012,2017,8,4,1,4,0,3,31,216,8.31
2017-08-04 02:00:00,2,20170804022,2017,8,4,2,4,0,3,31,216,9.17
2017-08-04 03:00:00,2,20170804032,2017,8,4,3,4,0,3,31,216,6.53
2017-08-04 04:00:00,2,20170804042,2017,8,4,4,4,0,3,31,216,5.75
2017-08-04 05:00:00,2,20170804052,2017,8,4,5,4,0,3,31,216,5.33
2017-08-04 06:00:00,2,20170804062,2017,8,4,6,4,0,3,31,216,5.25
2017-08-04 07:00:00,2,20170804072,2017,8,4,7,4,0,3,31,216,5.6
2017-08-04 08:00:00,2,20170804082,2017,8,4,8,4,0,3,31,216,5.35
2017-08-04 09:00:00,2,20170804092,2017,8,4,9,4,0,3,31,216,6.16
2017-08-04 10:00:00,2,20170804102,2017,8,4,10,4,0,3,31,216,6.92
2017-08-04 11:00:00,2,20170804112,2017,8,4,11,4,0,3,31,216,11.71
2017-08-04 12:00:00,2,20170804122,2017,8,4,12,4,0,3,31,216,9.54
2017-08-04 13:00:00,2,20170804132,2017,8,4,13,4,0,3,31,216,8.59
2017-08-04 14:00:00,2,20170804142,2017,8,4,14,4,0,3,31,216,7.71
2017-08-04 15:00:00,2,20170804152,2017,8,4,15,4,0,3,31,216,7.13
2017-08-04 16:00:00,2,20170804162,2017,8,4,16,4,0,3,31,216,8.05
2017-08-04 17:00:00,2,20170804172,2017,8,4,17,4,0,3,31,216,7.72
2017-08-04 18:00:00,2,20170804182,2017,8,4,18,4,0,3,31,216,7.18
2017-08-04 19:00:00,2,20170804192,2017,8,4,19,4,0,3,31,216,7.72
2017-08-04 20:00:00,2,20170804202,2017,8,4,20,4,0,3,31,216,8.37
2017-08-04 21:00:00,2,20170804212,2017,8,4,21,4,0,3,31,216,8.27
2017-08-04 22:00:00,2,20170804222,2017,8,4,22,4,0,3,31,216,7.14
2017-08-04 23:00:00,2,20170804232,2017,8,4,23,4,0,3,31,216,7.12
2017-08-05 00:00:00,2,20170805002,2017,8,5,0,5,1,3,31,217,6.13
2017-08-05 01:00:00,2,20170805012,2017,8,5,1,5,1,3,31,217,5.43
2017-08-05 02:00:00,2,20170805022,2017,8,5,2,5,1,3,31,217,4.76
2017-08-05 03:00:00,2,20170805032,2017,8,5,3,5,1,3,31,217,4.17
2017-08-05 04:00:00,2,20170805042,2017,8,5,4,5,1,3,31,217,6.07
2017-08-05 05:00:00,2,20170805052,2017,8,5,5,5,1,3,31,217,5.27
2017-08-05 06:00:00,2,20170805062,2017,8,5,6,5,1,3,31,217,4.02
2017-08-05 07:00:00,2,20170805072,2017,8,5,7,5,1,3,31,217,3.91
2017-08-05 08:00:00,2,20170805082,2017,8,5,8,5,1,3,31,217,4.35
2017-08-05 09:00:00,2,20170805092,2017,8,5,9,5,1,3,31,217,6.29
2017-08-05 10:00:00,2,20170805102,2017,8,5,10,5,1,3,31,217,5.1
2017-08-05 11:00:00,2,20170805112,2017,8,5,11,5,1,3,31,217,5.06
2017-08-05 12:00:00,2,20170805122,2017,8,5,12,5,1,3,31,217,5.17
2017-08-05 13:00:00,2,20170805132,2017,8,5,13,5,1,3,31,217,6.01
2017-08-05 14:00:00,2,20170805142,2017,8,5,14,5,1,3,31,217,6.52
2017-08-05 15:00:00,2,20170805152,2017,8,5,15,5,1,3,31,217,6.51
2017-08-05 16:00:00,2,20170805162,2017,8,5,16,5,1,3,31,217,5.51
2017-08-05 17:00:00,2,20170805172,2017,8,5,17,5,1,3,31,217,7.01
2017-08-05 18:00:00,2,20170805182,2017,8,5,18,5,1,3,31,217,5.45
2017-08-05 19:00:00,2,20170805192,2017,8,5,19,5,1,3,31,217,5.03
2017-08-05 20:00:00,2,20170805202,2017,8,5,20,5,1,3,31,217,5.19
2017-08-05 21:00:00,2,20170805212,2017,8,5,21,5,1,3,31,217,8.45
2017-08-05 22:00:00,2,20170805222,2017,8,5,22,5,1,3,31,217,10.17
2017-08-05 23:00:00,2,20170805232,2017,8,5,23,5,1,3,31,217,11.47
2017-08-06 00:00:00,2,20170806002,2017,8,6,0,6,1,3,31,218,5.42
2017-08-06 01:00:00,2,20170806012,2017,8,6,1,6,1,3,31,218,5.69
2017-08-06 02:00:00,2,20170806022,2017,8,6,2,6,1,3,31,218,6.55
2017-08-06 03:00:00,2,20170806032,2017,8,6,3,6,1,3,31,218,5.52
2017-08-06 04:00:00,2,20170806042,2017,8,6,4,6,1,3,31,218,5.49
2017-08-06 05:00:00,2,20170806052,2017,8,6,5,6,1,3,31,218,5.22
2017-08-06 06:00:00,2,20170806062,2017,8,6,6,6,1,3,31,218,4.02
2017-08-06 07:00:00,2,20170806072,2017,8,6,7,6,1,3,31,218,3.94
2017-08-06 08:00:00,2,20170806082,2017,8,6,8,6,1,3,31,218,5.37
2017-08-06 09:00:00,2,20170806092,2017,8,6,9,6,1,3,31,218,6.57
2017-08-06 10:00:00,2,20170806102,2017,8,6,10,6,1,3,31,218,3.34
2017-08-06 11:00:00,2,20170806112,2017,8,6,11,6,1,3,31,218,2.19
2017-08-06 12:00:00,2,20170806122,2017,8,6,12,6,1,3,31,218,2.34
2017-08-06 13:00:00,2,20170806132,2017,8,6,13,6,1,3,31,218,4.01
2017-08-06 14:00:00,2,20170806142,2017,8,6,14,6,1,3,31,218,4.2
2017-08-06 15:00:00,2,20170806152,2017,8,6,15,6,1,3,31,218,4.61
2017-08-06 16:00:00,2,20170806162,2017,8,6,16,6,1,3,31,218,3.28
2017-08-06 17:00:00,2,20170806172,2017,8,6,17,6,1,3,31,218,3.94
2017-08-06 18:00:00,2,20170806182,2017,8,6,18,6,1,3,31,218,2.54
2017-08-06 19:00:00,2,20170806192,2017,8,6,19,6,1,3,31,218,8.34
2017-08-06 20:00:00,2,20170806202,2017,8,6,20,6,1,3,31,218,8.49
2017-08-06 21:00:00,2,20170806212,2017,8,6,21,6,1,3,31,218,9.26
2017-08-06 22:00:00,2,20170806222,2017,8,6,22,6,1,3,31,218,10.23
2017-08-06 23:00:00,2,20170806232,2017,8,6,23,6,1,3,31,218,11.04
2017-08-07 00:00:00,2,20170807002,2017,8,7,0,0,0,3,32,219,9.52
2017-08-07 01:00:00,2,20170807012,2017,8,7,1,0,0,3,32,219,7.62
2017-08-07 02:00:00,2,20170807022,2017,8,7,2,0,0,3,32,219,7.69
2017-08-07 03:00:00,2,20170807032,2017,8,7,3,0,0,3,32,219,7.51
2017-08-07 04:00:00,2,20170807042,2017,8,7,4,0,0,3,32,219,7.53
2017-08-07 05:00:00,2,20170807052,2017,8,7,5,0,0,3,32,219,7.21
2017-08-07 06:00:00,2,20170807062,2017,8,7,6,0,0,3,32,219,6.91
2017-08-07 07:00:00,2,20170807072,2017,8,7,7,0,0,3,32,219,6.48
2017-08-07 08:00:00,2,20170807082,2017,8,7,8,0,0,3,32,219,8.19
2017-08-07 09:00:00,2,20170807092,2017,8,7,9,0,0,3,32,219,7.64
2017-08-07 10:00:00,2,20170807102,2017,8,7,10,0,0,3,32,219,11.03
2017-08-07 11:00:00,2,20170807112,2017,8,7,11,0,0,3,32,219,12.76
2017-08-07 12:00:00,2,20170807122,2017,8,7,12,0,0,3,32,219,11.08
2017-08-07 13:00:00,2,20170807132,2017,8,7,13,0,0,3,32,219,12.43
2017-08-07 14:00:00,2,20170807142,2017,8,7,14,0,0,3,32,219,14.2
2017-08-07 15:00:00,2,20170807152,2017,8,7,15,0,0,3,32,219,13.76
2017-08-07 16:00:00,2,20170807162,2017,8,7,16,0,0,3,32,219,17.81
2017-08-07 17:00:00,2,20170807172,2017,8,7,17,0,0,3,32,219,18.95
2017-08-07 18:00:00,2,20170807182,2017,8,7,18,0,0,3,32,219,16.74
2017-08-07 19:00:00,2,20170807192,2017,8,7,19,0,0,3,32,219,17.52
2017-08-07 20:00:00,2,20170807202,2017,8,7,20,0,0,3,32,219,17.07
2017-08-07 21:00:00,2,20170807212,2017,8,7,21,0,0,3,32,219,14.84
2017-08-07 22:00:00,2,20170807222,2017,8,7,22,0,0,3,32,219,12.77
2017-08-07 23:00:00,2,20170807232,2017,8,7,23,0,0,3,32,219,14.77
2017-08-08 00:00:00,2,20170808002,2017,8,8,0,1,0,3,32,220,12.55
2017-08-08 01:00:00,2,20170808012,2017,8,8,1,1,0,3,32,220,10.87
2017-08-08 02:00:00,2,20170808022,2017,8,8,2,1,0,3,32,220,9.02
2017-08-08 03:00:00,2,20170808032,2017,8,8,3,1,0,3,32,220,7.93
2017-08-08 04:00:00,2,20170808042,2017,8,8,4,1,0,3,32,220,7.71
2017-08-08 05:00:00,2,20170808052,2017,8,8,5,1,0,3,32,220,8.2
2017-08-08 06:00:00,2,20170808062,2017,8,8,6,1,0,3,32,220,7.49
2017-08-08 07:00:00,2,20170808072,2017,8,8,7,1,0,3,32,220,7.97
2017-08-08 08:00:00,2,20170808082,2017,8,8,8,1,0,3,32,220,8.76
2017-08-08 09:00:00,2,20170808092,2017,8,8,9,1,0,3,32,220,9.42
2017-08-08 10:00:00,2,20170808102,2017,8,8,10,1,0,3,32,220,12.71
2017-08-08 11:00:00,2,20170808112,2017,8,8,11,1,0,3,32,220,13.04
2017-08-08 12:00:00,2,20170808122,2017,8,8,12,1,0,3,32,220,12.55
2017-08-08 13:00:00,2,20170808132,2017,8,8,13,1,0,3,32,220,14.24
2017-08-08 14:00:00,2,20170808142,2017,8,8,14,1,0,3,32,220,16.43
2017-08-08 15:00:00,2,20170808152,2017,8,8,15,1,0,3,32,220,15.28
2017-08-08 16:00:00,2,20170808162,2017,8,8,16,1,0,3,32,220,17.5
2017-08-08 17:00:00,2,20170808172,2017,8,8,17,1,0,3,32,220,18.87
2017-08-08 18:00:00,2,20170808182,2017,8,8,18,1,0,3,32,220,16.61
2017-08-08 19:00:00,2,20170808192,2017,8,8,19,1,0,3,32,220,17.34
2017-08-08 20:00:00,2,20170808202,2017,8,8,20,1,0,3,32,220,17.78
2017-08-08 21:00:00,2,20170808212,2017,8,8,21,1,0,3,32,220,17.22
2017-08-08 22:00:00,2,20170808222,2017,8,8,22,1,0,3,32,220,13.3
2017-08-08 23:00:00,2,20170808232,2017,8,8,23,1,0,3,32,220,14.68
2017-08-09 00:00:00,2,20170809002,2017,8,9,0,2,0,3,32,221,13.83
2017-08-09 01:00:00,2,20170809012,2017,8,9,1,2,0,3,32,221,12.4
2017-08-09 02:00:00,2,20170809022,2017,8,9,2,2,0,3,32,221,10.06
2017-08-09 03:00:00,2,20170809032,2017,8,9,3,2,0,3,32,221,9.22
2017-08-09 04:00:00,2,20170809042,2017,8,9,4,2,0,3,32,221,7.81
2017-08-09 05:00:00,2,20170809052,2017,8,9,5,2,0,3,32,221,9.45
2017-08-09 06:00:00,2,20170809062,2017,8,9,6,2,0,3,32,221,8.22
2017-08-09 07:00:00,2,20170809072,2017,8,9,7,2,0,3,32,221,7.97
2017-08-09 08:00:00,2,20170809082,2017,8,9,8,2,0,3,32,221,9.17
2017-08-09 09:00:00,2,20170809092,2017,8,9,9,2,0,3,32,221,9.6
2017-08-09 10:00:00,2,20170809102,2017,8,9,10,2,0,3,32,221,11.72
2017-08-09 11:00:00,2,20170809112,2017,8,9,11,2,0,3,32,221,14.2
2017-08-09 12:00:00,2,20170809122,2017,8,9,12,2,0,3,32,221,13.11
2017-08-09 13:00:00,2,20170809132,2017,8,9,13,2,0,3,32,221,14.04
2017-08-09 14:00:00,2,20170809142,2017,8,9,14,2,0,3,32,221,16.01
2017-08-09 15:00:00,2,20170809152,2017,8,9,15,2,0,3,32,221,15.68
2017-08-09 16:00:00,2,20170809162,2017,8,9,16,2,0,3,32,221,16.38
2017-08-09 17:00:00,2,20170809172,2017,8,9,17,2,0,3,32,221,18.35
2017-08-09 18:00:00,2,20170809182,2017,8,9,18,2,0,3,32,221,16.74
2017-08-09 19:00:00,2,20170809192,2017,8,9,19,2,0,3,32,221,16.9
2017-08-09 20:00:00,2,20170809202,2017,8,9,20,2,0,3,32,221,17.2
2017-08-09 21:00:00,2,20170809212,2017,8,9,21,2,0,3,32,221,18.38
2017-08-09 22:00:00,2,20170809222,2017,8,9,22,2,0,3,32,221,13.95
2017-08-09 23:00:00,2,20170809232,2017,8,9,23,2,0,3,32,221,14.34
2017-08-10 00:00:00,2,20170810002,2017,8,10,0,3,0,3,32,222,13.71
2017-08-10 01:00:00,2,20170810012,2017,8,10,1,3,0,3,32,222,12.08
2017-08-10 02:00:00,2,20170810022,2017,8,10,2,3,0,3,32,222,10.54
2017-08-10 03:00:00,2,20170810032,2017,8,10,3,3,0,3,32,222,8.8
2017-08-10 04:00:00,2,20170810042,2017,8,10,4,3,0,3,32,222,7.42
2017-08-10 05:00:00,2,20170810052,2017,8,10,5,3,0,3,32,222,9.07
2017-08-10 06:00:00,2,20170810062,2017,8,10,6,3,0,3,32,222,7.71
2017-08-10 07:00:00,2,20170810072,2017,8,10,7,3,0,3,32,222,7.95
2017-08-10 08:00:00,2,20170810082,2017,8,10,8,3,0,3,32,222,8.92
2017-08-10 09:00:00,2,20170810092,2017,8,10,9,3,0,3,32,222,9.32
2017-08-10 10:00:00,2,20170810102,2017,8,10,10,3,0,3,32,222,11.34
2017-08-10 11:00:00,2,20170810112,2017,8,10,11,3,0,3,32,222,14.44
2017-08-10 12:00:00,2,20170810122,2017,8,10,12,3,0,3,32,222,14.02
2017-08-10 13:00:00,2,20170810132,2017,8,10,13,3,0,3,32,222,14.28
2017-08-10 14:00:00,2,20170810142,2017,8,10,14,3,0,3,32,222,15.16
2017-08-10 15:00:00,2,20170810152,2017,8,10,15,3,0,3,32,222,16.86
2017-08-10 16:00:00,2,20170810162,2017,8,10,16,3,0,3,32,222,16.37
2017-08-10 17:00:00,2,20170810172,2017,8,10,17,3,0,3,32,222,18.4
2017-08-10 18:00:00,2,20170810182,2017,8,10,18,3,0,3,32,222,16.12
2017-08-10 19:00:00,2,20170810192,2017,8,10,19,3,0,3,32,222,16.69
2017-08-10 20:00:00,2,20170810202,2017,8,10,20,3,0,3,32,222,15.93
2017-08-10 21:00:00,2,20170810212,2017,8,10,21,3,0,3,32,222,17.11
2017-08-10 22:00:00,2,20170810222,2017,8,10,22,3,0,3,32,222,13.58
2017-08-10 23:00:00,2,20170810232,2017,8,10,23,3,0,3,32,222,14.15
2017-08-11 00:00:00,2,20170811002,2017,8,11,0,4,0,3,32,223,14.06
2017-08-11 01:00:00,2,20170811012,2017,8,11,1,4,0,3,32,223,11.89
2017-08-11 02:00:00,2,20170811022,2017,8,11,2,4,0,3,32,223,11.96
2017-08-11 03:00:00,2,20170811032,2017,8,11,3,4,0,3,32,223,9.15
2017-08-11 04:00:00,2,20170811042,2017,8,11,4,4,0,3,32,223,7.16
2017-08-11 05:00:00,2,20170811052,2017,8,11,5,4,0,3,32,223,7.71
2017-08-11 06:00:00,2,20170811062,2017,8,11,6,4,0,3,32,223,7.69
2017-08-11 07:00:00,2,20170811072,2017,8,11,7,4,0,3,32,223,9.06
2017-08-11 08:00:00,2,20170811082,2017,8,11,8,4,0,3,32,223,9.09
2017-08-11 09:00:00,2,20170811092,2017,8,11,9,4,0,3,32,223,9.62
2017-08-11 10:00:00,2,20170811102,2017,8,11,10,4,0,3,32,223,11.14
2017-08-11 11:00:00,2,20170811112,2017,8,11,11,4,0,3,32,223,14.16
2017-08-11 12:00:00,2,20170811122,2017,8,11,12,4,0,3,32,223,13.56
2017-08-11 13:00:00,2,20170811132,2017,8,11,13,4,0,3,32,223,14.27
2017-08-11 14:00:00,2,20170811142,2017,8,11,14,4,0,3,32,223,14.24
2017-08-11 15:00:00,2,20170811152,2017,8,11,15,4,0,3,32,223,13.27
2017-08-11 16:00:00,2,20170811162,2017,8,11,16,4,0,3,32,223,14.87
2017-08-11 17:00:00,2,20170811172,2017,8,11,17,4,0,3,32,223,14.9
2017-08-11 18:00:00,2,20170811182,2017,8,11,18,4,0,3,32,223,16.49
2017-08-11 19:00:00,2,20170811192,2017,8,11,19,4,0,3,32,223,15.28
2017-08-11 20:00:00,2,20170811202,2017,8,11,20,4,0,3,32,223,13.27
2017-08-11 21:00:00,2,20170811212,2017,8,11,21,4,0,3,32,223,12.99
2017-08-11 22:00:00,2,20170811222,2017,8,11,22,4,0,3,32,223,12.91
2017-08-11 23:00:00,2,20170811232,2017,8,11,23,4,0,3,32,223,10.54
2017-08-12 00:00:00,2,20170812002,2017,8,12,0,5,1,3,32,224,12.73
2017-08-12 01:00:00,2,20170812012,2017,8,12,1,5,1,3,32,224,10.76
2017-08-12 02:00:00,2,20170812022,2017,8,12,2,5,1,3,32,224,9.22
2017-08-12 03:00:00,2,20170812032,2017,8,12,3,5,1,3,32,224,6.9
2017-08-12 04:00:00,2,20170812042,2017,8,12,4,5,1,3,32,224,7.96
2017-08-12 05:00:00,2,20170812052,2017,8,12,5,5,1,3,32,224,7.95
2017-08-12 06:00:00,2,20170812062,2017,8,12,6,5,1,3,32,224,6.14
2017-08-12 07:00:00,2,20170812072,2017,8,12,7,5,1,3,32,224,6.41
2017-08-12 08:00:00,2,20170812082,2017,8,12,8,5,1,3,32,224,7.0
2017-08-12 09:00:00,2,20170812092,2017,8,12,9,5,1,3,32,224,8.21
2017-08-12 10:00:00,2,20170812102,2017,8,12,10,5,1,3,32,224,6.88
2017-08-12 11:00:00,2,20170812112,2017,8,12,11,5,1,3,32,224,8.46
2017-08-12 12:00:00,2,20170812122,2017,8,12,12,5,1,3,32,224,8.58
2017-08-12 13:00:00,2,20170812132,2017,8,12,13,5,1,3,32,224,6.82
2017-08-12 14:00:00,2,20170812142,2017,8,12,14,5,1,3,32,224,7.52
2017-08-12 15:00:00,2,20170812152,2017,8,12,15,5,1,3,32,224,8.7
2017-08-12 16:00:00,2,20170812162,2017,8,12,16,5,1,3,32,224,7.75
2017-08-12 17:00:00,2,20170812172,2017,8,12,17,5,1,3,32,224,9.0
2017-08-12 18:00:00,2,20170812182,2017,8,12,18,5,1,3,32,224,8.28
2017-08-12 19:00:00,2,20170812192,2017,8,12,19,5,1,3,32,224,7.68
2017-08-12 20:00:00,2,20170812202,2017,8,12,20,5,1,3,32,224,8.03
2017-08-12 21:00:00,2,20170812212,2017,8,12,21,5,1,3,32,224,9.18
2017-08-12 22:00:00,2,20170812222,2017,8,12,22,5,1,3,32,224,9.87
2017-08-12 23:00:00,2,20170812232,2017,8,12,23,5,1,3,32,224,10.79
2017-08-13 00:00:00,2,20170813002,2017,8,13,0,6,1,3,32,225,10.8
2017-08-13 01:00:00,2,20170813012,2017,8,13,1,6,1,3,32,225,9.58
2017-08-13 02:00:00,2,20170813022,2017,8,13,2,6,1,3,32,225,7.57
2017-08-13 03:00:00,2,20170813032,2017,8,13,3,6,1,3,32,225,7.07
2017-08-13 04:00:00,2,20170813042,2017,8,13,4,6,1,3,32,225,6.66
2017-08-13 05:00:00,2,20170813052,2017,8,13,5,6,1,3,32,225,5.92
2017-08-13 06:00:00,2,20170813062,2017,8,13,6,6,1,3,32,225,5.11
2017-08-13 07:00:00,2,20170813072,2017,8,13,7,6,1,3,32,225,5.83
2017-08-13 08:00:00,2,20170813082,2017,8,13,8,6,1,3,32,225,7.43
2017-08-13 09:00:00,2,20170813092,2017,8,13,9,6,1,3,32,225,8.39
2017-08-13 10:00:00,2,20170813102,2017,8,13,10,6,1,3,32,225,6.87
2017-08-13 11:00:00,2,20170813112,2017,8,13,11,6,1,3,32,225,8.5
2017-08-13 12:00:00,2,20170813122,2017,8,13,12,6,1,3,32,225,8.4
2017-08-13 13:00:00,2,20170813132,2017,8,13,13,6,1,3,32,225,7.44
2017-08-13 14:00:00,2,20170813142,2017,8,13,14,6,1,3,32,225,8.62
2017-08-13 15:00:00,2,20170813152,2017,8,13,15,6,1,3,32,225,8.84
2017-08-13 16:00:00,2,20170813162,2017,8,13,16,6,1,3,32,225,7.15
2017-08-13 17:00:00,2,20170813172,2017,8,13,17,6,1,3,32,225,8.56
2017-08-13 18:00:00,2,20170813182,2017,8,13,18,6,1,3,32,225,8.07
2017-08-13 19:00:00,2,20170813192,2017,8,13,19,6,1,3,32,225,10.11
2017-08-13 20:00:00,2,20170813202,2017,8,13,20,6,1,3,32,225,10.19
2017-08-13 21:00:00,2,20170813212,2017,8,13,21,6,1,3,32,225,9.0
2017-08-13 22:00:00,2,20170813222,2017,8,13,22,6,1,3,32,225,9.53
2017-08-13 23:00:00,2,20170813232,2017,8,13,23,6,1,3,32,225,11.19
2017-08-14 00:00:00,2,20170814002,2017,8,14,0,0,0,3,33,226,9.24
2017-08-14 01:00:00,2,20170814012,2017,8,14,1,0,0,3,33,226,9.0
2017-08-14 02:00:00,2,20170814022,2017,8,14,2,0,0,3,33,226,7.89
2017-08-14 03:00:00,2,20170814032,2017,8,14,3,0,0,3,33,226,7.1
2017-08-14 04:00:00,2,20170814042,2017,8,14,4,0,0,3,33,226,7.45
2017-08-14 05:00:00,2,20170814052,2017,8,14,5,0,0,3,33,226,6.49
2017-08-14 06:00:00,2,20170814062,2017,8,14,6,0,0,3,33,226,6.62
2017-08-14 07:00:00,2,20170814072,2017,8,14,7,0,0,3,33,226,8.82
2017-08-14 08:00:00,2,20170814082,2017,8,14,8,0,0,3,33,226,10.15
2017-08-14 09:00:00,2,20170814092,2017,8,14,9,0,0,3,33,226,8.16
2017-08-14 10:00:00,2,20170814102,2017,8,14,10,0,0,3,33,226,11.78
2017-08-14 11:00:00,2,20170814112,2017,8,14,11,0,0,3,33,226,10.89
2017-08-14 12:00:00,2,20170814122,2017,8,14,12,0,0,3,33,226,9.88
2017-08-14 13:00:00,2,20170814132,2017,8,14,13,0,0,3,33,226,10.39
2017-08-14 14:00:00,2,20170814142,2017,8,14,14,0,0,3,33,226,10.22
2017-08-14 15:00:00,2,20170814152,2017,8,14,15,0,0,3,33,226,11.12
2017-08-14 16:00:00,2,20170814162,2017,8,14,16,0,0,3,33,226,13.58
2017-08-14 17:00:00,2,20170814172,2017,8,14,17,0,0,3,33,226,13.96
2017-08-14 18:00:00,2,20170814182,2017,8,14,18,0,0,3,33,226,13.96
2017-08-14 19:00:00,2,20170814192,2017,8,14,19,0,0,3,33,226,16.77
2017-08-14 20:00:00,2,20170814202,2017,8,14,20,0,0,3,33,226,17.23
2017-08-14 21:00:00,2,20170814212,2017,8,14,21,0,0,3,33,226,16.81
2017-08-14 22:00:00,2,20170814222,2017,8,14,22,0,0,3,33,226,15.08
2017-08-14 23:00:00,2,20170814232,2017,8,14,23,0,0,3,33,226,14.23
2017-08-15 00:00:00,2,20170815002,2017,8,15,0,1,0,3,33,227,12.59
2017-08-15 01:00:00,2,20170815012,2017,8,15,1,1,0,3,33,227,14.4
2017-08-15 02:00:00,2,20170815022,2017,8,15,2,1,0,3,33,227,12.19
2017-08-15 03:00:00,2,20170815032,2017,8,15,3,1,0,3,33,227,9.77
2017-08-15 04:00:00,2,20170815042,2017,8,15,4,1,0,3,33,227,9.51
2017-08-15 05:00:00,2,20170815052,2017,8,15,5,1,0,3,33,227,7.4
2017-08-15 06:00:00,2,20170815062,2017,8,15,6,1,0,3,33,227,8.12
2017-08-15 07:00:00,2,20170815072,2017,8,15,7,1,0,3,33,227,9.67
2017-08-15 08:00:00,2,20170815082,2017,8,15,8,1,0,3,33,227,10.65
2017-08-15 09:00:00,2,20170815092,2017,8,15,9,1,0,3,33,227,8.84
2017-08-15 10:00:00,2,20170815102,2017,8,15,10,1,0,3,33,227,11.55
2017-08-15 11:00:00,2,20170815112,2017,8,15,11,1,0,3,33,227,11.09
2017-08-15 12:00:00,2,20170815122,2017,8,15,12,1,0,3,33,227,11.47
2017-08-15 13:00:00,2,20170815132,2017,8,15,13,1,0,3,33,227,12.05
2017-08-15 14:00:00,2,20170815142,2017,8,15,14,1,0,3,33,227,12.2
2017-08-15 15:00:00,2,20170815152,2017,8,15,15,1,0,3,33,227,12.86
2017-08-15 16:00:00,2,20170815162,2017,8,15,16,1,0,3,33,227,13.85
2017-08-15 17:00:00,2,20170815172,2017,8,15,17,1,0,3,33,227,14.87
2017-08-15 18:00:00,2,20170815182,2017,8,15,18,1,0,3,33,227,15.43
2017-08-15 19:00:00,2,20170815192,2017,8,15,19,1,0,3,33,227,18.28
2017-08-15 20:00:00,2,20170815202,2017,8,15,20,1,0,3,33,227,17.14
2017-08-15 21:00:00,2,20170815212,2017,8,15,21,1,0,3,33,227,15.98
2017-08-15 22:00:00,2,20170815222,2017,8,15,22,1,0,3,33,227,14.53
2017-08-15 23:00:00,2,20170815232,2017,8,15,23,1,0,3,33,227,13.97
2017-08-16 00:00:00,2,20170816002,2017,8,16,0,2,0,3,33,228,13.26
2017-08-16 01:00:00,2,20170816012,2017,8,16,1,2,0,3,33,228,14.57
2017-08-16 02:00:00,2,20170816022,2017,8,16,2,2,0,3,33,228,11.48
2017-08-16 03:00:00,2,20170816032,2017,8,16,3,2,0,3,33,228,9.19
2017-08-16 04:00:00,2,20170816042,2017,8,16,4,2,0,3,33,228,9.09
2017-08-16 05:00:00,2,20170816052,2017,8,16,5,2,0,3,33,228,8.4
2017-08-16 06:00:00,2,20170816062,2017,8,16,6,2,0,3,33,228,8.78
2017-08-16 07:00:00,2,20170816072,2017,8,16,7,2,0,3,33,228,9.8
2017-08-16 08:00:00,2,20170816082,2017,8,16,8,2,0,3,33,228,10.17
2017-08-16 09:00:00,2,20170816092,2017,8,16,9,2,0,3,33,228,8.66
2017-08-16 10:00:00,2,20170816102,2017,8,16,10,2,0,3,33,228,11.0
2017-08-16 11:00:00,2,20170816112,2017,8,16,11,2,0,3,33,228,13.15
2017-08-16 12:00:00,2,20170816122,2017,8,16,12,2,0,3,33,228,12.31
2017-08-16 13:00:00,2,20170816132,2017,8,16,13,2,0,3,33,228,12.89
2017-08-16 14:00:00,2,20170816142,2017,8,16,14,2,0,3,33,228,13.63
2017-08-16 15:00:00,2,20170816152,2017,8,16,15,2,0,3,33,228,14.49
2017-08-16 16:00:00,2,20170816162,2017,8,16,16,2,0,3,33,228,14.28
2017-08-16 17:00:00,2,20170816172,2017,8,16,17,2,0,3,33,228,15.37
2017-08-16 18:00:00,2,20170816182,2017,8,16,18,2,0,3,33,228,16.45
2017-08-16 19:00:00,2,20170816192,2017,8,16,19,2,0,3,33,228,18.78
2017-08-16 20:00:00,2,20170816202,2017,8,16,20,2,0,3,33,228,18.02
2017-08-16 21:00:00,2,20170816212,2017,8,16,21,2,0,3,33,228,15.45
2017-08-16 22:00:00,2,20170816222,2017,8,16,22,2,0,3,33,228,14.24
2017-08-16 23:00:00,2,20170816232,2017,8,16,23,2,0,3,33,228,14.42
2017-08-17 00:00:00,2,20170817002,2017,8,17,0,3,0,3,33,229,13.49
2017-08-17 01:00:00,2,20170817012,2017,8,17,1,3,0,3,33,229,13.66
2017-08-17 02:00:00,2,20170817022,2017,8,17,2,3,0,3,33,229,11.26
2017-08-17 03:00:00,2,20170817032,2017,8,17,3,3,0,3,33,229,8.47
2017-08-17 04:00:00,2,20170817042,2017,8,17,4,3,0,3,33,229,8.8
2017-08-17 05:00:00,2,20170817052,2017,8,17,5,3,0,3,33,229,8.46
2017-08-17 06:00:00,2,20170817062,2017,8,17,6,3,0,3,33,229,8.12
2017-08-17 07:00:00,2,20170817072,2017,8,17,7,3,0,3,33,229,8.51
2017-08-17 08:00:00,2,20170817082,2017,8,17,8,3,0,3,33,229,9.21
2017-08-17 09:00:00,2,20170817092,2017,8,17,9,3,0,3,33,229,8.73
2017-08-17 10:00:00,2,20170817102,2017,8,17,10,3,0,3,33,229,11.29
2017-08-17 11:00:00,2,20170817112,2017,8,17,11,3,0,3,33,229,14.44
2017-08-17 12:00:00,2,20170817122,2017,8,17,12,3,0,3,33,229,14.37
2017-08-17 13:00:00,2,20170817132,2017,8,17,13,3,0,3,33,229,14.94
2017-08-17 14:00:00,2,20170817142,2017,8,17,14,3,0,3,33,229,15.48
2017-08-17 15:00:00,2,20170817152,2017,8,17,15,3,0,3,33,229,16.35
2017-08-17 16:00:00,2,20170817162,2017,8,17,16,3,0,3,33,229,16.14
2017-08-17 17:00:00,2,20170817172,2017,8,17,17,3,0,3,33,229,15.23
2017-08-17 18:00:00,2,20170817182,2017,8,17,18,3,0,3,33,229,16.88
2017-08-17 19:00:00,2,20170817192,2017,8,17,19,3,0,3,33,229,19.0
2017-08-17 20:00:00,2,20170817202,2017,8,17,20,3,0,3,33,229,18.91
2017-08-17 21:00:00,2,20170817212,2017,8,17,21,3,0,3,33,229,15.12
2017-08-17 22:00:00,2,20170817222,2017,8,17,22,3,0,3,33,229,14.0
2017-08-17 23:00:00,2,20170817232,2017,8,17,23,3,0,3,33,229,14.78
2017-08-18 00:00:00,2,20170818002,2017,8,18,0,4,0,3,33,230,13.85
2017-08-18 01:00:00,2,20170818012,2017,8,18,1,4,0,3,33,230,13.07
2017-08-18 02:00:00,2,20170818022,2017,8,18,2,4,0,3,33,230,10.94
2017-08-18 03:00:00,2,20170818032,2017,8,18,3,4,0,3,33,230,8.42
2017-08-18 04:00:00,2,20170818042,2017,8,18,4,4,0,3,33,230,7.77
2017-08-18 05:00:00,2,20170818052,2017,8,18,5,4,0,3,33,230,9.04
2017-08-18 06:00:00,2,20170818062,2017,8,18,6,4,0,3,33,230,7.6
2017-08-18 07:00:00,2,20170818072,2017,8,18,7,4,0,3,33,230,9.64
2017-08-18 08:00:00,2,20170818082,2017,8,18,8,4,0,3,33,230,9.11
2017-08-18 09:00:00,2,20170818092,2017,8,18,9,4,0,3,33,230,9.34
2017-08-18 10:00:00,2,20170818102,2017,8,18,10,4,0,3,33,230,12.11
2017-08-18 11:00:00,2,20170818112,2017,8,18,11,4,0,3,33,230,14.02
2017-08-18 12:00:00,2,20170818122,2017,8,18,12,4,0,3,33,230,14.15
2017-08-18 13:00:00,2,20170818132,2017,8,18,13,4,0,3,33,230,14.58
2017-08-18 14:00:00,2,20170818142,2017,8,18,14,4,0,3,33,230,16.21
2017-08-18 15:00:00,2,20170818152,2017,8,18,15,4,0,3,33,230,15.64
2017-08-18 16:00:00,2,20170818162,2017,8,18,16,4,0,3,33,230,15.66
2017-08-18 17:00:00,2,20170818172,2017,8,18,17,4,0,3,33,230,16.32
2017-08-18 18:00:00,2,20170818182,2017,8,18,18,4,0,3,33,230,15.61
2017-08-18 19:00:00,2,20170818192,2017,8,18,19,4,0,3,33,230,16.89
2017-08-18 20:00:00,2,20170818202,2017,8,18,20,4,0,3,33,230,13.59
2017-08-18 21:00:00,2,20170818212,2017,8,18,21,4,0,3,33,230,14.64
2017-08-18 22:00:00,2,20170818222,2017,8,18,22,4,0,3,33,230,12.83
2017-08-18 23:00:00,2,20170818232,2017,8,18,23,4,0,3,33,230,13.15
2017-08-19 00:00:00,2,20170819002,2017,8,19,0,5,1,3,33,231,12.56
2017-08-19 01:00:00,2,20170819012,2017,8,19,1,5,1,3,33,231,9.94
2017-08-19 02:00:00,2,20170819022,2017,8,19,2,5,1,3,33,231,9.65
2017-08-19 03:00:00,2,20170819032,2017,8,19,3,5,1,3,33,231,8.46
2017-08-19 04:00:00,2,20170819042,2017,8,19,4,5,1,3,33,231,7.95
2017-08-19 05:00:00,2,20170819052,2017,8,19,5,5,1,3,33,231,7.78
2017-08-19 06:00:00,2,20170819062,2017,8,19,6,5,1,3,33,231,6.49
2017-08-19 07:00:00,2,20170819072,2017,8,19,7,5,1,3,33,231,6.06
2017-08-19 08:00:00,2,20170819082,2017,8,19,8,5,1,3,33,231,6.35
2017-08-19 09:00:00,2,20170819092,2017,8,19,9,5,1,3,33,231,6.91
2017-08-19 10:00:00,2,20170819102,2017,8,19,10,5,1,3,33,231,8.29
2017-08-19 11:00:00,2,20170819112,2017,8,19,11,5,1,3,33,231,6.19
2017-08-19 12:00:00,2,20170819122,2017,8,19,12,5,1,3,33,231,9.44
2017-08-19 13:00:00,2,20170819132,2017,8,19,13,5,1,3,33,231,9.2
2017-08-19 14:00:00,2,20170819142,2017,8,19,14,5,1,3,33,231,8.05
2017-08-19 15:00:00,2,20170819152,2017,8,19,15,5,1,3,33,231,7.16
2017-08-19 16:00:00,2,20170819162,2017,8,19,16,5,1,3,33,231,7.13
2017-08-19 17:00:00,2,20170819172,2017,8,19,17,5,1,3,33,231,8.02
2017-08-19 18:00:00,2,20170819182,2017,8,19,18,5,1,3,33,231,8.27
2017-08-19 19:00:00,2,20170819192,2017,8,19,19,5,1,3,33,231,9.76
2017-08-19 20:00:00,2,20170819202,2017,8,19,20,5,1,3,33,231,8.76
2017-08-19 21:00:00,2,20170819212,2017,8,19,21,5,1,3,33,231,9.16
2017-08-19 22:00:00,2,20170819222,2017,8,19,22,5,1,3,33,231,10.01
2017-08-19 23:00:00,2,20170819232,2017,8,19,23,5,1,3,33,231,9.57
2017-08-20 00:00:00,2,20170820002,2017,8,20,0,6,1,3,33,232,10.93
2017-08-20 01:00:00,2,20170820012,2017,8,20,1,6,1,3,33,232,8.93
2017-08-20 02:00:00,2,20170820022,2017,8,20,2,6,1,3,33,232,8.81
2017-08-20 03:00:00,2,20170820032,2017,8,20,3,6,1,3,33,232,7.13
2017-08-20 04:00:00,2,20170820042,2017,8,20,4,6,1,3,33,232,5.7
2017-08-20 05:00:00,2,20170820052,2017,8,20,5,6,1,3,33,232,5.81
2017-08-20 06:00:00,2,20170820062,2017,8,20,6,6,1,3,33,232,4.44
2017-08-20 07:00:00,2,20170820072,2017,8,20,7,6,1,3,33,232,5.39
2017-08-20 08:00:00,2,20170820082,2017,8,20,8,6,1,3,33,232,6.49
2017-08-20 09:00:00,2,20170820092,2017,8,20,9,6,1,3,33,232,6.77
2017-08-20 10:00:00,2,20170820102,2017,8,20,10,6,1,3,33,232,8.25
2017-08-20 11:00:00,2,20170820112,2017,8,20,11,6,1,3,33,232,7.39
2017-08-20 12:00:00,2,20170820122,2017,8,20,12,6,1,3,33,232,9.52
2017-08-20 13:00:00,2,20170820132,2017,8,20,13,6,1,3,33,232,8.4
2017-08-20 14:00:00,2,20170820142,2017,8,20,14,6,1,3,33,232,8.41
2017-08-20 15:00:00,2,20170820152,2017,8,20,15,6,1,3,33,232,8.57
2017-08-20 16:00:00,2,20170820162,2017,8,20,16,6,1,3,33,232,7.72
2017-08-20 17:00:00,2,20170820172,2017,8,20,17,6,1,3,33,232,8.54
2017-08-20 18:00:00,2,20170820182,2017,8,20,18,6,1,3,33,232,9.16
2017-08-20 19:00:00,2,20170820192,2017,8,20,19,6,1,3,33,232,10.84
2017-08-20 20:00:00,2,20170820202,2017,8,20,20,6,1,3,33,232,10.53
2017-08-20 21:00:00,2,20170820212,2017,8,20,21,6,1,3,33,232,9.87
2017-08-20 22:00:00,2,20170820222,2017,8,20,22,6,1,3,33,232,10.3
2017-08-20 23:00:00,2,20170820232,2017,8,20,23,6,1,3,33,232,10.03
2017-08-21 00:00:00,2,20170821002,2017,8,21,0,0,0,3,34,233,10.59
2017-08-21 01:00:00,2,20170821012,2017,8,21,1,0,0,3,34,233,7.83
2017-08-21 02:00:00,2,20170821022,2017,8,21,2,0,0,3,34,233,7.98
2017-08-21 03:00:00,2,20170821032,2017,8,21,3,0,0,3,34,233,5.01
2017-08-21 04:00:00,2,20170821042,2017,8,21,4,0,0,3,34,233,6.77
2017-08-21 05:00:00,2,20170821052,2017,8,21,5,0,0,3,34,233,7.12
2017-08-21 06:00:00,2,20170821062,2017,8,21,6,0,0,3,34,233,6.95
2017-08-21 07:00:00,2,20170821072,2017,8,21,7,0,0,3,34,233,8.79
2017-08-21 08:00:00,2,20170821082,2017,8,21,8,0,0,3,34,233,7.14
2017-08-21 09:00:00,2,20170821092,2017,8,21,9,0,0,3,34,233,8.46
2017-08-21 10:00:00,2,20170821102,2017,8,21,10,0,0,3,34,233,12.5
2017-08-21 11:00:00,2,20170821112,2017,8,21,11,0,0,3,34,233,14.52
2017-08-21 12:00:00,2,20170821122,2017,8,21,12,0,0,3,34,233,15.62
2017-08-21 13:00:00,2,20170821132,2017,8,21,13,0,0,3,34,233,14.31
2017-08-21 14:00:00,2,20170821142,2017,8,21,14,0,0,3,34,233,17.18
2017-08-21 15:00:00,2,20170821152,2017,8,21,15,0,0,3,34,233,18.19
2017-08-21 16:00:00,2,20170821162,2017,8,21,16,0,0,3,34,233,18.05
2017-08-21 17:00:00,2,20170821172,2017,8,21,17,0,0,3,34,233,15.84
2017-08-21 18:00:00,2,20170821182,2017,8,21,18,0,0,3,34,233,17.7
2017-08-21 19:00:00,2,20170821192,2017,8,21,19,0,0,3,34,233,18.39
2017-08-21 20:00:00,2,20170821202,2017,8,21,20,0,0,3,34,233,16.64
2017-08-21 21:00:00,2,20170821212,2017,8,21,21,0,0,3,34,233,14.85
2017-08-21 22:00:00,2,20170821222,2017,8,21,22,0,0,3,34,233,14.82
2017-08-21 23:00:00,2,20170821232,2017,8,21,23,0,0,3,34,233,15.72
2017-08-22 00:00:00,2,20170822002,2017,8,22,0,1,0,3,34,234,14.02
2017-08-22 01:00:00,2,20170822012,2017,8,22,1,1,0,3,34,234,13.6
2017-08-22 02:00:00,2,20170822022,2017,8,22,2,1,0,3,34,234,10.49
2017-08-22 03:00:00,2,20170822032,2017,8,22,3,1,0,3,34,234,10.48
2017-08-22 04:00:00,2,20170822042,2017,8,22,4,1,0,3,34,234,9.53
2017-08-22 05:00:00,2,20170822052,2017,8,22,5,1,0,3,34,234,8.38
2017-08-22 06:00:00,2,20170822062,2017,8,22,6,1,0,3,34,234,7.54
2017-08-22 07:00:00,2,20170822072,2017,8,22,7,1,0,3,34,234,9.41
2017-08-22 08:00:00,2,20170822082,2017,8,22,8,1,0,3,34,234,7.85
2017-08-22 09:00:00,2,20170822092,2017,8,22,9,1,0,3,34,234,9.83
2017-08-22 10:00:00,2,20170822102,2017,8,22,10,1,0,3,34,234,12.16
2017-08-22 11:00:00,2,20170822112,2017,8,22,11,1,0,3,34,234,15.51
2017-08-22 12:00:00,2,20170822122,2017,8,22,12,1,0,3,34,234,16.5
2017-08-22 13:00:00,2,20170822132,2017,8,22,13,1,0,3,34,234,15.38
2017-08-22 14:00:00,2,20170822142,2017,8,22,14,1,0,3,34,234,18.0
2017-08-22 15:00:00,2,20170822152,2017,8,22,15,1,0,3,34,234,18.61
2017-08-22 16:00:00,2,20170822162,2017,8,22,16,1,0,3,34,234,16.98
2017-08-22 17:00:00,2,20170822172,2017,8,22,17,1,0,3,34,234,16.9
2017-08-22 18:00:00,2,20170822182,2017,8,22,18,1,0,3,34,234,17.74
2017-08-22 19:00:00,2,20170822192,2017,8,22,19,1,0,3,34,234,18.13
2017-08-22 20:00:00,2,20170822202,2017,8,22,20,1,0,3,34,234,16.68
2017-08-22 21:00:00,2,20170822212,2017,8,22,21,1,0,3,34,234,15.98
2017-08-22 22:00:00,2,20170822222,2017,8,22,22,1,0,3,34,234,14.76
2017-08-22 23:00:00,2,20170822232,2017,8,22,23,1,0,3,34,234,15.55
2017-08-23 00:00:00,2,20170823002,2017,8,23,0,2,0,3,34,235,14.32
2017-08-23 01:00:00,2,20170823012,2017,8,23,1,2,0,3,34,235,13.9
2017-08-23 02:00:00,2,20170823022,2017,8,23,2,2,0,3,34,235,10.28
2017-08-23 03:00:00,2,20170823032,2017,8,23,3,2,0,3,34,235,10.71
2017-08-23 04:00:00,2,20170823042,2017,8,23,4,2,0,3,34,235,9.69
2017-08-23 05:00:00,2,20170823052,2017,8,23,5,2,0,3,34,235,8.51
2017-08-23 06:00:00,2,20170823062,2017,8,23,6,2,0,3,34,235,7.24
2017-08-23 07:00:00,2,20170823072,2017,8,23,7,2,0,3,34,235,9.17
2017-08-23 08:00:00,2,20170823082,2017,8,23,8,2,0,3,34,235,8.57
2017-08-23 09:00:00,2,20170823092,2017,8,23,9,2,0,3,34,235,10.5
2017-08-23 10:00:00,2,20170823102,2017,8,23,10,2,0,3,34,235,11.52
2017-08-23 11:00:00,2,20170823112,2017,8,23,11,2,0,3,34,235,16.32
2017-08-23 12:00:00,2,20170823122,2017,8,23,12,2,0,3,34,235,15.81
2017-08-23 13:00:00,2,20170823132,2017,8,23,13,2,0,3,34,235,15.15
2017-08-23 14:00:00,2,20170823142,2017,8,23,14,2,0,3,34,235,17.39
2017-08-23 15:00:00,2,20170823152,2017,8,23,15,2,0,3,34,235,18.18
2017-08-23 16:00:00,2,20170823162,2017,8,23,16,2,0,3,34,235,16.28
2017-08-23 17:00:00,2,20170823172,2017,8,23,17,2,0,3,34,235,15.88
2017-08-23 18:00:00,2,20170823182,2017,8,23,18,2,0,3,34,235,16.12
2017-08-23 19:00:00,2,20170823192,2017,8,23,19,2,0,3,34,235,17.89
2017-08-23 20:00:00,2,20170823202,2017,8,23,20,2,0,3,34,235,17.33
2017-08-23 21:00:00,2,20170823212,2017,8,23,21,2,0,3,34,235,16.55
2017-08-23 22:00:00,2,20170823222,2017,8,23,22,2,0,3,34,235,15.24
2017-08-23 23:00:00,2,20170823232,2017,8,23,23,2,0,3,34,235,16.09
2017-08-24 00:00:00,2,20170824002,2017,8,24,0,3,0,3,34,236,16.26
2017-08-24 01:00:00,2,20170824012,2017,8,24,1,3,0,3,34,236,14.29
2017-08-24 02:00:00,2,20170824022,2017,8,24,2,3,0,3,34,236,10.55
2017-08-24 03:00:00,2,20170824032,2017,8,24,3,3,0,3,34,236,10.46
2017-08-24 04:00:00,2,20170824042,2017,8,24,4,3,0,3,34,236,9.75
2017-08-24 05:00:00,2,20170824052,2017,8,24,5,3,0,3,34,236,8.49
2017-08-24 06:00:00,2,20170824062,2017,8,24,6,3,0,3,34,236,6.93
2017-08-24 07:00:00,2,20170824072,2017,8,24,7,3,0,3,34,236,8.26
2017-08-24 08:00:00,2,20170824082,2017,8,24,8,3,0,3,34,236,8.99
2017-08-24 09:00:00,2,20170824092,2017,8,24,9,3,0,3,34,236,10.57
2017-08-24 10:00:00,2,20170824102,2017,8,24,10,3,0,3,34,236,11.86
2017-08-24 11:00:00,2,20170824112,2017,8,24,11,3,0,3,34,236,15.51
2017-08-24 12:00:00,2,20170824122,2017,8,24,12,3,0,3,34,236,15.52
2017-08-24 13:00:00,2,20170824132,2017,8,24,13,3,0,3,34,236,15.0
2017-08-24 14:00:00,2,20170824142,2017,8,24,14,3,0,3,34,236,17.09
2017-08-24 15:00:00,2,20170824152,2017,8,24,15,3,0,3,34,236,16.74
2017-08-24 16:00:00,2,20170824162,2017,8,24,16,3,0,3,34,236,15.74
2017-08-24 17:00:00,2,20170824172,2017,8,24,17,3,0,3,34,236,15.6
2017-08-24 18:00:00,2,20170824182,2017,8,24,18,3,0,3,34,236,16.12
2017-08-24 19:00:00,2,20170824192,2017,8,24,19,3,0,3,34,236,19.09
2017-08-24 20:00:00,2,20170824202,2017,8,24,20,3,0,3,34,236,19.2
2017-08-24 21:00:00,2,20170824212,2017,8,24,21,3,0,3,34,236,17.76
2017-08-24 22:00:00,2,20170824222,2017,8,24,22,3,0,3,34,236,15.79
2017-08-24 23:00:00,2,20170824232,2017,8,24,23,3,0,3,34,236,16.99
2017-08-25 00:00:00,2,20170825002,2017,8,25,0,4,0,3,34,237,16.59
2017-08-25 01:00:00,2,20170825012,2017,8,25,1,4,0,3,34,237,13.94
2017-08-25 02:00:00,2,20170825022,2017,8,25,2,4,0,3,34,237,11.49
2017-08-25 03:00:00,2,20170825032,2017,8,25,3,4,0,3,34,237,10.68
2017-08-25 04:00:00,2,20170825042,2017,8,25,4,4,0,3,34,237,8.93
2017-08-25 05:00:00,2,20170825052,2017,8,25,5,4,0,3,34,237,8.63
2017-08-25 06:00:00,2,20170825062,2017,8,25,6,4,0,3,34,237,7.56
2017-08-25 07:00:00,2,20170825072,2017,8,25,7,4,0,3,34,237,8.01
2017-08-25 08:00:00,2,20170825082,2017,8,25,8,4,0,3,34,237,10.67
2017-08-25 09:00:00,2,20170825092,2017,8,25,9,4,0,3,34,237,10.84
2017-08-25 10:00:00,2,20170825102,2017,8,25,10,4,0,3,34,237,12.06
2017-08-25 11:00:00,2,20170825112,2017,8,25,11,4,0,3,34,237,14.66
2017-08-25 12:00:00,2,20170825122,2017,8,25,12,4,0,3,34,237,14.63
2017-08-25 13:00:00,2,20170825132,2017,8,25,13,4,0,3,34,237,13.85
2017-08-25 14:00:00,2,20170825142,2017,8,25,14,4,0,3,34,237,14.98
2017-08-25 15:00:00,2,20170825152,2017,8,25,15,4,0,3,34,237,15.19
2017-08-25 16:00:00,2,20170825162,2017,8,25,16,4,0,3,34,237,13.68
2017-08-25 17:00:00,2,20170825172,2017,8,25,17,4,0,3,34,237,14.0
2017-08-25 18:00:00,2,20170825182,2017,8,25,18,4,0,3,34,237,13.12
2017-08-25 19:00:00,2,20170825192,2017,8,25,19,4,0,3,34,237,13.98
2017-08-25 20:00:00,2,20170825202,2017,8,25,20,4,0,3,34,237,14.65
2017-08-25 21:00:00,2,20170825212,2017,8,25,21,4,0,3,34,237,15.39
2017-08-25 22:00:00,2,20170825222,2017,8,25,22,4,0,3,34,237,13.66
2017-08-25 23:00:00,2,20170825232,2017,8,25,23,4,0,3,34,237,13.67
2017-08-26 00:00:00,2,20170826002,2017,8,26,0,5,1,3,34,238,15.85
2017-08-26 01:00:00,2,20170826012,2017,8,26,1,5,1,3,34,238,10.33
2017-08-26 02:00:00,2,20170826022,2017,8,26,2,5,1,3,34,238,8.24
2017-08-26 03:00:00,2,20170826032,2017,8,26,3,5,1,3,34,238,6.23
2017-08-26 04:00:00,2,20170826042,2017,8,26,4,5,1,3,34,238,7.6
2017-08-26 05:00:00,2,20170826052,2017,8,26,5,5,1,3,34,238,8.0
2017-08-26 06:00:00,2,20170826062,2017,8,26,6,5,1,3,34,238,5.03
2017-08-26 07:00:00,2,20170826072,2017,8,26,7,5,1,3,34,238,5.66
2017-08-26 08:00:00,2,20170826082,2017,8,26,8,5,1,3,34,238,5.84
2017-08-26 09:00:00,2,20170826092,2017,8,26,9,5,1,3,34,238,5.91
2017-08-26 10:00:00,2,20170826102,2017,8,26,10,5,1,3,34,238,7.42
2017-08-26 11:00:00,2,20170826112,2017,8,26,11,5,1,3,34,238,8.53
2017-08-26 12:00:00,2,20170826122,2017,8,26,12,5,1,3,34,238,8.38
2017-08-26 13:00:00,2,20170826132,2017,8,26,13,5,1,3,34,238,8.77
2017-08-26 14:00:00,2,20170826142,2017,8,26,14,5,1,3,34,238,8.59
2017-08-26 15:00:00,2,20170826152,2017,8,26,15,5,1,3,34,238,9.18
2017-08-26 16:00:00,2,20170826162,2017,8,26,16,5,1,3,34,238,9.98
2017-08-26 17:00:00,2,20170826172,2017,8,26,17,5,1,3,34,238,9.08
2017-08-26 18:00:00,2,20170826182,2017,8,26,18,5,1,3,34,238,9.6
2017-08-26 19:00:00,2,20170826192,2017,8,26,19,5,1,3,34,238,9.56
2017-08-26 20:00:00,2,20170826202,2017,8,26,20,5,1,3,34,238,9.18
2017-08-26 21:00:00,2,20170826212,2017,8,26,21,5,1,3,34,238,11.28
2017-08-26 22:00:00,2,20170826222,2017,8,26,22,5,1,3,34,238,12.19
2017-08-26 23:00:00,2,20170826232,2017,8,26,23,5,1,3,34,238,10.44
2017-08-27 00:00:00,2,20170827002,2017,8,27,0,6,1,3,34,239,11.42
2017-08-27 01:00:00,2,20170827012,2017,8,27,1,6,1,3,34,239,9.12
2017-08-27 02:00:00,2,20170827022,2017,8,27,2,6,1,3,34,239,8.66
2017-08-27 03:00:00,2,20170827032,2017,8,27,3,6,1,3,34,239,7.5
2017-08-27 04:00:00,2,20170827042,2017,8,27,4,6,1,3,34,239,5.89
2017-08-27 05:00:00,2,20170827052,2017,8,27,5,6,1,3,34,239,7.35
2017-08-27 06:00:00,2,20170827062,2017,8,27,6,6,1,3,34,239,5.44
2017-08-27 07:00:00,2,20170827072,2017,8,27,7,6,1,3,34,239,6.15
2017-08-27 08:00:00,2,20170827082,2017,8,27,8,6,1,3,34,239,6.49
2017-08-27 09:00:00,2,20170827092,2017,8,27,9,6,1,3,34,239,6.27
2017-08-27 10:00:00,2,20170827102,2017,8,27,10,6,1,3,34,239,7.21
2017-08-27 11:00:00,2,20170827112,2017,8,27,11,6,1,3,34,239,8.65
2017-08-27 12:00:00,2,20170827122,2017,8,27,12,6,1,3,34,239,8.52
2017-08-27 13:00:00,2,20170827132,2017,8,27,13,6,1,3,34,239,8.14
2017-08-27 14:00:00,2,20170827142,2017,8,27,14,6,1,3,34,239,8.33
2017-08-27 15:00:00,2,20170827152,2017,8,27,15,6,1,3,34,239,9.57
2017-08-27 16:00:00,2,20170827162,2017,8,27,16,6,1,3,34,239,9.85
2017-08-27 17:00:00,2,20170827172,2017,8,27,17,6,1,3,34,239,9.17
2017-08-27 18:00:00,2,20170827182,2017,8,27,18,6,1,3,34,239,10.4
2017-08-27 19:00:00,2,20170827192,2017,8,27,19,6,1,3,34,239,9.94
2017-08-27 20:00:00,2,20170827202,2017,8,27,20,6,1,3,34,239,10.64
2017-08-27 21:00:00,2,20170827212,2017,8,27,21,6,1,3,34,239,11.15
2017-08-27 22:00:00,2,20170827222,2017,8,27,22,6,1,3,34,239,12.2
2017-08-27 23:00:00,2,20170827232,2017,8,27,23,6,1,3,34,239,10.62
2017-08-28 00:00:00,2,20170828002,2017,8,28,0,0,0,3,35,240,12.85
2017-08-28 01:00:00,2,20170828012,2017,8,28,1,0,0,3,35,240,9.25
2017-08-28 02:00:00,2,20170828022,2017,8,28,2,0,0,3,35,240,7.59
2017-08-28 03:00:00,2,20170828032,2017,8,28,3,0,0,3,35,240,5.31
2017-08-28 04:00:00,2,20170828042,2017,8,28,4,0,0,3,35,240,5.44
2017-08-28 05:00:00,2,20170828052,2017,8,28,5,0,0,3,35,240,5.03
2017-08-28 06:00:00,2,20170828062,2017,8,28,6,0,0,3,35,240,7.63
2017-08-28 07:00:00,2,20170828072,2017,8,28,7,0,0,3,35,240,8.44
2017-08-28 08:00:00,2,20170828082,2017,8,28,8,0,0,3,35,240,10.89
2017-08-28 09:00:00,2,20170828092,2017,8,28,9,0,0,3,35,240,7.72
2017-08-28 10:00:00,2,20170828102,2017,8,28,10,0,0,3,35,240,13.97
2017-08-28 11:00:00,2,20170828112,2017,8,28,11,0,0,3,35,240,12.8
2017-08-28 12:00:00,2,20170828122,2017,8,28,12,0,0,3,35,240,16.18
2017-08-28 13:00:00,2,20170828132,2017,8,28,13,0,0,3,35,240,14.81
2017-08-28 14:00:00,2,20170828142,2017,8,28,14,0,0,3,35,240,16.4
2017-08-28 15:00:00,2,20170828152,2017,8,28,15,0,0,3,35,240,16.27
2017-08-28 16:00:00,2,20170828162,2017,8,28,16,0,0,3,35,240,16.62
2017-08-28 17:00:00,2,20170828172,2017,8,28,17,0,0,3,35,240,15.64
2017-08-28 18:00:00,2,20170828182,2017,8,28,18,0,0,3,35,240,16.42
2017-08-28 19:00:00,2,20170828192,2017,8,28,19,0,0,3,35,240,18.4
2017-08-28 20:00:00,2,20170828202,2017,8,28,20,0,0,3,35,240,18.48
2017-08-28 21:00:00,2,20170828212,2017,8,28,21,0,0,3,35,240,14.09
2017-08-28 22:00:00,2,20170828222,2017,8,28,22,0,0,3,35,240,15.56
2017-08-28 23:00:00,2,20170828232,2017,8,28,23,0,0,3,35,240,14.09
2017-08-29 00:00:00,2,20170829002,2017,8,29,0,1,0,3,35,241,13.68
2017-08-29 01:00:00,2,20170829012,2017,8,29,1,1,0,3,35,241,14.6
2017-08-29 02:00:00,2,20170829022,2017,8,29,2,1,0,3,35,241,11.94
2017-08-29 03:00:00,2,20170829032,2017,8,29,3,1,0,3,35,241,9.94
2017-08-29 04:00:00,2,20170829042,2017,8,29,4,1,0,3,35,241,9.2
2017-08-29 05:00:00,2,20170829052,2017,8,29,5,1,0,3,35,241,8.11
2017-08-29 06:00:00,2,20170829062,2017,8,29,6,1,0,3,35,241,8.96
2017-08-29 07:00:00,2,20170829072,2017,8,29,7,1,0,3,35,241,8.48
2017-08-29 08:00:00,2,20170829082,2017,8,29,8,1,0,3,35,241,11.03
2017-08-29 09:00:00,2,20170829092,2017,8,29,9,1,0,3,35,241,8.85
2017-08-29 10:00:00,2,20170829102,2017,8,29,10,1,0,3,35,241,12.89
2017-08-29 11:00:00,2,20170829112,2017,8,29,11,1,0,3,35,241,13.03
2017-08-29 12:00:00,2,20170829122,2017,8,29,12,1,0,3,35,241,16.26
2017-08-29 13:00:00,2,20170829132,2017,8,29,13,1,0,3,35,241,14.22
2017-08-29 14:00:00,2,20170829142,2017,8,29,14,1,0,3,35,241,16.99
2017-08-29 15:00:00,2,20170829152,2017,8,29,15,1,0,3,35,241,15.87
2017-08-29 16:00:00,2,20170829162,2017,8,29,16,1,0,3,35,241,16.18
2017-08-29 17:00:00,2,20170829172,2017,8,29,17,1,0,3,35,241,16.07
2017-08-29 18:00:00,2,20170829182,2017,8,29,18,1,0,3,35,241,17.18
2017-08-29 19:00:00,2,20170829192,2017,8,29,19,1,0,3,35,241,19.8
2017-08-29 20:00:00,2,20170829202,2017,8,29,20,1,0,3,35,241,18.72
2017-08-29 21:00:00,2,20170829212,2017,8,29,21,1,0,3,35,241,14.84
2017-08-29 22:00:00,2,20170829222,2017,8,29,22,1,0,3,35,241,15.1
2017-08-29 23:00:00,2,20170829232,2017,8,29,23,1,0,3,35,241,14.84
2017-08-30 00:00:00,2,20170830002,2017,8,30,0,2,0,3,35,242,13.57
2017-08-30 01:00:00,2,20170830012,2017,8,30,1,2,0,3,35,242,14.3
2017-08-30 02:00:00,2,20170830022,2017,8,30,2,2,0,3,35,242,12.66
2017-08-30 03:00:00,2,20170830032,2017,8,30,3,2,0,3,35,242,9.42
2017-08-30 04:00:00,2,20170830042,2017,8,30,4,2,0,3,35,242,8.59
2017-08-30 05:00:00,2,20170830052,2017,8,30,5,2,0,3,35,242,8.81
2017-08-30 06:00:00,2,20170830062,2017,8,30,6,2,0,3,35,242,9.15
2017-08-30 07:00:00,2,20170830072,2017,8,30,7,2,0,3,35,242,8.24
2017-08-30 08:00:00,2,20170830082,2017,8,30,8,2,0,3,35,242,10.96
2017-08-30 09:00:00,2,20170830092,2017,8,30,9,2,0,3,35,242,8.8
2017-08-30 10:00:00,2,20170830102,2017,8,30,10,2,0,3,35,242,12.46
2017-08-30 11:00:00,2,20170830112,2017,8,30,11,2,0,3,35,242,12.68
2017-08-30 12:00:00,2,20170830122,2017,8,30,12,2,0,3,35,242,15.32
2017-08-30 13:00:00,2,20170830132,2017,8,30,13,2,0,3,35,242,13.04
2017-08-30 14:00:00,2,20170830142,2017,8,30,14,2,0,3,35,242,16.47
2017-08-30 15:00:00,2,20170830152,2017,8,30,15,2,0,3,35,242,16.22
2017-08-30 16:00:00,2,20170830162,2017,8,30,16,2,0,3,35,242,15.15
2017-08-30 17:00:00,2,20170830172,2017,8,30,17,2,0,3,35,242,15.2
2017-08-30 18:00:00,2,20170830182,2017,8,30,18,2,0,3,35,242,15.65
2017-08-30 19:00:00,2,20170830192,2017,8,30,19,2,0,3,35,242,19.33
2017-08-30 20:00:00,2,20170830202,2017,8,30,20,2,0,3,35,242,18.17
2017-08-30 21:00:00,2,20170830212,2017,8,30,21,2,0,3,35,242,15.65
2017-08-30 22:00:00,2,20170830222,2017,8,30,22,2,0,3,35,242,15.47
2017-08-30 23:00:00,2,20170830232,2017,8,30,23,2,0,3,35,242,15.18
2017-08-31 00:00:00,2,20170831002,2017,8,31,0,3,0,3,35,243,13.38
2017-08-31 01:00:00,2,20170831012,2017,8,31,1,3,0,3,35,243,13.21
2017-08-31 02:00:00,2,20170831022,2017,8,31,2,3,0,3,35,243,12.25
2017-08-31 03:00:00,2,20170831032,2017,8,31,3,3,0,3,35,243,9.12
2017-08-31 04:00:00,2,20170831042,2017,8,31,4,3,0,3,35,243,8.92
2017-08-31 05:00:00,2,20170831052,2017,8,31,5,3,0,3,35,243,9.14
2017-08-31 06:00:00,2,20170831062,2017,8,31,6,3,0,3,35,243,8.79
2017-08-31 07:00:00,2,20170831072,2017,8,31,7,3,0,3,35,243,7.85
2017-08-31 08:00:00,2,20170831082,2017,8,31,8,3,0,3,35,243,10.53
2017-08-31 09:00:00,2,20170831092,2017,8,31,9,3,0,3,35,243,8.82
2017-08-31 10:00:00,2,20170831102,2017,8,31,10,3,0,3,35,243,12.23
2017-08-31 11:00:00,2,20170831112,2017,8,31,11,3,0,3,35,243,12.81
2017-08-31 12:00:00,2,20170831122,2017,8,31,12,3,0,3,35,243,15.33
2017-08-31 13:00:00,2,20170831132,2017,8,31,13,3,0,3,35,243,14.95
2017-08-31 14:00:00,2,20170831142,2017,8,31,14,3,0,3,35,243,15.36
2017-08-31 15:00:00,2,20170831152,2017,8,31,15,3,0,3,35,243,15.64
2017-08-31 16:00:00,2,20170831162,2017,8,31,16,3,0,3,35,243,14.52
2017-08-31 17:00:00,2,20170831172,2017,8,31,17,3,0,3,35,243,14.89
2017-08-31 18:00:00,2,20170831182,2017,8,31,18,3,0,3,35,243,15.14
2017-08-31 19:00:00,2,20170831192,2017,8,31,19,3,0,3,35,243,17.54
2017-08-31 20:00:00,2,20170831202,2017,8,31,20,3,0,3,35,243,17.64
2017-08-31 21:00:00,2,20170831212,2017,8,31,21,3,0,3,35,243,16.81
2017-08-31 22:00:00,2,20170831222,2017,8,31,22,3,0,3,35,243,16.54
2017-08-31 23:00:00,2,20170831232,2017,8,31,23,3,0,3,35,243,16.38
2017-09-01 00:00:00,2,20170901002,2017,9,1,0,4,0,3,35,244,15.15
2017-09-01 01:00:00,2,20170901012,2017,9,1,1,4,0,3,35,244,13.0
2017-09-01 02:00:00,2,20170901022,2017,9,1,2,4,0,3,35,244,10.24
2017-09-01 03:00:00,2,20170901032,2017,9,1,3,4,0,3,35,244,9.81
2017-09-01 04:00:00,2,20170901042,2017,9,1,4,4,0,3,35,244,8.27
2017-09-01 05:00:00,2,20170901052,2017,9,1,5,4,0,3,35,244,8.0
2017-09-01 06:00:00,2,20170901062,2017,9,1,6,4,0,3,35,244,6.81
2017-09-01 07:00:00,2,20170901072,2017,9,1,7,4,0,3,35,244,8.15
2017-09-01 08:00:00,2,20170901082,2017,9,1,8,4,0,3,35,244,10.28
2017-09-01 09:00:00,2,20170901092,2017,9,1,9,4,0,3,35,244,8.95
2017-09-01 10:00:00,2,20170901102,2017,9,1,10,4,0,3,35,244,10.9
2017-09-01 11:00:00,2,20170901112,2017,9,1,11,4,0,3,35,244,11.53
2017-09-01 12:00:00,2,20170901122,2017,9,1,12,4,0,3,35,244,13.77
2017-09-01 13:00:00,2,20170901132,2017,9,1,13,4,0,3,35,244,13.76
2017-09-01 14:00:00,2,20170901142,2017,9,1,14,4,0,3,35,244,16.44
2017-09-01 15:00:00,2,20170901152,2017,9,1,15,4,0,3,35,244,15.66
2017-09-01 16:00:00,2,20170901162,2017,9,1,16,4,0,3,35,244,16.01
2017-09-01 17:00:00,2,20170901172,2017,9,1,17,4,0,3,35,244,14.78
2017-09-01 18:00:00,2,20170901182,2017,9,1,18,4,0,3,35,244,14.89
2017-09-01 19:00:00,2,20170901192,2017,9,1,19,4,0,3,35,244,15.53
2017-09-01 20:00:00,2,20170901202,2017,9,1,20,4,0,3,35,244,17.1
2017-09-01 21:00:00,2,20170901212,2017,9,1,21,4,0,3,35,244,16.03
2017-09-01 22:00:00,2,20170901222,2017,9,1,22,4,0,3,35,244,14.45
2017-09-01 23:00:00,2,20170901232,2017,9,1,23,4,0,3,35,244,13.62
2017-09-02 00:00:00,2,20170902002,2017,9,2,0,5,1,3,35,245,13.54
2017-09-02 01:00:00,2,20170902012,2017,9,2,1,5,1,3,35,245,9.1
2017-09-02 02:00:00,2,20170902022,2017,9,2,2,5,1,3,35,245,9.22
2017-09-02 03:00:00,2,20170902032,2017,9,2,3,5,1,3,35,245,7.99
2017-09-02 04:00:00,2,20170902042,2017,9,2,4,5,1,3,35,245,7.66
2017-09-02 05:00:00,2,20170902052,2017,9,2,5,5,1,3,35,245,6.99
2017-09-02 06:00:00,2,20170902062,2017,9,2,6,5,1,3,35,245,6.2
2017-09-02 07:00:00,2,20170902072,2017,9,2,7,5,1,3,35,245,6.02
2017-09-02 08:00:00,2,20170902082,2017,9,2,8,5,1,3,35,245,6.18
2017-09-02 09:00:00,2,20170902092,2017,9,2,9,5,1,3,35,245,7.41
2017-09-02 10:00:00,2,20170902102,2017,9,2,10,5,1,3,35,245,7.93
2017-09-02 11:00:00,2,20170902112,2017,9,2,11,5,1,3,35,245,8.35
2017-09-02 12:00:00,2,20170902122,2017,9,2,12,5,1,3,35,245,7.8
2017-09-02 13:00:00,2,20170902132,2017,9,2,13,5,1,3,35,245,7.53
2017-09-02 14:00:00,2,20170902142,2017,9,2,14,5,1,3,35,245,8.9
2017-09-02 15:00:00,2,20170902152,2017,9,2,15,5,1,3,35,245,7.36
2017-09-02 16:00:00,2,20170902162,2017,9,2,16,5,1,3,35,245,7.18
2017-09-02 17:00:00,2,20170902172,2017,9,2,17,5,1,3,35,245,8.29
2017-09-02 18:00:00,2,20170902182,2017,9,2,18,5,1,3,35,245,8.84
2017-09-02 19:00:00,2,20170902192,2017,9,2,19,5,1,3,35,245,13.09
2017-09-02 20:00:00,2,20170902202,2017,9,2,20,5,1,3,35,245,11.41
2017-09-02 21:00:00,2,20170902212,2017,9,2,21,5,1,3,35,245,10.12
2017-09-02 22:00:00,2,20170902222,2017,9,2,22,5,1,3,35,245,8.58
2017-09-02 23:00:00,2,20170902232,2017,9,2,23,5,1,3,35,245,9.34
2017-09-03 00:00:00,2,20170903002,2017,9,3,0,6,1,3,35,246,12.03
2017-09-03 01:00:00,2,20170903012,2017,9,3,1,6,1,3,35,246,7.42
2017-09-03 02:00:00,2,20170903022,2017,9,3,2,6,1,3,35,246,7.81
2017-09-03 03:00:00,2,20170903032,2017,9,3,3,6,1,3,35,246,7.17
2017-09-03 04:00:00,2,20170903042,2017,9,3,4,6,1,3,35,246,6.7
2017-09-03 05:00:00,2,20170903052,2017,9,3,5,6,1,3,35,246,6.73
2017-09-03 06:00:00,2,20170903062,2017,9,3,6,6,1,3,35,246,6.32
2017-09-03 07:00:00,2,20170903072,2017,9,3,7,6,1,3,35,246,5.99
2017-09-03 08:00:00,2,20170903082,2017,9,3,8,6,1,3,35,246,6.78
2017-09-03 09:00:00,2,20170903092,2017,9,3,9,6,1,3,35,246,7.05
2017-09-03 10:00:00,2,20170903102,2017,9,3,10,6,1,3,35,246,7.42
2017-09-03 11:00:00,2,20170903112,2017,9,3,11,6,1,3,35,246,7.81
2017-09-03 12:00:00,2,20170903122,2017,9,3,12,6,1,3,35,246,8.02
2017-09-03 13:00:00,2,20170903132,2017,9,3,13,6,1,3,35,246,8.31
2017-09-03 14:00:00,2,20170903142,2017,9,3,14,6,1,3,35,246,8.96
2017-09-03 15:00:00,2,20170903152,2017,9,3,15,6,1,3,35,246,8.53
2017-09-03 16:00:00,2,20170903162,2017,9,3,16,6,1,3,35,246,7.65
2017-09-03 17:00:00,2,20170903172,2017,9,3,17,6,1,3,35,246,9.45
2017-09-03 18:00:00,2,20170903182,2017,9,3,18,6,1,3,35,246,8.22
2017-09-03 19:00:00,2,20170903192,2017,9,3,19,6,1,3,35,246,11.77
2017-09-03 20:00:00,2,20170903202,2017,9,3,20,6,1,3,35,246,10.88
2017-09-03 21:00:00,2,20170903212,2017,9,3,21,6,1,3,35,246,10.38
2017-09-03 22:00:00,2,20170903222,2017,9,3,22,6,1,3,35,246,9.32
2017-09-03 23:00:00,2,20170903232,2017,9,3,23,6,1,3,35,246,9.75
2017-09-04 00:00:00,2,20170904002,2017,9,4,0,0,0,3,36,247,9.14
2017-09-04 01:00:00,2,20170904012,2017,9,4,1,0,0,3,36,247,8.56
2017-09-04 02:00:00,2,20170904022,2017,9,4,2,0,0,3,36,247,8.19
2017-09-04 03:00:00,2,20170904032,2017,9,4,3,0,0,3,36,247,5.82
2017-09-04 04:00:00,2,20170904042,2017,9,4,4,0,0,3,36,247,6.96
2017-09-04 05:00:00,2,20170904052,2017,9,4,5,0,0,3,36,247,6.49
2017-09-04 06:00:00,2,20170904062,2017,9,4,6,0,0,3,36,247,5.67
2017-09-04 07:00:00,2,20170904072,2017,9,4,7,0,0,3,36,247,8.79
2017-09-04 08:00:00,2,20170904082,2017,9,4,8,0,0,3,36,247,8.73
2017-09-04 09:00:00,2,20170904092,2017,9,4,9,0,0,3,36,247,9.18
2017-09-04 10:00:00,2,20170904102,2017,9,4,10,0,0,3,36,247,8.55
2017-09-04 11:00:00,2,20170904112,2017,9,4,11,0,0,3,36,247,11.15
2017-09-04 12:00:00,2,20170904122,2017,9,4,12,0,0,3,36,247,13.71
2017-09-04 13:00:00,2,20170904132,2017,9,4,13,0,0,3,36,247,12.88
2017-09-04 14:00:00,2,20170904142,2017,9,4,14,0,0,3,36,247,11.48
2017-09-04 15:00:00,2,20170904152,2017,9,4,15,0,0,3,36,247,11.71
2017-09-04 16:00:00,2,20170904162,2017,9,4,16,0,0,3,36,247,12.15
2017-09-04 17:00:00,2,20170904172,2017,9,4,17,0,0,3,36,247,12.62
2017-09-04 18:00:00,2,20170904182,2017,9,4,18,0,0,3,36,247,13.62
2017-09-04 19:00:00,2,20170904192,2017,9,4,19,0,0,3,36,247,14.1
2017-09-04 20:00:00,2,20170904202,2017,9,4,20,0,0,3,36,247,14.08
2017-09-04 21:00:00,2,20170904212,2017,9,4,21,0,0,3,36,247,13.46
2017-09-04 22:00:00,2,20170904222,2017,9,4,22,0,0,3,36,247,11.86
2017-09-04 23:00:00,2,20170904232,2017,9,4,23,0,0,3,36,247,11.26
2017-09-05 00:00:00,2,20170905002,2017,9,5,0,1,0,3,36,248,10.75
2017-09-05 01:00:00,2,20170905012,2017,9,5,1,1,0,3,36,248,11.17
2017-09-05 02:00:00,2,20170905022,2017,9,5,2,1,0,3,36,248,8.85
2017-09-05 03:00:00,2,20170905032,2017,9,5,3,1,0,3,36,248,7.6
2017-09-05 04:00:00,2,20170905042,2017,9,5,4,1,0,3,36,248,6.81
2017-09-05 05:00:00,2,20170905052,2017,9,5,5,1,0,3,36,248,6.26
2017-09-05 06:00:00,2,20170905062,2017,9,5,6,1,0,3,36,248,6.86
2017-09-05 07:00:00,2,20170905072,2017,9,5,7,1,0,3,36,248,9.28
2017-09-05 08:00:00,2,20170905082,2017,9,5,8,1,0,3,36,248,9.42
2017-09-05 09:00:00,2,20170905092,2017,9,5,9,1,0,3,36,248,10.23
2017-09-05 10:00:00,2,20170905102,2017,9,5,10,1,0,3,36,248,8.6
2017-09-05 11:00:00,2,20170905112,2017,9,5,11,1,0,3,36,248,11.23
2017-09-05 12:00:00,2,20170905122,2017,9,5,12,1,0,3,36,248,14.08
2017-09-05 13:00:00,2,20170905132,2017,9,5,13,1,0,3,36,248,13.78
2017-09-05 14:00:00,2,20170905142,2017,9,5,14,1,0,3,36,248,11.27
2017-09-05 15:00:00,2,20170905152,2017,9,5,15,1,0,3,36,248,11.89
2017-09-05 16:00:00,2,20170905162,2017,9,5,16,1,0,3,36,248,12.25
2017-09-05 17:00:00,2,20170905172,2017,9,5,17,1,0,3,36,248,13.2
2017-09-05 18:00:00,2,20170905182,2017,9,5,18,1,0,3,36,248,14.53
2017-09-05 19:00:00,2,20170905192,2017,9,5,19,1,0,3,36,248,14.6
2017-09-05 20:00:00,2,20170905202,2017,9,5,20,1,0,3,36,248,14.15
2017-09-05 21:00:00,2,20170905212,2017,9,5,21,1,0,3,36,248,14.3
2017-09-05 22:00:00,2,20170905222,2017,9,5,22,1,0,3,36,248,11.65
2017-09-05 23:00:00,2,20170905232,2017,9,5,23,1,0,3,36,248,11.47
2017-09-06 00:00:00,2,20170906002,2017,9,6,0,2,0,3,36,249,12.04
2017-09-06 01:00:00,2,20170906012,2017,9,6,1,2,0,3,36,249,12.07
2017-09-06 02:00:00,2,20170906022,2017,9,6,2,2,0,3,36,249,11.02
2017-09-06 03:00:00,2,20170906032,2017,9,6,3,2,0,3,36,249,8.79
2017-09-06 04:00:00,2,20170906042,2017,9,6,4,2,0,3,36,249,6.72
2017-09-06 05:00:00,2,20170906052,2017,9,6,5,2,0,3,36,249,6.85
2017-09-06 06:00:00,2,20170906062,2017,9,6,6,2,0,3,36,249,7.33
2017-09-06 07:00:00,2,20170906072,2017,9,6,7,2,0,3,36,249,10.19
2017-09-06 08:00:00,2,20170906082,2017,9,6,8,2,0,3,36,249,10.23
2017-09-06 09:00:00,2,20170906092,2017,9,6,9,2,0,3,36,249,10.46
2017-09-06 10:00:00,2,20170906102,2017,9,6,10,2,0,3,36,249,9.65
2017-09-06 11:00:00,2,20170906112,2017,9,6,11,2,0,3,36,249,11.88
2017-09-06 12:00:00,2,20170906122,2017,9,6,12,2,0,3,36,249,14.72
2017-09-06 13:00:00,2,20170906132,2017,9,6,13,2,0,3,36,249,15.04
2017-09-06 14:00:00,2,20170906142,2017,9,6,14,2,0,3,36,249,15.39
2017-09-06 15:00:00,2,20170906152,2017,9,6,15,2,0,3,36,249,16.3
2017-09-06 16:00:00,2,20170906162,2017,9,6,16,2,0,3,36,249,16.07
2017-09-06 17:00:00,2,20170906172,2017,9,6,17,2,0,3,36,249,15.79
2017-09-06 18:00:00,2,20170906182,2017,9,6,18,2,0,3,36,249,16.73
2017-09-06 19:00:00,2,20170906192,2017,9,6,19,2,0,3,36,249,16.68
2017-09-06 20:00:00,2,20170906202,2017,9,6,20,2,0,3,36,249,17.07
2017-09-06 21:00:00,2,20170906212,2017,9,6,21,2,0,3,36,249,17.39
2017-09-06 22:00:00,2,20170906222,2017,9,6,22,2,0,3,36,249,13.35
2017-09-06 23:00:00,2,20170906232,2017,9,6,23,2,0,3,36,249,13.22
2017-09-07 00:00:00,2,20170907002,2017,9,7,0,3,0,3,36,250,13.47
2017-09-07 01:00:00,2,20170907012,2017,9,7,1,3,0,3,36,250,12.54
2017-09-07 02:00:00,2,20170907022,2017,9,7,2,3,0,3,36,250,11.37
2017-09-07 03:00:00,2,20170907032,2017,9,7,3,3,0,3,36,250,9.48
2017-09-07 04:00:00,2,20170907042,2017,9,7,4,3,0,3,36,250,6.86
2017-09-07 05:00:00,2,20170907052,2017,9,7,5,3,0,3,36,250,7.56
2017-09-07 06:00:00,2,20170907062,2017,9,7,6,3,0,3,36,250,7.16
2017-09-07 07:00:00,2,20170907072,2017,9,7,7,3,0,3,36,250,10.5
2017-09-07 08:00:00,2,20170907082,2017,9,7,8,3,0,3,36,250,11.17
2017-09-07 09:00:00,2,20170907092,2017,9,7,9,3,0,3,36,250,10.67
2017-09-07 10:00:00,2,20170907102,2017,9,7,10,3,0,3,36,250,11.86
2017-09-07 11:00:00,2,20170907112,2017,9,7,11,3,0,3,36,250,13.42
2017-09-07 12:00:00,2,20170907122,2017,9,7,12,3,0,3,36,250,14.99
2017-09-07 13:00:00,2,20170907132,2017,9,7,13,3,0,3,36,250,15.85
2017-09-07 14:00:00,2,20170907142,2017,9,7,14,3,0,3,36,250,15.37
2017-09-07 15:00:00,2,20170907152,2017,9,7,15,3,0,3,36,250,15.94
2017-09-07 16:00:00,2,20170907162,2017,9,7,16,3,0,3,36,250,16.0
2017-09-07 17:00:00,2,20170907172,2017,9,7,17,3,0,3,36,250,15.63
2017-09-07 18:00:00,2,20170907182,2017,9,7,18,3,0,3,36,250,16.17
2017-09-07 19:00:00,2,20170907192,2017,9,7,19,3,0,3,36,250,16.32
2017-09-07 20:00:00,2,20170907202,2017,9,7,20,3,0,3,36,250,16.52
2017-09-07 21:00:00,2,20170907212,2017,9,7,21,3,0,3,36,250,17.35
2017-09-07 22:00:00,2,20170907222,2017,9,7,22,3,0,3,36,250,16.01
2017-09-07 23:00:00,2,20170907232,2017,9,7,23,3,0,3,36,250,16.22
2017-09-08 00:00:00,2,20170908002,2017,9,8,0,4,0,3,36,251,14.98
2017-09-08 01:00:00,2,20170908012,2017,9,8,1,4,0,3,36,251,13.38
2017-09-08 02:00:00,2,20170908022,2017,9,8,2,4,0,3,36,251,12.93
2017-09-08 03:00:00,2,20170908032,2017,9,8,3,4,0,3,36,251,8.93
2017-09-08 04:00:00,2,20170908042,2017,9,8,4,4,0,3,36,251,7.96
2017-09-08 05:00:00,2,20170908052,2017,9,8,5,4,0,3,36,251,8.56
2017-09-08 06:00:00,2,20170908062,2017,9,8,6,4,0,3,36,251,7.21
2017-09-08 07:00:00,2,20170908072,2017,9,8,7,4,0,3,36,251,10.49
2017-09-08 08:00:00,2,20170908082,2017,9,8,8,4,0,3,36,251,11.2
2017-09-08 09:00:00,2,20170908092,2017,9,8,9,4,0,3,36,251,11.37
2017-09-08 10:00:00,2,20170908102,2017,9,8,10,4,0,3,36,251,12.25
2017-09-08 11:00:00,2,20170908112,2017,9,8,11,4,0,3,36,251,15.25
2017-09-08 12:00:00,2,20170908122,2017,9,8,12,4,0,3,36,251,15.82
2017-09-08 13:00:00,2,20170908132,2017,9,8,13,4,0,3,36,251,15.83
2017-09-08 14:00:00,2,20170908142,2017,9,8,14,4,0,3,36,251,15.67
2017-09-08 15:00:00,2,20170908152,2017,9,8,15,4,0,3,36,251,14.74
2017-09-08 16:00:00,2,20170908162,2017,9,8,16,4,0,3,36,251,14.15
2017-09-08 17:00:00,2,20170908172,2017,9,8,17,4,0,3,36,251,14.64
2017-09-08 18:00:00,2,20170908182,2017,9,8,18,4,0,3,36,251,16.62
2017-09-08 19:00:00,2,20170908192,2017,9,8,19,4,0,3,36,251,16.24
2017-09-08 20:00:00,2,20170908202,2017,9,8,20,4,0,3,36,251,14.6
2017-09-08 21:00:00,2,20170908212,2017,9,8,21,4,0,3,36,251,13.7
2017-09-08 22:00:00,2,20170908222,2017,9,8,22,4,0,3,36,251,15.15
2017-09-08 23:00:00,2,20170908232,2017,9,8,23,4,0,3,36,251,13.99
2017-09-09 00:00:00,2,20170909002,2017,9,9,0,5,1,3,36,252,14.37
2017-09-09 01:00:00,2,20170909012,2017,9,9,1,5,1,3,36,252,10.23
2017-09-09 02:00:00,2,20170909022,2017,9,9,2,5,1,3,36,252,11.96
2017-09-09 03:00:00,2,20170909032,2017,9,9,3,5,1,3,36,252,7.36
2017-09-09 04:00:00,2,20170909042,2017,9,9,4,5,1,3,36,252,7.88
2017-09-09 05:00:00,2,20170909052,2017,9,9,5,5,1,3,36,252,7.84
2017-09-09 06:00:00,2,20170909062,2017,9,9,6,5,1,3,36,252,5.98
2017-09-09 07:00:00,2,20170909072,2017,9,9,7,5,1,3,36,252,5.94
2017-09-09 08:00:00,2,20170909082,2017,9,9,8,5,1,3,36,252,6.92
2017-09-09 09:00:00,2,20170909092,2017,9,9,9,5,1,3,36,252,6.42
2017-09-09 10:00:00,2,20170909102,2017,9,9,10,5,1,3,36,252,10.02
2017-09-09 11:00:00,2,20170909112,2017,9,9,11,5,1,3,36,252,9.75
2017-09-09 12:00:00,2,20170909122,2017,9,9,12,5,1,3,36,252,9.76
2017-09-09 13:00:00,2,20170909132,2017,9,9,13,5,1,3,36,252,8.73
2017-09-09 14:00:00,2,20170909142,2017,9,9,14,5,1,3,36,252,8.76
2017-09-09 15:00:00,2,20170909152,2017,9,9,15,5,1,3,36,252,9.29
2017-09-09 16:00:00,2,20170909162,2017,9,9,16,5,1,3,36,252,11.01
2017-09-09 17:00:00,2,20170909172,2017,9,9,17,5,1,3,36,252,10.69
2017-09-09 18:00:00,2,20170909182,2017,9,9,18,5,1,3,36,252,9.73
2017-09-09 19:00:00,2,20170909192,2017,9,9,19,5,1,3,36,252,11.89
2017-09-09 20:00:00,2,20170909202,2017,9,9,20,5,1,3,36,252,8.44
2017-09-09 21:00:00,2,20170909212,2017,9,9,21,5,1,3,36,252,10.09
2017-09-09 22:00:00,2,20170909222,2017,9,9,22,5,1,3,36,252,12.94
2017-09-09 23:00:00,2,20170909232,2017,9,9,23,5,1,3,36,252,10.55
2017-09-10 00:00:00,2,20170910002,2017,9,10,0,6,1,3,36,253,12.06
2017-09-10 01:00:00,2,20170910012,2017,9,10,1,6,1,3,36,253,8.42
2017-09-10 02:00:00,2,20170910022,2017,9,10,2,6,1,3,36,253,7.74
2017-09-10 03:00:00,2,20170910032,2017,9,10,3,6,1,3,36,253,7.52
2017-09-10 04:00:00,2,20170910042,2017,9,10,4,6,1,3,36,253,6.41
2017-09-10 05:00:00,2,20170910052,2017,9,10,5,6,1,3,36,253,6.36
2017-09-10 06:00:00,2,20170910062,2017,9,10,6,6,1,3,36,253,6.5
2017-09-10 07:00:00,2,20170910072,2017,9,10,7,6,1,3,36,253,6.47
2017-09-10 08:00:00,2,20170910082,2017,9,10,8,6,1,3,36,253,7.5
2017-09-10 09:00:00,2,20170910092,2017,9,10,9,6,1,3,36,253,7.73
2017-09-10 10:00:00,2,20170910102,2017,9,10,10,6,1,3,36,253,7.45
2017-09-10 11:00:00,2,20170910112,2017,9,10,11,6,1,3,36,253,8.54
2017-09-10 12:00:00,2,20170910122,2017,9,10,12,6,1,3,36,253,9.05
2017-09-10 13:00:00,2,20170910132,2017,9,10,13,6,1,3,36,253,8.42
2017-09-10 14:00:00,2,20170910142,2017,9,10,14,6,1,3,36,253,8.4
2017-09-10 15:00:00,2,20170910152,2017,9,10,15,6,1,3,36,253,9.25
2017-09-10 16:00:00,2,20170910162,2017,9,10,16,6,1,3,36,253,10.1
2017-09-10 17:00:00,2,20170910172,2017,9,10,17,6,1,3,36,253,10.44
2017-09-10 18:00:00,2,20170910182,2017,9,10,18,6,1,3,36,253,8.64
2017-09-10 19:00:00,2,20170910192,2017,9,10,19,6,1,3,36,253,11.21
2017-09-10 20:00:00,2,20170910202,2017,9,10,20,6,1,3,36,253,9.34
2017-09-10 21:00:00,2,20170910212,2017,9,10,21,6,1,3,36,253,10.46
2017-09-10 22:00:00,2,20170910222,2017,9,10,22,6,1,3,36,253,13.55
2017-09-10 23:00:00,2,20170910232,2017,9,10,23,6,1,3,36,253,11.37
2017-09-11 00:00:00,2,20170911002,2017,9,11,0,0,0,3,37,254,10.84
2017-09-11 01:00:00,2,20170911012,2017,9,11,1,0,0,3,37,254,11.06
2017-09-11 02:00:00,2,20170911022,2017,9,11,2,0,0,3,37,254,9.75
2017-09-11 03:00:00,2,20170911032,2017,9,11,3,0,0,3,37,254,7.46
2017-09-11 04:00:00,2,20170911042,2017,9,11,4,0,0,3,37,254,6.88
2017-09-11 05:00:00,2,20170911052,2017,9,11,5,0,0,3,37,254,7.64
2017-09-11 06:00:00,2,20170911062,2017,9,11,6,0,0,3,37,254,9.84
2017-09-11 07:00:00,2,20170911072,2017,9,11,7,0,0,3,37,254,10.17
2017-09-11 08:00:00,2,20170911082,2017,9,11,8,0,0,3,37,254,10.59
2017-09-11 09:00:00,2,20170911092,2017,9,11,9,0,0,3,37,254,9.75
2017-09-11 10:00:00,2,20170911102,2017,9,11,10,0,0,3,37,254,12.88
2017-09-11 11:00:00,2,20170911112,2017,9,11,11,0,0,3,37,254,15.12
2017-09-11 12:00:00,2,20170911122,2017,9,11,12,0,0,3,37,254,15.29
2017-09-11 13:00:00,2,20170911132,2017,9,11,13,0,0,3,37,254,16.14
2017-09-11 14:00:00,2,20170911142,2017,9,11,14,0,0,3,37,254,15.07
2017-09-11 15:00:00,2,20170911152,2017,9,11,15,0,0,3,37,254,15.13
2017-09-11 16:00:00,2,20170911162,2017,9,11,16,0,0,3,37,254,17.81
2017-09-11 17:00:00,2,20170911172,2017,9,11,17,0,0,3,37,254,16.4
2017-09-11 18:00:00,2,20170911182,2017,9,11,18,0,0,3,37,254,16.12
2017-09-11 19:00:00,2,20170911192,2017,9,11,19,0,0,3,37,254,17.85
2017-09-11 20:00:00,2,20170911202,2017,9,11,20,0,0,3,37,254,19.4
2017-09-11 21:00:00,2,20170911212,2017,9,11,21,0,0,3,37,254,19.06
2017-09-11 22:00:00,2,20170911222,2017,9,11,22,0,0,3,37,254,17.18
2017-09-11 23:00:00,2,20170911232,2017,9,11,23,0,0,3,37,254,16.3
2017-09-12 00:00:00,2,20170912002,2017,9,12,0,1,0,3,37,255,14.5
2017-09-12 01:00:00,2,20170912012,2017,9,12,1,1,0,3,37,255,14.55
2017-09-12 02:00:00,2,20170912022,2017,9,12,2,1,0,3,37,255,13.34
2017-09-12 03:00:00,2,20170912032,2017,9,12,3,1,0,3,37,255,9.46
2017-09-12 04:00:00,2,20170912042,2017,9,12,4,1,0,3,37,255,8.91
2017-09-12 05:00:00,2,20170912052,2017,9,12,5,1,0,3,37,255,9.44
2017-09-12 06:00:00,2,20170912062,2017,9,12,6,1,0,3,37,255,10.24
2017-09-12 07:00:00,2,20170912072,2017,9,12,7,1,0,3,37,255,10.19
2017-09-12 08:00:00,2,20170912082,2017,9,12,8,1,0,3,37,255,10.2
2017-09-12 09:00:00,2,20170912092,2017,9,12,9,1,0,3,37,255,10.0
2017-09-12 10:00:00,2,20170912102,2017,9,12,10,1,0,3,37,255,12.52
2017-09-12 11:00:00,2,20170912112,2017,9,12,11,1,0,3,37,255,15.21
2017-09-12 12:00:00,2,20170912122,2017,9,12,12,1,0,3,37,255,16.41
2017-09-12 13:00:00,2,20170912132,2017,9,12,13,1,0,3,37,255,16.91
2017-09-12 14:00:00,2,20170912142,2017,9,12,14,1,0,3,37,255,16.7
2017-09-12 15:00:00,2,20170912152,2017,9,12,15,1,0,3,37,255,15.86
2017-09-12 16:00:00,2,20170912162,2017,9,12,16,1,0,3,37,255,17.69
2017-09-12 17:00:00,2,20170912172,2017,9,12,17,1,0,3,37,255,16.5
2017-09-12 18:00:00,2,20170912182,2017,9,12,18,1,0,3,37,255,17.52
2017-09-12 19:00:00,2,20170912192,2017,9,12,19,1,0,3,37,255,18.62
2017-09-12 20:00:00,2,20170912202,2017,9,12,20,1,0,3,37,255,19.12
2017-09-12 21:00:00,2,20170912212,2017,9,12,21,1,0,3,37,255,18.41
2017-09-12 22:00:00,2,20170912222,2017,9,12,22,1,0,3,37,255,16.58
2017-09-12 23:00:00,2,20170912232,2017,9,12,23,1,0,3,37,255,15.78
2017-09-13 00:00:00,2,20170913002,2017,9,13,0,2,0,3,37,256,15.06
2017-09-13 01:00:00,2,20170913012,2017,9,13,1,2,0,3,37,256,13.8
2017-09-13 02:00:00,2,20170913022,2017,9,13,2,2,0,3,37,256,13.37
2017-09-13 03:00:00,2,20170913032,2017,9,13,3,2,0,3,37,256,10.09
2017-09-13 04:00:00,2,20170913042,2017,9,13,4,2,0,3,37,256,8.83
2017-09-13 05:00:00,2,20170913052,2017,9,13,5,2,0,3,37,256,9.71
2017-09-13 06:00:00,2,20170913062,2017,9,13,6,2,0,3,37,256,9.8
2017-09-13 07:00:00,2,20170913072,2017,9,13,7,2,0,3,37,256,10.0
2017-09-13 08:00:00,2,20170913082,2017,9,13,8,2,0,3,37,256,10.06
2017-09-13 09:00:00,2,20170913092,2017,9,13,9,2,0,3,37,256,9.94
2017-09-13 10:00:00,2,20170913102,2017,9,13,10,2,0,3,37,256,11.85
2017-09-13 11:00:00,2,20170913112,2017,9,13,11,2,0,3,37,256,14.22
2017-09-13 12:00:00,2,20170913122,2017,9,13,12,2,0,3,37,256,17.19
2017-09-13 13:00:00,2,20170913132,2017,9,13,13,2,0,3,37,256,16.46
2017-09-13 14:00:00,2,20170913142,2017,9,13,14,2,0,3,37,256,17.09
2017-09-13 15:00:00,2,20170913152,2017,9,13,15,2,0,3,37,256,16.67
2017-09-13 16:00:00,2,20170913162,2017,9,13,16,2,0,3,37,256,17.24
2017-09-13 17:00:00,2,20170913172,2017,9,13,17,2,0,3,37,256,17.25
2017-09-13 18:00:00,2,20170913182,2017,9,13,18,2,0,3,37,256,17.39
2017-09-13 19:00:00,2,20170913192,2017,9,13,19,2,0,3,37,256,18.71
2017-09-13 20:00:00,2,20170913202,2017,9,13,20,2,0,3,37,256,18.22
2017-09-13 21:00:00,2,20170913212,2017,9,13,21,2,0,3,37,256,17.39
2017-09-13 22:00:00,2,20170913222,2017,9,13,22,2,0,3,37,256,16.36
2017-09-13 23:00:00,2,20170913232,2017,9,13,23,2,0,3,37,256,16.18
2017-09-14 00:00:00,2,20170914002,2017,9,14,0,3,0,3,37,257,15.24
2017-09-14 01:00:00,2,20170914012,2017,9,14,1,3,0,3,37,257,13.7
2017-09-14 02:00:00,2,20170914022,2017,9,14,2,3,0,3,37,257,13.26
2017-09-14 03:00:00,2,20170914032,2017,9,14,3,3,0,3,37,257,10.05
2017-09-14 04:00:00,2,20170914042,2017,9,14,4,3,0,3,37,257,8.65
2017-09-14 05:00:00,2,20170914052,2017,9,14,5,3,0,3,37,257,8.72
2017-09-14 06:00:00,2,20170914062,2017,9,14,6,3,0,3,37,257,8.02
2017-09-14 07:00:00,2,20170914072,2017,9,14,7,3,0,3,37,257,9.8
2017-09-14 08:00:00,2,20170914082,2017,9,14,8,3,0,3,37,257,9.67
2017-09-14 09:00:00,2,20170914092,2017,9,14,9,3,0,3,37,257,9.35
2017-09-14 10:00:00,2,20170914102,2017,9,14,10,3,0,3,37,257,11.95
2017-09-14 11:00:00,2,20170914112,2017,9,14,11,3,0,3,37,257,14.28
2017-09-14 12:00:00,2,20170914122,2017,9,14,12,3,0,3,37,257,17.28
2017-09-14 13:00:00,2,20170914132,2017,9,14,13,3,0,3,37,257,15.93
2017-09-14 14:00:00,2,20170914142,2017,9,14,14,3,0,3,37,257,16.74
2017-09-14 15:00:00,2,20170914152,2017,9,14,15,3,0,3,37,257,17.04
2017-09-14 16:00:00,2,20170914162,2017,9,14,16,3,0,3,37,257,16.48
2017-09-14 17:00:00,2,20170914172,2017,9,14,17,3,0,3,37,257,17.26
2017-09-14 18:00:00,2,20170914182,2017,9,14,18,3,0,3,37,257,17.33
2017-09-14 19:00:00,2,20170914192,2017,9,14,19,3,0,3,37,257,18.85
2017-09-14 20:00:00,2,20170914202,2017,9,14,20,3,0,3,37,257,17.56
2017-09-14 21:00:00,2,20170914212,2017,9,14,21,3,0,3,37,257,16.15
2017-09-14 22:00:00,2,20170914222,2017,9,14,22,3,0,3,37,257,15.17
2017-09-14 23:00:00,2,20170914232,2017,9,14,23,3,0,3,37,257,16.25
2017-09-15 00:00:00,2,20170915002,2017,9,15,0,4,0,3,37,258,15.33
2017-09-15 01:00:00,2,20170915012,2017,9,15,1,4,0,3,37,258,14.62
2017-09-15 02:00:00,2,20170915022,2017,9,15,2,4,0,3,37,258,13.17
2017-09-15 03:00:00,2,20170915032,2017,9,15,3,4,0,3,37,258,10.11
2017-09-15 04:00:00,2,20170915042,2017,9,15,4,4,0,3,37,258,8.75
2017-09-15 05:00:00,2,20170915052,2017,9,15,5,4,0,3,37,258,7.63
2017-09-15 06:00:00,2,20170915062,2017,9,15,6,4,0,3,37,258,7.02
2017-09-15 07:00:00,2,20170915072,2017,9,15,7,4,0,3,37,258,10.08
2017-09-15 08:00:00,2,20170915082,2017,9,15,8,4,0,3,37,258,10.1
2017-09-15 09:00:00,2,20170915092,2017,9,15,9,4,0,3,37,258,9.56
2017-09-15 10:00:00,2,20170915102,2017,9,15,10,4,0,3,37,258,12.06
2017-09-15 11:00:00,2,20170915112,2017,9,15,11,4,0,3,37,258,14.37
2017-09-15 12:00:00,2,20170915122,2017,9,15,12,4,0,3,37,258,13.93
2017-09-15 13:00:00,2,20170915132,2017,9,15,13,4,0,3,37,258,14.49
2017-09-15 14:00:00,2,20170915142,2017,9,15,14,4,0,3,37,258,15.35
2017-09-15 15:00:00,2,20170915152,2017,9,15,15,4,0,3,37,258,15.75
2017-09-15 16:00:00,2,20170915162,2017,9,15,16,4,0,3,37,258,13.45
2017-09-15 17:00:00,2,20170915172,2017,9,15,17,4,0,3,37,258,16.0
2017-09-15 18:00:00,2,20170915182,2017,9,15,18,4,0,3,37,258,15.17
2017-09-15 19:00:00,2,20170915192,2017,9,15,19,4,0,3,37,258,15.86
2017-09-15 20:00:00,2,20170915202,2017,9,15,20,4,0,3,37,258,14.78
2017-09-15 21:00:00,2,20170915212,2017,9,15,21,4,0,3,37,258,13.16
2017-09-15 22:00:00,2,20170915222,2017,9,15,22,4,0,3,37,258,12.19
2017-09-15 23:00:00,2,20170915232,2017,9,15,23,4,0,3,37,258,12.75
2017-09-16 00:00:00,2,20170916002,2017,9,16,0,5,1,3,37,259,13.71
2017-09-16 01:00:00,2,20170916012,2017,9,16,1,5,1,3,37,259,10.64
2017-09-16 02:00:00,2,20170916022,2017,9,16,2,5,1,3,37,259,11.64
2017-09-16 03:00:00,2,20170916032,2017,9,16,3,5,1,3,37,259,7.7
2017-09-16 04:00:00,2,20170916042,2017,9,16,4,5,1,3,37,259,7.43
2017-09-16 05:00:00,2,20170916052,2017,9,16,5,5,1,3,37,259,5.46
2017-09-16 06:00:00,2,20170916062,2017,9,16,6,5,1,3,37,259,7.64
2017-09-16 07:00:00,2,20170916072,2017,9,16,7,5,1,3,37,259,6.54
2017-09-16 08:00:00,2,20170916082,2017,9,16,8,5,1,3,37,259,8.28
2017-09-16 09:00:00,2,20170916092,2017,9,16,9,5,1,3,37,259,6.97
2017-09-16 10:00:00,2,20170916102,2017,9,16,10,5,1,3,37,259,7.86
2017-09-16 11:00:00,2,20170916112,2017,9,16,11,5,1,3,37,259,8.79
2017-09-16 12:00:00,2,20170916122,2017,9,16,12,5,1,3,37,259,9.2
2017-09-16 13:00:00,2,20170916132,2017,9,16,13,5,1,3,37,259,9.15
2017-09-16 14:00:00,2,20170916142,2017,9,16,14,5,1,3,37,259,8.0
2017-09-16 15:00:00,2,20170916152,2017,9,16,15,5,1,3,37,259,9.39
2017-09-16 16:00:00,2,20170916162,2017,9,16,16,5,1,3,37,259,8.56
2017-09-16 17:00:00,2,20170916172,2017,9,16,17,5,1,3,37,259,9.39
2017-09-16 18:00:00,2,20170916182,2017,9,16,18,5,1,3,37,259,7.81
2017-09-16 19:00:00,2,20170916192,2017,9,16,19,5,1,3,37,259,9.94
2017-09-16 20:00:00,2,20170916202,2017,9,16,20,5,1,3,37,259,8.02
2017-09-16 21:00:00,2,20170916212,2017,9,16,21,5,1,3,37,259,10.34
2017-09-16 22:00:00,2,20170916222,2017,9,16,22,5,1,3,37,259,12.14
2017-09-16 23:00:00,2,20170916232,2017,9,16,23,5,1,3,37,259,11.01
2017-09-17 00:00:00,2,20170917002,2017,9,17,0,6,1,3,37,260,11.74
2017-09-17 01:00:00,2,20170917012,2017,9,17,1,6,1,3,37,260,8.39
2017-09-17 02:00:00,2,20170917022,2017,9,17,2,6,1,3,37,260,9.65
2017-09-17 03:00:00,2,20170917032,2017,9,17,3,6,1,3,37,260,8.13
2017-09-17 04:00:00,2,20170917042,2017,9,17,4,6,1,3,37,260,6.71
2017-09-17 05:00:00,2,20170917052,2017,9,17,5,6,1,3,37,260,5.84
2017-09-17 06:00:00,2,20170917062,2017,9,17,6,6,1,3,37,260,6.81
2017-09-17 07:00:00,2,20170917072,2017,9,17,7,6,1,3,37,260,6.99
2017-09-17 08:00:00,2,20170917082,2017,9,17,8,6,1,3,37,260,8.81
2017-09-17 09:00:00,2,20170917092,2017,9,17,9,6,1,3,37,260,7.93
2017-09-17 10:00:00,2,20170917102,2017,9,17,10,6,1,3,37,260,8.28
2017-09-17 11:00:00,2,20170917112,2017,9,17,11,6,1,3,37,260,9.21
2017-09-17 12:00:00,2,20170917122,2017,9,17,12,6,1,3,37,260,9.42
2017-09-17 13:00:00,2,20170917132,2017,9,17,13,6,1,3,37,260,9.1
2017-09-17 14:00:00,2,20170917142,2017,9,17,14,6,1,3,37,260,8.88
2017-09-17 15:00:00,2,20170917152,2017,9,17,15,6,1,3,37,260,10.14
2017-09-17 16:00:00,2,20170917162,2017,9,17,16,6,1,3,37,260,9.54
2017-09-17 17:00:00,2,20170917172,2017,9,17,17,6,1,3,37,260,9.05
2017-09-17 18:00:00,2,20170917182,2017,9,17,18,6,1,3,37,260,8.86
2017-09-17 19:00:00,2,20170917192,2017,9,17,19,6,1,3,37,260,10.26
2017-09-17 20:00:00,2,20170917202,2017,9,17,20,6,1,3,37,260,9.79
2017-09-17 21:00:00,2,20170917212,2017,9,17,21,6,1,3,37,260,10.36
2017-09-17 22:00:00,2,20170917222,2017,9,17,22,6,1,3,37,260,12.87
2017-09-17 23:00:00,2,20170917232,2017,9,17,23,6,1,3,37,260,12.06
2017-09-18 00:00:00,2,20170918002,2017,9,18,0,0,0,3,38,261,11.61
2017-09-18 01:00:00,2,20170918012,2017,9,18,1,0,0,3,38,261,11.32
2017-09-18 02:00:00,2,20170918022,2017,9,18,2,0,0,3,38,261,9.22
2017-09-18 03:00:00,2,20170918032,2017,9,18,3,0,0,3,38,261,7.72
2017-09-18 04:00:00,2,20170918042,2017,9,18,4,0,0,3,38,261,7.47
2017-09-18 05:00:00,2,20170918052,2017,9,18,5,0,0,3,38,261,8.18
2017-09-18 06:00:00,2,20170918062,2017,9,18,6,0,0,3,38,261,8.96
2017-09-18 07:00:00,2,20170918072,2017,9,18,7,0,0,3,38,261,9.36
2017-09-18 08:00:00,2,20170918082,2017,9,18,8,0,0,3,38,261,9.94
2017-09-18 09:00:00,2,20170918092,2017,9,18,9,0,0,3,38,261,9.78
2017-09-18 10:00:00,2,20170918102,2017,9,18,10,0,0,3,38,261,13.05
2017-09-18 11:00:00,2,20170918112,2017,9,18,11,0,0,3,38,261,14.1
2017-09-18 12:00:00,2,20170918122,2017,9,18,12,0,0,3,38,261,17.5
2017-09-18 13:00:00,2,20170918132,2017,9,18,13,0,0,3,38,261,17.11
2017-09-18 14:00:00,2,20170918142,2017,9,18,14,0,0,3,38,261,16.61
2017-09-18 15:00:00,2,20170918152,2017,9,18,15,0,0,3,38,261,16.43
2017-09-18 16:00:00,2,20170918162,2017,9,18,16,0,0,3,38,261,17.27
2017-09-18 17:00:00,2,20170918172,2017,9,18,17,0,0,3,38,261,16.69
2017-09-18 18:00:00,2,20170918182,2017,9,18,18,0,0,3,38,261,16.32
2017-09-18 19:00:00,2,20170918192,2017,9,18,19,0,0,3,38,261,17.38
2017-09-18 20:00:00,2,20170918202,2017,9,18,20,0,0,3,38,261,17.81
2017-09-18 21:00:00,2,20170918212,2017,9,18,21,0,0,3,38,261,17.09
2017-09-18 22:00:00,2,20170918222,2017,9,18,22,0,0,3,38,261,17.35
2017-09-18 23:00:00,2,20170918232,2017,9,18,23,0,0,3,38,261,17.7
2017-09-19 00:00:00,2,20170919002,2017,9,19,0,1,0,3,38,262,15.38
2017-09-19 01:00:00,2,20170919012,2017,9,19,1,1,0,3,38,262,13.38
2017-09-19 02:00:00,2,20170919022,2017,9,19,2,1,0,3,38,262,12.54
2017-09-19 03:00:00,2,20170919032,2017,9,19,3,1,0,3,38,262,10.71
2017-09-19 04:00:00,2,20170919042,2017,9,19,4,1,0,3,38,262,9.33
2017-09-19 05:00:00,2,20170919052,2017,9,19,5,1,0,3,38,262,8.27
2017-09-19 06:00:00,2,20170919062,2017,9,19,6,1,0,3,38,262,8.54
2017-09-19 07:00:00,2,20170919072,2017,9,19,7,1,0,3,38,262,9.78
2017-09-19 08:00:00,2,20170919082,2017,9,19,8,1,0,3,38,262,10.02
2017-09-19 09:00:00,2,20170919092,2017,9,19,9,1,0,3,38,262,9.89
2017-09-19 10:00:00,2,20170919102,2017,9,19,10,1,0,3,38,262,12.61
2017-09-19 11:00:00,2,20170919112,2017,9,19,11,1,0,3,38,262,14.12
2017-09-19 12:00:00,2,20170919122,2017,9,19,12,1,0,3,38,262,17.22
2017-09-19 13:00:00,2,20170919132,2017,9,19,13,1,0,3,38,262,17.42
2017-09-19 14:00:00,2,20170919142,2017,9,19,14,1,0,3,38,262,17.16
2017-09-19 15:00:00,2,20170919152,2017,9,19,15,1,0,3,38,262,17.15
2017-09-19 16:00:00,2,20170919162,2017,9,19,16,1,0,3,38,262,17.98
2017-09-19 17:00:00,2,20170919172,2017,9,19,17,1,0,3,38,262,18.0
2017-09-19 18:00:00,2,20170919182,2017,9,19,18,1,0,3,38,262,17.82
2017-09-19 19:00:00,2,20170919192,2017,9,19,19,1,0,3,38,262,18.17
2017-09-19 20:00:00,2,20170919202,2017,9,19,20,1,0,3,38,262,18.52
2017-09-19 21:00:00,2,20170919212,2017,9,19,21,1,0,3,38,262,17.77
2017-09-19 22:00:00,2,20170919222,2017,9,19,22,1,0,3,38,262,18.26
2017-09-19 23:00:00,2,20170919232,2017,9,19,23,1,0,3,38,262,18.32
2017-09-20 00:00:00,2,20170920002,2017,9,20,0,2,0,3,38,263,15.5
2017-09-20 01:00:00,2,20170920012,2017,9,20,1,2,0,3,38,263,13.05
2017-09-20 02:00:00,2,20170920022,2017,9,20,2,2,0,3,38,263,12.12
2017-09-20 03:00:00,2,20170920032,2017,9,20,3,2,0,3,38,263,10.75
2017-09-20 04:00:00,2,20170920042,2017,9,20,4,2,0,3,38,263,9.31
2017-09-20 05:00:00,2,20170920052,2017,9,20,5,2,0,3,38,263,8.01
2017-09-20 06:00:00,2,20170920062,2017,9,20,6,2,0,3,38,263,8.18
2017-09-20 07:00:00,2,20170920072,2017,9,20,7,2,0,3,38,263,9.75
2017-09-20 08:00:00,2,20170920082,2017,9,20,8,2,0,3,38,263,10.19
2017-09-20 09:00:00,2,20170920092,2017,9,20,9,2,0,3,38,263,10.01
2017-09-20 10:00:00,2,20170920102,2017,9,20,10,2,0,3,38,263,12.82
2017-09-20 11:00:00,2,20170920112,2017,9,20,11,2,0,3,38,263,15.95
2017-09-20 12:00:00,2,20170920122,2017,9,20,12,2,0,3,38,263,17.11
2017-09-20 13:00:00,2,20170920132,2017,9,20,13,2,0,3,38,263,16.63
2017-09-20 14:00:00,2,20170920142,2017,9,20,14,2,0,3,38,263,16.98
2017-09-20 15:00:00,2,20170920152,2017,9,20,15,2,0,3,38,263,17.29
2017-09-20 16:00:00,2,20170920162,2017,9,20,16,2,0,3,38,263,17.83
2017-09-20 17:00:00,2,20170920172,2017,9,20,17,2,0,3,38,263,18.14
2017-09-20 18:00:00,2,20170920182,2017,9,20,18,2,0,3,38,263,17.78
2017-09-20 19:00:00,2,20170920192,2017,9,20,19,2,0,3,38,263,18.54
2017-09-20 20:00:00,2,20170920202,2017,9,20,20,2,0,3,38,263,18.42
2017-09-20 21:00:00,2,20170920212,2017,9,20,21,2,0,3,38,263,17.45
2017-09-20 22:00:00,2,20170920222,2017,9,20,22,2,0,3,38,263,17.16
2017-09-20 23:00:00,2,20170920232,2017,9,20,23,2,0,3,38,263,18.29
2017-09-21 00:00:00,2,20170921002,2017,9,21,0,3,0,3,38,264,16.07
2017-09-21 01:00:00,2,20170921012,2017,9,21,1,3,0,3,38,264,14.17
2017-09-21 02:00:00,2,20170921022,2017,9,21,2,3,0,3,38,264,11.5
2017-09-21 03:00:00,2,20170921032,2017,9,21,3,3,0,3,38,264,10.5
2017-09-21 04:00:00,2,20170921042,2017,9,21,4,3,0,3,38,264,9.68
2017-09-21 05:00:00,2,20170921052,2017,9,21,5,3,0,3,38,264,8.75
2017-09-21 06:00:00,2,20170921062,2017,9,21,6,3,0,3,38,264,9.4
2017-09-21 07:00:00,2,20170921072,2017,9,21,7,3,0,3,38,264,9.79
2017-09-21 08:00:00,2,20170921082,2017,9,21,8,3,0,3,38,264,11.13
2017-09-21 09:00:00,2,20170921092,2017,9,21,9,3,0,3,38,264,10.13
2017-09-21 10:00:00,2,20170921102,2017,9,21,10,3,0,3,38,264,13.39
2017-09-21 11:00:00,2,20170921112,2017,9,21,11,3,0,3,38,264,17.35
2017-09-21 12:00:00,2,20170921122,2017,9,21,12,3,0,3,38,264,16.57
2017-09-21 13:00:00,2,20170921132,2017,9,21,13,3,0,3,38,264,15.99
2017-09-21 14:00:00,2,20170921142,2017,9,21,14,3,0,3,38,264,17.06
2017-09-21 15:00:00,2,20170921152,2017,9,21,15,3,0,3,38,264,18.15
2017-09-21 16:00:00,2,20170921162,2017,9,21,16,3,0,3,38,264,18.03
2017-09-21 17:00:00,2,20170921172,2017,9,21,17,3,0,3,38,264,18.72
2017-09-21 18:00:00,2,20170921182,2017,9,21,18,3,0,3,38,264,19.05
2017-09-21 19:00:00,2,20170921192,2017,9,21,19,3,0,3,38,264,20.13
2017-09-21 20:00:00,2,20170921202,2017,9,21,20,3,0,3,38,264,20.77
2017-09-21 21:00:00,2,20170921212,2017,9,21,21,3,0,3,38,264,17.74
2017-09-21 22:00:00,2,20170921222,2017,9,21,22,3,0,3,38,264,15.89
2017-09-21 23:00:00,2,20170921232,2017,9,21,23,3,0,3,38,264,16.99
2017-09-22 00:00:00,2,20170922002,2017,9,22,0,4,0,3,38,265,16.1
2017-09-22 01:00:00,2,20170922012,2017,9,22,1,4,0,3,38,265,14.7
2017-09-22 02:00:00,2,20170922022,2017,9,22,2,4,0,3,38,265,11.12
2017-09-22 03:00:00,2,20170922032,2017,9,22,3,4,0,3,38,265,8.97
2017-09-22 04:00:00,2,20170922042,2017,9,22,4,4,0,3,38,265,10.05
2017-09-22 05:00:00,2,20170922052,2017,9,22,5,4,0,3,38,265,8.56
2017-09-22 06:00:00,2,20170922062,2017,9,22,6,4,0,3,38,265,8.46
2017-09-22 07:00:00,2,20170922072,2017,9,22,7,4,0,3,38,265,9.54
2017-09-22 08:00:00,2,20170922082,2017,9,22,8,4,0,3,38,265,11.87
2017-09-22 09:00:00,2,20170922092,2017,9,22,9,4,0,3,38,265,10.78
2017-09-22 10:00:00,2,20170922102,2017,9,22,10,4,0,3,38,265,13.35
2017-09-22 11:00:00,2,20170922112,2017,9,22,11,4,0,3,38,265,14.77
2017-09-22 12:00:00,2,20170922122,2017,9,22,12,4,0,3,38,265,15.58
2017-09-22 13:00:00,2,20170922132,2017,9,22,13,4,0,3,38,265,15.21
2017-09-22 14:00:00,2,20170922142,2017,9,22,14,4,0,3,38,265,17.61
2017-09-22 15:00:00,2,20170922152,2017,9,22,15,4,0,3,38,265,16.34
2017-09-22 16:00:00,2,20170922162,2017,9,22,16,4,0,3,38,265,15.9
2017-09-22 17:00:00,2,20170922172,2017,9,22,17,4,0,3,38,265,16.28
2017-09-22 18:00:00,2,20170922182,2017,9,22,18,4,0,3,38,265,18.47
2017-09-22 19:00:00,2,20170922192,2017,9,22,19,4,0,3,38,265,19.77
2017-09-22 20:00:00,2,20170922202,2017,9,22,20,4,0,3,38,265,19.67
2017-09-22 21:00:00,2,20170922212,2017,9,22,21,4,0,3,38,265,14.66
2017-09-22 22:00:00,2,20170922222,2017,9,22,22,4,0,3,38,265,13.1
2017-09-22 23:00:00,2,20170922232,2017,9,22,23,4,0,3,38,265,15.25
2017-09-23 00:00:00,2,20170923002,2017,9,23,0,5,1,3,38,266,14.72
2017-09-23 01:00:00,2,20170923012,2017,9,23,1,5,1,3,38,266,11.16
2017-09-23 02:00:00,2,20170923022,2017,9,23,2,5,1,3,38,266,11.23
2017-09-23 03:00:00,2,20170923032,2017,9,23,3,5,1,3,38,266,7.85
2017-09-23 04:00:00,2,20170923042,2017,9,23,4,5,1,3,38,266,6.11
2017-09-23 05:00:00,2,20170923052,2017,9,23,5,5,1,3,38,266,5.74
2017-09-23 06:00:00,2,20170923062,2017,9,23,6,5,1,3,38,266,8.39
2017-09-23 07:00:00,2,20170923072,2017,9,23,7,5,1,3,38,266,8.46
2017-09-23 08:00:00,2,20170923082,2017,9,23,8,5,1,3,38,266,7.13
2017-09-23 09:00:00,2,20170923092,2017,9,23,9,5,1,3,38,266,7.55
2017-09-23 10:00:00,2,20170923102,2017,9,23,10,5,1,3,38,266,7.6
2017-09-23 11:00:00,2,20170923112,2017,9,23,11,5,1,3,38,266,8.61
2017-09-23 12:00:00,2,20170923122,2017,9,23,12,5,1,3,38,266,8.68
2017-09-23 13:00:00,2,20170923132,2017,9,23,13,5,1,3,38,266,9.01
2017-09-23 14:00:00,2,20170923142,2017,9,23,14,5,1,3,38,266,9.12
2017-09-23 15:00:00,2,20170923152,2017,9,23,15,5,1,3,38,266,10.56
2017-09-23 16:00:00,2,20170923162,2017,9,23,16,5,1,3,38,266,9.98
2017-09-23 17:00:00,2,20170923172,2017,9,23,17,5,1,3,38,266,9.6
2017-09-23 18:00:00,2,20170923182,2017,9,23,18,5,1,3,38,266,10.55
2017-09-23 19:00:00,2,20170923192,2017,9,23,19,5,1,3,38,266,9.14
2017-09-23 20:00:00,2,20170923202,2017,9,23,20,5,1,3,38,266,11.22
2017-09-23 21:00:00,2,20170923212,2017,9,23,21,5,1,3,38,266,9.82
2017-09-23 22:00:00,2,20170923222,2017,9,23,22,5,1,3,38,266,11.7
2017-09-23 23:00:00,2,20170923232,2017,9,23,23,5,1,3,38,266,11.37
2017-09-24 00:00:00,2,20170924002,2017,9,24,0,6,1,3,38,267,12.81
2017-09-24 01:00:00,2,20170924012,2017,9,24,1,6,1,3,38,267,11.28
2017-09-24 02:00:00,2,20170924022,2017,9,24,2,6,1,3,38,267,11.37
2017-09-24 03:00:00,2,20170924032,2017,9,24,3,6,1,3,38,267,7.93
2017-09-24 04:00:00,2,20170924042,2017,9,24,4,6,1,3,38,267,6.14
2017-09-24 05:00:00,2,20170924052,2017,9,24,5,6,1,3,38,267,5.67
2017-09-24 06:00:00,2,20170924062,2017,9,24,6,6,1,3,38,267,7.77
2017-09-24 07:00:00,2,20170924072,2017,9,24,7,6,1,3,38,267,8.43
2017-09-24 08:00:00,2,20170924082,2017,9,24,8,6,1,3,38,267,7.36
2017-09-24 09:00:00,2,20170924092,2017,9,24,9,6,1,3,38,267,7.76
2017-09-24 10:00:00,2,20170924102,2017,9,24,10,6,1,3,38,267,7.93
2017-09-24 11:00:00,2,20170924112,2017,9,24,11,6,1,3,38,267,9.45
2017-09-24 12:00:00,2,20170924122,2017,9,24,12,6,1,3,38,267,8.49
2017-09-24 13:00:00,2,20170924132,2017,9,24,13,6,1,3,38,267,9.33
2017-09-24 14:00:00,2,20170924142,2017,9,24,14,6,1,3,38,267,9.65
2017-09-24 15:00:00,2,20170924152,2017,9,24,15,6,1,3,38,267,10.21
2017-09-24 16:00:00,2,20170924162,2017,9,24,16,6,1,3,38,267,9.8
2017-09-24 17:00:00,2,20170924172,2017,9,24,17,6,1,3,38,267,10.58
2017-09-24 18:00:00,2,20170924182,2017,9,24,18,6,1,3,38,267,11.25
2017-09-24 19:00:00,2,20170924192,2017,9,24,19,6,1,3,38,267,10.39
2017-09-24 20:00:00,2,20170924202,2017,9,24,20,6,1,3,38,267,11.53
2017-09-24 21:00:00,2,20170924212,2017,9,24,21,6,1,3,38,267,11.25
2017-09-24 22:00:00,2,20170924222,2017,9,24,22,6,1,3,38,267,13.62
2017-09-24 23:00:00,2,20170924232,2017,9,24,23,6,1,3,38,267,13.76
2017-09-25 00:00:00,2,20170925002,2017,9,25,0,0,0,3,39,268,12.73
2017-09-25 01:00:00,2,20170925012,2017,9,25,1,0,0,3,39,268,11.58
2017-09-25 02:00:00,2,20170925022,2017,9,25,2,0,0,3,39,268,10.1
2017-09-25 03:00:00,2,20170925032,2017,9,25,3,0,0,3,39,268,10.05
2017-09-25 04:00:00,2,20170925042,2017,9,25,4,0,0,3,39,268,7.99
2017-09-25 05:00:00,2,20170925052,2017,9,25,5,0,0,3,39,268,7.73
2017-09-25 06:00:00,2,20170925062,2017,9,25,6,0,0,3,39,268,7.33
2017-09-25 07:00:00,2,20170925072,2017,9,25,7,0,0,3,39,268,10.6
2017-09-25 08:00:00,2,20170925082,2017,9,25,8,0,0,3,39,268,12.97
2017-09-25 09:00:00,2,20170925092,2017,9,25,9,0,0,3,39,268,11.69
2017-09-25 10:00:00,2,20170925102,2017,9,25,10,0,0,3,39,268,13.42
2017-09-25 11:00:00,2,20170925112,2017,9,25,11,0,0,3,39,268,14.79
2017-09-25 12:00:00,2,20170925122,2017,9,25,12,0,0,3,39,268,17.35
2017-09-25 13:00:00,2,20170925132,2017,9,25,13,0,0,3,39,268,17.13
2017-09-25 14:00:00,2,20170925142,2017,9,25,14,0,0,3,39,268,18.21
2017-09-25 15:00:00,2,20170925152,2017,9,25,15,0,0,3,39,268,17.14
2017-09-25 16:00:00,2,20170925162,2017,9,25,16,0,0,3,39,268,17.83
2017-09-25 17:00:00,2,20170925172,2017,9,25,17,0,0,3,39,268,18.63
2017-09-25 18:00:00,2,20170925182,2017,9,25,18,0,0,3,39,268,19.55
2017-09-25 19:00:00,2,20170925192,2017,9,25,19,0,0,3,39,268,19.86
2017-09-25 20:00:00,2,20170925202,2017,9,25,20,0,0,3,39,268,19.88
2017-09-25 21:00:00,2,20170925212,2017,9,25,21,0,0,3,39,268,20.05
2017-09-25 22:00:00,2,20170925222,2017,9,25,22,0,0,3,39,268,17.78
2017-09-25 23:00:00,2,20170925232,2017,9,25,23,0,0,3,39,268,18.38
2017-09-26 00:00:00,2,20170926002,2017,9,26,0,1,0,3,39,269,14.75
2017-09-26 01:00:00,2,20170926012,2017,9,26,1,1,0,3,39,269,14.04
2017-09-26 02:00:00,2,20170926022,2017,9,26,2,1,0,3,39,269,11.8
2017-09-26 03:00:00,2,20170926032,2017,9,26,3,1,0,3,39,269,11.56
2017-09-26 04:00:00,2,20170926042,2017,9,26,4,1,0,3,39,269,9.46
2017-09-26 05:00:00,2,20170926052,2017,9,26,5,1,0,3,39,269,8.53
2017-09-26 06:00:00,2,20170926062,2017,9,26,6,1,0,3,39,269,8.51
2017-09-26 07:00:00,2,20170926072,2017,9,26,7,1,0,3,39,269,10.2
2017-09-26 08:00:00,2,20170926082,2017,9,26,8,1,0,3,39,269,12.23
2017-09-26 09:00:00,2,20170926092,2017,9,26,9,1,0,3,39,269,11.3
2017-09-26 10:00:00,2,20170926102,2017,9,26,10,1,0,3,39,269,12.38
2017-09-26 11:00:00,2,20170926112,2017,9,26,11,1,0,3,39,269,14.24
2017-09-26 12:00:00,2,20170926122,2017,9,26,12,1,0,3,39,269,17.23
2017-09-26 13:00:00,2,20170926132,2017,9,26,13,1,0,3,39,269,17.15
2017-09-26 14:00:00,2,20170926142,2017,9,26,14,1,0,3,39,269,18.42
2017-09-26 15:00:00,2,20170926152,2017,9,26,15,1,0,3,39,269,17.72
2017-09-26 16:00:00,2,20170926162,2017,9,26,16,1,0,3,39,269,17.89
2017-09-26 17:00:00,2,20170926172,2017,9,26,17,1,0,3,39,269,19.64
2017-09-26 18:00:00,2,20170926182,2017,9,26,18,1,0,3,39,269,19.58
2017-09-26 19:00:00,2,20170926192,2017,9,26,19,1,0,3,39,269,19.36
2017-09-26 20:00:00,2,20170926202,2017,9,26,20,1,0,3,39,269,20.49
2017-09-26 21:00:00,2,20170926212,2017,9,26,21,1,0,3,39,269,20.09
2017-09-26 22:00:00,2,20170926222,2017,9,26,22,1,0,3,39,269,18.54
2017-09-26 23:00:00,2,20170926232,2017,9,26,23,1,0,3,39,269,18.96
2017-09-27 00:00:00,2,20170927002,2017,9,27,0,2,0,3,39,270,14.4
2017-09-27 01:00:00,2,20170927012,2017,9,27,1,2,0,3,39,270,13.64
2017-09-27 02:00:00,2,20170927022,2017,9,27,2,2,0,3,39,270,12.16
2017-09-27 03:00:00,2,20170927032,2017,9,27,3,2,0,3,39,270,11.42
2017-09-27 04:00:00,2,20170927042,2017,9,27,4,2,0,3,39,270,9.8
2017-09-27 05:00:00,2,20170927052,2017,9,27,5,2,0,3,39,270,8.41
2017-09-27 06:00:00,2,20170927062,2017,9,27,6,2,0,3,39,270,8.77
2017-09-27 07:00:00,2,20170927072,2017,9,27,7,2,0,3,39,270,9.44
2017-09-27 08:00:00,2,20170927082,2017,9,27,8,2,0,3,39,270,11.71
2017-09-27 09:00:00,2,20170927092,2017,9,27,9,2,0,3,39,270,11.5
2017-09-27 10:00:00,2,20170927102,2017,9,27,10,2,0,3,39,270,11.98
2017-09-27 11:00:00,2,20170927112,2017,9,27,11,2,0,3,39,270,14.53
2017-09-27 12:00:00,2,20170927122,2017,9,27,12,2,0,3,39,270,17.6
2017-09-27 13:00:00,2,20170927132,2017,9,27,13,2,0,3,39,270,15.65
2017-09-27 14:00:00,2,20170927142,2017,9,27,14,2,0,3,39,270,19.05
2017-09-27 15:00:00,2,20170927152,2017,9,27,15,2,0,3,39,270,18.12
2017-09-27 16:00:00,2,20170927162,2017,9,27,16,2,0,3,39,270,17.71
2017-09-27 17:00:00,2,20170927172,2017,9,27,17,2,0,3,39,270,19.31
2017-09-27 18:00:00,2,20170927182,2017,9,27,18,2,0,3,39,270,19.47
2017-09-27 19:00:00,2,20170927192,2017,9,27,19,2,0,3,39,270,18.41
2017-09-27 20:00:00,2,20170927202,2017,9,27,20,2,0,3,39,270,20.11
2017-09-27 21:00:00,2,20170927212,2017,9,27,21,2,0,3,39,270,19.14
2017-09-27 22:00:00,2,20170927222,2017,9,27,22,2,0,3,39,270,19.17
2017-09-27 23:00:00,2,20170927232,2017,9,27,23,2,0,3,39,270,19.98
2017-09-28 00:00:00,2,20170928002,2017,9,28,0,3,0,3,39,271,14.75
2017-09-28 01:00:00,2,20170928012,2017,9,28,1,3,0,3,39,271,14.64
2017-09-28 02:00:00,2,20170928022,2017,9,28,2,3,0,3,39,271,13.21
2017-09-28 03:00:00,2,20170928032,2017,9,28,3,3,0,3,39,271,11.44
2017-09-28 04:00:00,2,20170928042,2017,9,28,4,3,0,3,39,271,9.72
2017-09-28 05:00:00,2,20170928052,2017,9,28,5,3,0,3,39,271,8.61
2017-09-28 06:00:00,2,20170928062,2017,9,28,6,3,0,3,39,271,9.72
2017-09-28 07:00:00,2,20170928072,2017,9,28,7,3,0,3,39,271,10.29
2017-09-28 08:00:00,2,20170928082,2017,9,28,8,3,0,3,39,271,10.95
2017-09-28 09:00:00,2,20170928092,2017,9,28,9,3,0,3,39,271,12.23
2017-09-28 10:00:00,2,20170928102,2017,9,28,10,3,0,3,39,271,13.3
2017-09-28 11:00:00,2,20170928112,2017,9,28,11,3,0,3,39,271,15.51
2017-09-28 12:00:00,2,20170928122,2017,9,28,12,3,0,3,39,271,17.75
2017-09-28 13:00:00,2,20170928132,2017,9,28,13,3,0,3,39,271,14.94
2017-09-28 14:00:00,2,20170928142,2017,9,28,14,3,0,3,39,271,17.46
2017-09-28 15:00:00,2,20170928152,2017,9,28,15,3,0,3,39,271,18.08
2017-09-28 16:00:00,2,20170928162,2017,9,28,16,3,0,3,39,271,17.24
2017-09-28 17:00:00,2,20170928172,2017,9,28,17,3,0,3,39,271,19.48
2017-09-28 18:00:00,2,20170928182,2017,9,28,18,3,0,3,39,271,19.68
2017-09-28 19:00:00,2,20170928192,2017,9,28,19,3,0,3,39,271,19.38
2017-09-28 20:00:00,2,20170928202,2017,9,28,20,3,0,3,39,271,21.06
2017-09-28 21:00:00,2,20170928212,2017,9,28,21,3,0,3,39,271,16.64
2017-09-28 22:00:00,2,20170928222,2017,9,28,22,3,0,3,39,271,17.86
2017-09-28 23:00:00,2,20170928232,2017,9,28,23,3,0,3,39,271,18.74
2017-09-29 00:00:00,2,20170929002,2017,9,29,0,4,0,3,39,272,15.51
2017-09-29 01:00:00,2,20170929012,2017,9,29,1,4,0,3,39,272,15.03
2017-09-29 02:00:00,2,20170929022,2017,9,29,2,4,0,3,39,272,13.41
2017-09-29 03:00:00,2,20170929032,2017,9,29,3,4,0,3,39,272,11.06
2017-09-29 04:00:00,2,20170929042,2017,9,29,4,4,0,3,39,272,10.27
2017-09-29 05:00:00,2,20170929052,2017,9,29,5,4,0,3,39,272,8.47
2017-09-29 06:00:00,2,20170929062,2017,9,29,6,4,0,3,39,272,10.01
2017-09-29 07:00:00,2,20170929072,2017,9,29,7,4,0,3,39,272,11.08
2017-09-29 08:00:00,2,20170929082,2017,9,29,8,4,0,3,39,272,10.69
2017-09-29 09:00:00,2,20170929092,2017,9,29,9,4,0,3,39,272,13.43
2017-09-29 10:00:00,2,20170929102,2017,9,29,10,4,0,3,39,272,13.04
2017-09-29 11:00:00,2,20170929112,2017,9,29,11,4,0,3,39,272,14.95
2017-09-29 12:00:00,2,20170929122,2017,9,29,12,4,0,3,39,272,16.57
2017-09-29 13:00:00,2,20170929132,2017,9,29,13,4,0,3,39,272,14.99
2017-09-29 14:00:00,2,20170929142,2017,9,29,14,4,0,3,39,272,14.96
2017-09-29 15:00:00,2,20170929152,2017,9,29,15,4,0,3,39,272,15.58
2017-09-29 16:00:00,2,20170929162,2017,9,29,16,4,0,3,39,272,15.02
2017-09-29 17:00:00,2,20170929172,2017,9,29,17,4,0,3,39,272,14.68
2017-09-29 18:00:00,2,20170929182,2017,9,29,18,4,0,3,39,272,16.18
2017-09-29 19:00:00,2,20170929192,2017,9,29,19,4,0,3,39,272,17.91
2017-09-29 20:00:00,2,20170929202,2017,9,29,20,4,0,3,39,272,19.82
2017-09-29 21:00:00,2,20170929212,2017,9,29,21,4,0,3,39,272,14.8
2017-09-29 22:00:00,2,20170929222,2017,9,29,22,4,0,3,39,272,16.1
2017-09-29 23:00:00,2,20170929232,2017,9,29,23,4,0,3,39,272,15.72
2017-09-30 00:00:00,2,20170930002,2017,9,30,0,5,1,3,39,273,15.34
2017-09-30 01:00:00,2,20170930012,2017,9,30,1,5,1,3,39,273,12.14
2017-09-30 02:00:00,2,20170930022,2017,9,30,2,5,1,3,39,273,11.38
2017-09-30 03:00:00,2,20170930032,2017,9,30,3,5,1,3,39,273,8.4
2017-09-30 04:00:00,2,20170930042,2017,9,30,4,5,1,3,39,273,7.21
2017-09-30 05:00:00,2,20170930052,2017,9,30,5,5,1,3,39,273,6.8
2017-09-30 06:00:00,2,20170930062,2017,9,30,6,5,1,3,39,273,8.12
2017-09-30 07:00:00,2,20170930072,2017,9,30,7,5,1,3,39,273,8.31
2017-09-30 08:00:00,2,20170930082,2017,9,30,8,5,1,3,39,273,7.14
2017-09-30 09:00:00,2,20170930092,2017,9,30,9,5,1,3,39,273,8.12
2017-09-30 10:00:00,2,20170930102,2017,9,30,10,5,1,3,39,273,8.43
2017-09-30 11:00:00,2,20170930112,2017,9,30,11,5,1,3,39,273,9.36
2017-09-30 12:00:00,2,20170930122,2017,9,30,12,5,1,3,39,273,8.83
2017-09-30 13:00:00,2,20170930132,2017,9,30,13,5,1,3,39,273,8.58
2017-09-30 14:00:00,2,20170930142,2017,9,30,14,5,1,3,39,273,9.08
2017-09-30 15:00:00,2,20170930152,2017,9,30,15,5,1,3,39,273,9.55
2017-09-30 16:00:00,2,20170930162,2017,9,30,16,5,1,3,39,273,9.54
2017-09-30 17:00:00,2,20170930172,2017,9,30,17,5,1,3,39,273,9.36
2017-09-30 18:00:00,2,20170930182,2017,9,30,18,5,1,3,39,273,10.06
2017-09-30 19:00:00,2,20170930192,2017,9,30,19,5,1,3,39,273,9.91
2017-09-30 20:00:00,2,20170930202,2017,9,30,20,5,1,3,39,273,11.12
2017-09-30 21:00:00,2,20170930212,2017,9,30,21,5,1,3,39,273,11.2
2017-09-30 22:00:00,2,20170930222,2017,9,30,22,5,1,3,39,273,12.08
2017-09-30 23:00:00,2,20170930232,2017,9,30,23,5,1,3,39,273,11.41
2017-10-01 00:00:00,2,20171001002,2017,10,1,0,6,1,4,39,274,14.33
2017-10-01 01:00:00,2,20171001012,2017,10,1,1,6,1,4,39,274,12.3
2017-10-01 02:00:00,2,20171001022,2017,10,1,2,6,1,4,39,274,11.01
2017-10-01 03:00:00,2,20171001032,2017,10,1,3,6,1,4,39,274,9.02
2017-10-01 04:00:00,2,20171001042,2017,10,1,4,6,1,4,39,274,6.57
2017-10-01 05:00:00,2,20171001052,2017,10,1,5,6,1,4,39,274,7.3
2017-10-01 06:00:00,2,20171001062,2017,10,1,6,6,1,4,39,274,5.63
2017-10-01 07:00:00,2,20171001072,2017,10,1,7,6,1,4,39,274,5.98
2017-10-01 08:00:00,2,20171001082,2017,10,1,8,6,1,4,39,274,7.17
2017-10-01 09:00:00,2,20171001092,2017,10,1,9,6,1,4,39,274,7.48
2017-10-01 10:00:00,2,20171001102,2017,10,1,10,6,1,4,39,274,9.28
2017-10-01 11:00:00,2,20171001112,2017,10,1,11,6,1,4,39,274,9.81
2017-10-01 12:00:00,2,20171001122,2017,10,1,12,6,1,4,39,274,10.67
2017-10-01 13:00:00,2,20171001132,2017,10,1,13,6,1,4,39,274,9.16
2017-10-01 14:00:00,2,20171001142,2017,10,1,14,6,1,4,39,274,10.05
2017-10-01 15:00:00,2,20171001152,2017,10,1,15,6,1,4,39,274,10.44
2017-10-01 16:00:00,2,20171001162,2017,10,1,16,6,1,4,39,274,10.11
2017-10-01 17:00:00,2,20171001172,2017,10,1,17,6,1,4,39,274,10.73
2017-10-01 18:00:00,2,20171001182,2017,10,1,18,6,1,4,39,274,9.44
2017-10-01 19:00:00,2,20171001192,2017,10,1,19,6,1,4,39,274,10.85
2017-10-01 20:00:00,2,20171001202,2017,10,1,20,6,1,4,39,274,12.29
2017-10-01 21:00:00,2,20171001212,2017,10,1,21,6,1,4,39,274,11.06
2017-10-01 22:00:00,2,20171001222,2017,10,1,22,6,1,4,39,274,14.2
2017-10-01 23:00:00,2,20171001232,2017,10,1,23,6,1,4,39,274,14.29
2017-10-02 00:00:00,2,20171002002,2017,10,2,0,0,0,4,40,275,17.45
2017-10-02 01:00:00,2,20171002012,2017,10,2,1,0,0,4,40,275,12.03
2017-10-02 02:00:00,2,20171002022,2017,10,2,2,0,0,4,40,275,13.12
2017-10-02 03:00:00,2,20171002032,2017,10,2,3,0,0,4,40,275,10.32
2017-10-02 04:00:00,2,20171002042,2017,10,2,4,0,0,4,40,275,10.48
2017-10-02 05:00:00,2,20171002052,2017,10,2,5,0,0,4,40,275,9.72
2017-10-02 06:00:00,2,20171002062,2017,10,2,6,0,0,4,40,275,11.4
2017-10-02 07:00:00,2,20171002072,2017,10,2,7,0,0,4,40,275,11.02
2017-10-02 08:00:00,2,20171002082,2017,10,2,8,0,0,4,40,275,11.08
2017-10-02 09:00:00,2,20171002092,2017,10,2,9,0,0,4,40,275,12.52
2017-10-02 10:00:00,2,20171002102,2017,10,2,10,0,0,4,40,275,15.32
2017-10-02 11:00:00,2,20171002112,2017,10,2,11,0,0,4,40,275,14.32
2017-10-02 12:00:00,2,20171002122,2017,10,2,12,0,0,4,40,275,14.36
2017-10-02 13:00:00,2,20171002132,2017,10,2,13,0,0,4,40,275,13.57
2017-10-02 14:00:00,2,20171002142,2017,10,2,14,0,0,4,40,275,18.94
2017-10-02 15:00:00,2,20171002152,2017,10,2,15,0,0,4,40,275,19.72
2017-10-02 16:00:00,2,20171002162,2017,10,2,16,0,0,4,40,275,18.07
2017-10-02 17:00:00,2,20171002172,2017,10,2,17,0,0,4,40,275,17.64
2017-10-02 18:00:00,2,20171002182,2017,10,2,18,0,0,4,40,275,19.98
2017-10-02 19:00:00,2,20171002192,2017,10,2,19,0,0,4,40,275,18.71
2017-10-02 20:00:00,2,20171002202,2017,10,2,20,0,0,4,40,275,18.35
2017-10-02 21:00:00,2,20171002212,2017,10,2,21,0,0,4,40,275,16.64
2017-10-02 22:00:00,2,20171002222,2017,10,2,22,0,0,4,40,275,18.61
2017-10-02 23:00:00,2,20171002232,2017,10,2,23,0,0,4,40,275,15.5
2017-10-03 00:00:00,2,20171003002,2017,10,3,0,1,0,4,40,276,17.75
2017-10-03 01:00:00,2,20171003012,2017,10,3,1,1,0,4,40,276,16.16
2017-10-03 02:00:00,2,20171003022,2017,10,3,2,1,0,4,40,276,15.93
2017-10-03 03:00:00,2,20171003032,2017,10,3,3,1,0,4,40,276,13.18
2017-10-03 04:00:00,2,20171003042,2017,10,3,4,1,0,4,40,276,10.57
2017-10-03 05:00:00,2,20171003052,2017,10,3,5,1,0,4,40,276,10.24
2017-10-03 06:00:00,2,20171003062,2017,10,3,6,1,0,4,40,276,11.18
2017-10-03 07:00:00,2,20171003072,2017,10,3,7,1,0,4,40,276,11.22
2017-10-03 08:00:00,2,20171003082,2017,10,3,8,1,0,4,40,276,11.1
2017-10-03 09:00:00,2,20171003092,2017,10,3,9,1,0,4,40,276,12.39
2017-10-03 10:00:00,2,20171003102,2017,10,3,10,1,0,4,40,276,15.71
2017-10-03 11:00:00,2,20171003112,2017,10,3,11,1,0,4,40,276,14.76
2017-10-03 12:00:00,2,20171003122,2017,10,3,12,1,0,4,40,276,14.99
2017-10-03 13:00:00,2,20171003132,2017,10,3,13,1,0,4,40,276,14.35
2017-10-03 14:00:00,2,20171003142,2017,10,3,14,1,0,4,40,276,18.95
2017-10-03 15:00:00,2,20171003152,2017,10,3,15,1,0,4,40,276,19.83
2017-10-03 16:00:00,2,20171003162,2017,10,3,16,1,0,4,40,276,17.96
2017-10-03 17:00:00,2,20171003172,2017,10,3,17,1,0,4,40,276,17.68
2017-10-03 18:00:00,2,20171003182,2017,10,3,18,1,0,4,40,276,20.89
2017-10-03 19:00:00,2,20171003192,2017,10,3,19,1,0,4,40,276,20.77
2017-10-03 20:00:00,2,20171003202,2017,10,3,20,1,0,4,40,276,20.02
2017-10-03 21:00:00,2,20171003212,2017,10,3,21,1,0,4,40,276,17.56
2017-10-03 22:00:00,2,20171003222,2017,10,3,22,1,0,4,40,276,18.17
2017-10-03 23:00:00,2,20171003232,2017,10,3,23,1,0,4,40,276,16.19
2017-10-04 00:00:00,2,20171004002,2017,10,4,0,2,0,4,40,277,16.09
2017-10-04 01:00:00,2,20171004012,2017,10,4,1,2,0,4,40,277,16.5
2017-10-04 02:00:00,2,20171004022,2017,10,4,2,2,0,4,40,277,15.54
2017-10-04 03:00:00,2,20171004032,2017,10,4,3,2,0,4,40,277,13.31
2017-10-04 04:00:00,2,20171004042,2017,10,4,4,2,0,4,40,277,10.67
2017-10-04 05:00:00,2,20171004052,2017,10,4,5,2,0,4,40,277,10.4
2017-10-04 06:00:00,2,20171004062,2017,10,4,6,2,0,4,40,277,11.24
2017-10-04 07:00:00,2,20171004072,2017,10,4,7,2,0,4,40,277,10.27
2017-10-04 08:00:00,2,20171004082,2017,10,4,8,2,0,4,40,277,11.98
2017-10-04 09:00:00,2,20171004092,2017,10,4,9,2,0,4,40,277,12.79
2017-10-04 10:00:00,2,20171004102,2017,10,4,10,2,0,4,40,277,15.8
2017-10-04 11:00:00,2,20171004112,2017,10,4,11,2,0,4,40,277,14.84
2017-10-04 12:00:00,2,20171004122,2017,10,4,12,2,0,4,40,277,15.45
2017-10-04 13:00:00,2,20171004132,2017,10,4,13,2,0,4,40,277,15.83
2017-10-04 14:00:00,2,20171004142,2017,10,4,14,2,0,4,40,277,18.11
2017-10-04 15:00:00,2,20171004152,2017,10,4,15,2,0,4,40,277,18.15
2017-10-04 16:00:00,2,20171004162,2017,10,4,16,2,0,4,40,277,17.02
2017-10-04 17:00:00,2,20171004172,2017,10,4,17,2,0,4,40,277,17.38
2017-10-04 18:00:00,2,20171004182,2017,10,4,18,2,0,4,40,277,20.39
2017-10-04 19:00:00,2,20171004192,2017,10,4,19,2,0,4,40,277,20.16
2017-10-04 20:00:00,2,20171004202,2017,10,4,20,2,0,4,40,277,19.96
2017-10-04 21:00:00,2,20171004212,2017,10,4,21,2,0,4,40,277,18.82
2017-10-04 22:00:00,2,20171004222,2017,10,4,22,2,0,4,40,277,17.92
2017-10-04 23:00:00,2,20171004232,2017,10,4,23,2,0,4,40,277,18.07
2017-10-05 00:00:00,2,20171005002,2017,10,5,0,3,0,4,40,278,16.25
2017-10-05 01:00:00,2,20171005012,2017,10,5,1,3,0,4,40,278,17.11
2017-10-05 02:00:00,2,20171005022,2017,10,5,2,3,0,4,40,278,14.19
2017-10-05 03:00:00,2,20171005032,2017,10,5,3,3,0,4,40,278,12.34
2017-10-05 04:00:00,2,20171005042,2017,10,5,4,3,0,4,40,278,10.84
2017-10-05 05:00:00,2,20171005052,2017,10,5,5,3,0,4,40,278,10.49
2017-10-05 06:00:00,2,20171005062,2017,10,5,6,3,0,4,40,278,11.38
2017-10-05 07:00:00,2,20171005072,2017,10,5,7,3,0,4,40,278,9.81
2017-10-05 08:00:00,2,20171005082,2017,10,5,8,3,0,4,40,278,12.15
2017-10-05 09:00:00,2,20171005092,2017,10,5,9,3,0,4,40,278,13.34
2017-10-05 10:00:00,2,20171005102,2017,10,5,10,3,0,4,40,278,14.61
2017-10-05 11:00:00,2,20171005112,2017,10,5,11,3,0,4,40,278,14.99
2017-10-05 12:00:00,2,20171005122,2017,10,5,12,3,0,4,40,278,15.89
2017-10-05 13:00:00,2,20171005132,2017,10,5,13,3,0,4,40,278,17.48
2017-10-05 14:00:00,2,20171005142,2017,10,5,14,3,0,4,40,278,16.63
2017-10-05 15:00:00,2,20171005152,2017,10,5,15,3,0,4,40,278,18.56
2017-10-05 16:00:00,2,20171005162,2017,10,5,16,3,0,4,40,278,17.46
2017-10-05 17:00:00,2,20171005172,2017,10,5,17,3,0,4,40,278,16.85
2017-10-05 18:00:00,2,20171005182,2017,10,5,18,3,0,4,40,278,20.33
2017-10-05 19:00:00,2,20171005192,2017,10,5,19,3,0,4,40,278,20.63
2017-10-05 20:00:00,2,20171005202,2017,10,5,20,3,0,4,40,278,21.94
2017-10-05 21:00:00,2,20171005212,2017,10,5,21,3,0,4,40,278,18.61
2017-10-05 22:00:00,2,20171005222,2017,10,5,22,3,0,4,40,278,16.69
2017-10-05 23:00:00,2,20171005232,2017,10,5,23,3,0,4,40,278,17.78
2017-10-06 00:00:00,2,20171006002,2017,10,6,0,4,0,4,40,279,16.56
2017-10-06 01:00:00,2,20171006012,2017,10,6,1,4,0,4,40,279,17.11
2017-10-06 02:00:00,2,20171006022,2017,10,6,2,4,0,4,40,279,13.55
2017-10-06 03:00:00,2,20171006032,2017,10,6,3,4,0,4,40,279,11.21
2017-10-06 04:00:00,2,20171006042,2017,10,6,4,4,0,4,40,279,10.75
2017-10-06 05:00:00,2,20171006052,2017,10,6,5,4,0,4,40,279,10.16
2017-10-06 06:00:00,2,20171006062,2017,10,6,6,4,0,4,40,279,11.51
2017-10-06 07:00:00,2,20171006072,2017,10,6,7,4,0,4,40,279,9.92
2017-10-06 08:00:00,2,20171006082,2017,10,6,8,4,0,4,40,279,12.41
2017-10-06 09:00:00,2,20171006092,2017,10,6,9,4,0,4,40,279,13.17
2017-10-06 10:00:00,2,20171006102,2017,10,6,10,4,0,4,40,279,13.48
2017-10-06 11:00:00,2,20171006112,2017,10,6,11,4,0,4,40,279,13.86
2017-10-06 12:00:00,2,20171006122,2017,10,6,12,4,0,4,40,279,15.45
2017-10-06 13:00:00,2,20171006132,2017,10,6,13,4,0,4,40,279,15.84
2017-10-06 14:00:00,2,20171006142,2017,10,6,14,4,0,4,40,279,17.39
2017-10-06 15:00:00,2,20171006152,2017,10,6,15,4,0,4,40,279,17.78
2017-10-06 16:00:00,2,20171006162,2017,10,6,16,4,0,4,40,279,17.0
2017-10-06 17:00:00,2,20171006172,2017,10,6,17,4,0,4,40,279,15.26
2017-10-06 18:00:00,2,20171006182,2017,10,6,18,4,0,4,40,279,16.63
2017-10-06 19:00:00,2,20171006192,2017,10,6,19,4,0,4,40,279,17.84
2017-10-06 20:00:00,2,20171006202,2017,10,6,20,4,0,4,40,279,15.91
2017-10-06 21:00:00,2,20171006212,2017,10,6,21,4,0,4,40,279,13.22
2017-10-06 22:00:00,2,20171006222,2017,10,6,22,4,0,4,40,279,14.08
2017-10-06 23:00:00,2,20171006232,2017,10,6,23,4,0,4,40,279,15.97
2017-10-07 00:00:00,2,20171007002,2017,10,7,0,5,1,4,40,280,15.41
2017-10-07 01:00:00,2,20171007012,2017,10,7,1,5,1,4,40,280,11.72
2017-10-07 02:00:00,2,20171007022,2017,10,7,2,5,1,4,40,280,12.7
2017-10-07 03:00:00,2,20171007032,2017,10,7,3,5,1,4,40,280,8.4
2017-10-07 04:00:00,2,20171007042,2017,10,7,4,5,1,4,40,280,9.31
2017-10-07 05:00:00,2,20171007052,2017,10,7,5,5,1,4,40,280,9.51
2017-10-07 06:00:00,2,20171007062,2017,10,7,6,5,1,4,40,280,9.22
2017-10-07 07:00:00,2,20171007072,2017,10,7,7,5,1,4,40,280,8.77
2017-10-07 08:00:00,2,20171007082,2017,10,7,8,5,1,4,40,280,7.89
2017-10-07 09:00:00,2,20171007092,2017,10,7,9,5,1,4,40,280,8.13
2017-10-07 10:00:00,2,20171007102,2017,10,7,10,5,1,4,40,280,6.96
2017-10-07 11:00:00,2,20171007112,2017,10,7,11,5,1,4,40,280,9.14
2017-10-07 12:00:00,2,20171007122,2017,10,7,12,5,1,4,40,280,9.85
2017-10-07 13:00:00,2,20171007132,2017,10,7,13,5,1,4,40,280,7.71
2017-10-07 14:00:00,2,20171007142,2017,10,7,14,5,1,4,40,280,7.15
2017-10-07 15:00:00,2,20171007152,2017,10,7,15,5,1,4,40,280,9.7
2017-10-07 16:00:00,2,20171007162,2017,10,7,16,5,1,4,40,280,9.26
2017-10-07 17:00:00,2,20171007172,2017,10,7,17,5,1,4,40,280,7.76
2017-10-07 18:00:00,2,20171007182,2017,10,7,18,5,1,4,40,280,10.42
2017-10-07 19:00:00,2,20171007192,2017,10,7,19,5,1,4,40,280,9.57
2017-10-07 20:00:00,2,20171007202,2017,10,7,20,5,1,4,40,280,11.87
2017-10-07 21:00:00,2,20171007212,2017,10,7,21,5,1,4,40,280,11.5
2017-10-07 22:00:00,2,20171007222,2017,10,7,22,5,1,4,40,280,11.25
2017-10-07 23:00:00,2,20171007232,2017,10,7,23,5,1,4,40,280,11.76
2017-10-08 00:00:00,2,20171008002,2017,10,8,0,6,1,4,40,281,11.63
2017-10-08 01:00:00,2,20171008012,2017,10,8,1,6,1,4,40,281,10.04
2017-10-08 02:00:00,2,20171008022,2017,10,8,2,6,1,4,40,281,9.87
2017-10-08 03:00:00,2,20171008032,2017,10,8,3,6,1,4,40,281,8.94
2017-10-08 04:00:00,2,20171008042,2017,10,8,4,6,1,4,40,281,7.92
2017-10-08 05:00:00,2,20171008052,2017,10,8,5,6,1,4,40,281,8.72
2017-10-08 06:00:00,2,20171008062,2017,10,8,6,6,1,4,40,281,8.43
2017-10-08 07:00:00,2,20171008072,2017,10,8,7,6,1,4,40,281,8.69
2017-10-08 08:00:00,2,20171008082,2017,10,8,8,6,1,4,40,281,8.79
2017-10-08 09:00:00,2,20171008092,2017,10,8,9,6,1,4,40,281,7.57
2017-10-08 10:00:00,2,20171008102,2017,10,8,10,6,1,4,40,281,7.58
2017-10-08 11:00:00,2,20171008112,2017,10,8,11,6,1,4,40,281,9.0
2017-10-08 12:00:00,2,20171008122,2017,10,8,12,6,1,4,40,281,9.17
2017-10-08 13:00:00,2,20171008132,2017,10,8,13,6,1,4,40,281,9.11
2017-10-08 14:00:00,2,20171008142,2017,10,8,14,6,1,4,40,281,9.01
2017-10-08 15:00:00,2,20171008152,2017,10,8,15,6,1,4,40,281,10.47
2017-10-08 16:00:00,2,20171008162,2017,10,8,16,6,1,4,40,281,10.77
2017-10-08 17:00:00,2,20171008172,2017,10,8,17,6,1,4,40,281,9.16
2017-10-08 18:00:00,2,20171008182,2017,10,8,18,6,1,4,40,281,11.52
2017-10-08 19:00:00,2,20171008192,2017,10,8,19,6,1,4,40,281,11.45
2017-10-08 20:00:00,2,20171008202,2017,10,8,20,6,1,4,40,281,12.07
2017-10-08 21:00:00,2,20171008212,2017,10,8,21,6,1,4,40,281,11.5
2017-10-08 22:00:00,2,20171008222,2017,10,8,22,6,1,4,40,281,12.52
2017-10-08 23:00:00,2,20171008232,2017,10,8,23,6,1,4,40,281,12.32
2017-10-09 00:00:00,2,20171009002,2017,10,9,0,0,0,4,41,282,13.65
2017-10-09 01:00:00,2,20171009012,2017,10,9,1,0,0,4,41,282,12.22
2017-10-09 02:00:00,2,20171009022,2017,10,9,2,0,0,4,41,282,12.84
2017-10-09 03:00:00,2,20171009032,2017,10,9,3,0,0,4,41,282,9.47
2017-10-09 04:00:00,2,20171009042,2017,10,9,4,0,0,4,41,282,9.08
2017-10-09 05:00:00,2,20171009052,2017,10,9,5,0,0,4,41,282,8.98
2017-10-09 06:00:00,2,20171009062,2017,10,9,6,0,0,4,41,282,9.89
2017-10-09 07:00:00,2,20171009072,2017,10,9,7,0,0,4,41,282,9.8
2017-10-09 08:00:00,2,20171009082,2017,10,9,8,0,0,4,41,282,11.35
2017-10-09 09:00:00,2,20171009092,2017,10,9,9,0,0,4,41,282,11.22
2017-10-09 10:00:00,2,20171009102,2017,10,9,10,0,0,4,41,282,12.24
2017-10-09 11:00:00,2,20171009112,2017,10,9,11,0,0,4,41,282,13.72
2017-10-09 12:00:00,2,20171009122,2017,10,9,12,0,0,4,41,282,13.77
2017-10-09 13:00:00,2,20171009132,2017,10,9,13,0,0,4,41,282,14.99
2017-10-09 14:00:00,2,20171009142,2017,10,9,14,0,0,4,41,282,18.01
2017-10-09 15:00:00,2,20171009152,2017,10,9,15,0,0,4,41,282,16.96
2017-10-09 16:00:00,2,20171009162,2017,10,9,16,0,0,4,41,282,17.41
2017-10-09 17:00:00,2,20171009172,2017,10,9,17,0,0,4,41,282,17.56
2017-10-09 18:00:00,2,20171009182,2017,10,9,18,0,0,4,41,282,17.66
2017-10-09 19:00:00,2,20171009192,2017,10,9,19,0,0,4,41,282,19.4
2017-10-09 20:00:00,2,20171009202,2017,10,9,20,0,0,4,41,282,19.01
2017-10-09 21:00:00,2,20171009212,2017,10,9,21,0,0,4,41,282,15.84
2017-10-09 22:00:00,2,20171009222,2017,10,9,22,0,0,4,41,282,17.51
2017-10-09 23:00:00,2,20171009232,2017,10,9,23,0,0,4,41,282,17.85
2017-10-10 00:00:00,2,20171010002,2017,10,10,0,1,0,4,41,283,16.45
2017-10-10 01:00:00,2,20171010012,2017,10,10,1,1,0,4,41,283,14.73
2017-10-10 02:00:00,2,20171010022,2017,10,10,2,1,0,4,41,283,14.55
2017-10-10 03:00:00,2,20171010032,2017,10,10,3,1,0,4,41,283,12.37
2017-10-10 04:00:00,2,20171010042,2017,10,10,4,1,0,4,41,283,10.24
2017-10-10 05:00:00,2,20171010052,2017,10,10,5,1,0,4,41,283,8.86
2017-10-10 06:00:00,2,20171010062,2017,10,10,6,1,0,4,41,283,9.84
2017-10-10 07:00:00,2,20171010072,2017,10,10,7,1,0,4,41,283,10.43
2017-10-10 08:00:00,2,20171010082,2017,10,10,8,1,0,4,41,283,11.11
2017-10-10 09:00:00,2,20171010092,2017,10,10,9,1,0,4,41,283,11.14
2017-10-10 10:00:00,2,20171010102,2017,10,10,10,1,0,4,41,283,12.69
2017-10-10 11:00:00,2,20171010112,2017,10,10,11,1,0,4,41,283,13.39
2017-10-10 12:00:00,2,20171010122,2017,10,10,12,1,0,4,41,283,13.73
2017-10-10 13:00:00,2,20171010132,2017,10,10,13,1,0,4,41,283,14.97
2017-10-10 14:00:00,2,20171010142,2017,10,10,14,1,0,4,41,283,17.38
2017-10-10 15:00:00,2,20171010152,2017,10,10,15,1,0,4,41,283,16.69
2017-10-10 16:00:00,2,20171010162,2017,10,10,16,1,0,4,41,283,16.71
2017-10-10 17:00:00,2,20171010172,2017,10,10,17,1,0,4,41,283,17.07
2017-10-10 18:00:00,2,20171010182,2017,10,10,18,1,0,4,41,283,19.01
2017-10-10 19:00:00,2,20171010192,2017,10,10,19,1,0,4,41,283,19.56
2017-10-10 20:00:00,2,20171010202,2017,10,10,20,1,0,4,41,283,19.05
2017-10-10 21:00:00,2,20171010212,2017,10,10,21,1,0,4,41,283,16.92
2017-10-10 22:00:00,2,20171010222,2017,10,10,22,1,0,4,41,283,18.29
2017-10-10 23:00:00,2,20171010232,2017,10,10,23,1,0,4,41,283,18.61
2017-10-11 00:00:00,2,20171011002,2017,10,11,0,2,0,4,41,284,16.6
2017-10-11 01:00:00,2,20171011012,2017,10,11,1,2,0,4,41,284,15.25
2017-10-11 02:00:00,2,20171011022,2017,10,11,2,2,0,4,41,284,14.55
2017-10-11 03:00:00,2,20171011032,2017,10,11,3,2,0,4,41,284,12.67
2017-10-11 04:00:00,2,20171011042,2017,10,11,4,2,0,4,41,284,10.6
2017-10-11 05:00:00,2,20171011052,2017,10,11,5,2,0,4,41,284,9.52
2017-10-11 06:00:00,2,20171011062,2017,10,11,6,2,0,4,41,284,10.84
2017-10-11 07:00:00,2,20171011072,2017,10,11,7,2,0,4,41,284,10.45
2017-10-11 08:00:00,2,20171011082,2017,10,11,8,2,0,4,41,284,11.42
2017-10-11 09:00:00,2,20171011092,2017,10,11,9,2,0,4,41,284,11.45
2017-10-11 10:00:00,2,20171011102,2017,10,11,10,2,0,4,41,284,13.56
2017-10-11 11:00:00,2,20171011112,2017,10,11,11,2,0,4,41,284,13.68
2017-10-11 12:00:00,2,20171011122,2017,10,11,12,2,0,4,41,284,14.1
2017-10-11 13:00:00,2,20171011132,2017,10,11,13,2,0,4,41,284,14.31
2017-10-11 14:00:00,2,20171011142,2017,10,11,14,2,0,4,41,284,17.15
2017-10-11 15:00:00,2,20171011152,2017,10,11,15,2,0,4,41,284,16.69
2017-10-11 16:00:00,2,20171011162,2017,10,11,16,2,0,4,41,284,16.48
2017-10-11 17:00:00,2,20171011172,2017,10,11,17,2,0,4,41,284,16.75
2017-10-11 18:00:00,2,20171011182,2017,10,11,18,2,0,4,41,284,18.77
2017-10-11 19:00:00,2,20171011192,2017,10,11,19,2,0,4,41,284,19.43
2017-10-11 20:00:00,2,20171011202,2017,10,11,20,2,0,4,41,284,19.47
2017-10-11 21:00:00,2,20171011212,2017,10,11,21,2,0,4,41,284,18.0
2017-10-11 22:00:00,2,20171011222,2017,10,11,22,2,0,4,41,284,18.21
2017-10-11 23:00:00,2,20171011232,2017,10,11,23,2,0,4,41,284,18.33
2017-10-12 00:00:00,2,20171012002,2017,10,12,0,3,0,4,41,285,16.78
2017-10-12 01:00:00,2,20171012012,2017,10,12,1,3,0,4,41,285,15.51
2017-10-12 02:00:00,2,20171012022,2017,10,12,2,3,0,4,41,285,14.47
2017-10-12 03:00:00,2,20171012032,2017,10,12,3,3,0,4,41,285,13.64
2017-10-12 04:00:00,2,20171012042,2017,10,12,4,3,0,4,41,285,11.29
2017-10-12 05:00:00,2,20171012052,2017,10,12,5,3,0,4,41,285,10.39
2017-10-12 06:00:00,2,20171012062,2017,10,12,6,3,0,4,41,285,10.97
2017-10-12 07:00:00,2,20171012072,2017,10,12,7,3,0,4,41,285,11.19
2017-10-12 08:00:00,2,20171012082,2017,10,12,8,3,0,4,41,285,11.76
2017-10-12 09:00:00,2,20171012092,2017,10,12,9,3,0,4,41,285,12.13
2017-10-12 10:00:00,2,20171012102,2017,10,12,10,3,0,4,41,285,14.09
2017-10-12 11:00:00,2,20171012112,2017,10,12,11,3,0,4,41,285,15.67
2017-10-12 12:00:00,2,20171012122,2017,10,12,12,3,0,4,41,285,16.34
2017-10-12 13:00:00,2,20171012132,2017,10,12,13,3,0,4,41,285,16.33
2017-10-12 14:00:00,2,20171012142,2017,10,12,14,3,0,4,41,285,15.7
2017-10-12 15:00:00,2,20171012152,2017,10,12,15,3,0,4,41,285,15.88
2017-10-12 16:00:00,2,20171012162,2017,10,12,16,3,0,4,41,285,14.9
2017-10-12 17:00:00,2,20171012172,2017,10,12,17,3,0,4,41,285,16.17
2017-10-12 18:00:00,2,20171012182,2017,10,12,18,3,0,4,41,285,19.31
2017-10-12 19:00:00,2,20171012192,2017,10,12,19,3,0,4,41,285,20.64
2017-10-12 20:00:00,2,20171012202,2017,10,12,20,3,0,4,41,285,21.9
2017-10-12 21:00:00,2,20171012212,2017,10,12,21,3,0,4,41,285,18.69
2017-10-12 22:00:00,2,20171012222,2017,10,12,22,3,0,4,41,285,17.83
2017-10-12 23:00:00,2,20171012232,2017,10,12,23,3,0,4,41,285,17.92
2017-10-13 00:00:00,2,20171013002,2017,10,13,0,4,0,4,41,286,16.73
2017-10-13 01:00:00,2,20171013012,2017,10,13,1,4,0,4,41,286,15.89
2017-10-13 02:00:00,2,20171013022,2017,10,13,2,4,0,4,41,286,14.87
2017-10-13 03:00:00,2,20171013032,2017,10,13,3,4,0,4,41,286,13.53
2017-10-13 04:00:00,2,20171013042,2017,10,13,4,4,0,4,41,286,9.96
2017-10-13 05:00:00,2,20171013052,2017,10,13,5,4,0,4,41,286,10.47
2017-10-13 06:00:00,2,20171013062,2017,10,13,6,4,0,4,41,286,10.39
2017-10-13 07:00:00,2,20171013072,2017,10,13,7,4,0,4,41,286,11.31
2017-10-13 08:00:00,2,20171013082,2017,10,13,8,4,0,4,41,286,12.89
2017-10-13 09:00:00,2,20171013092,2017,10,13,9,4,0,4,41,286,12.73
2017-10-13 10:00:00,2,20171013102,2017,10,13,10,4,0,4,41,286,13.57
2017-10-13 11:00:00,2,20171013112,2017,10,13,11,4,0,4,41,286,15.13
2017-10-13 12:00:00,2,20171013122,2017,10,13,12,4,0,4,41,286,16.14
2017-10-13 13:00:00,2,20171013132,2017,10,13,13,4,0,4,41,286,14.0
2017-10-13 14:00:00,2,20171013142,2017,10,13,14,4,0,4,41,286,16.73
2017-10-13 15:00:00,2,20171013152,2017,10,13,15,4,0,4,41,286,17.72
2017-10-13 16:00:00,2,20171013162,2017,10,13,16,4,0,4,41,286,17.55
2017-10-13 17:00:00,2,20171013172,2017,10,13,17,4,0,4,41,286,16.93
2017-10-13 18:00:00,2,20171013182,2017,10,13,18,4,0,4,41,286,17.97
2017-10-13 19:00:00,2,20171013192,2017,10,13,19,4,0,4,41,286,18.0
2017-10-13 20:00:00,2,20171013202,2017,10,13,20,4,0,4,41,286,17.91
2017-10-13 21:00:00,2,20171013212,2017,10,13,21,4,0,4,41,286,18.25
2017-10-13 22:00:00,2,20171013222,2017,10,13,22,4,0,4,41,286,17.95
2017-10-13 23:00:00,2,20171013232,2017,10,13,23,4,0,4,41,286,14.87
2017-10-14 00:00:00,2,20171014002,2017,10,14,0,5,1,4,41,287,14.83
2017-10-14 01:00:00,2,20171014012,2017,10,14,1,5,1,4,41,287,14.1
2017-10-14 02:00:00,2,20171014022,2017,10,14,2,5,1,4,41,287,14.06
2017-10-14 03:00:00,2,20171014032,2017,10,14,3,5,1,4,41,287,9.98
2017-10-14 04:00:00,2,20171014042,2017,10,14,4,5,1,4,41,287,9.94
2017-10-14 05:00:00,2,20171014052,2017,10,14,5,5,1,4,41,287,8.33
2017-10-14 06:00:00,2,20171014062,2017,10,14,6,5,1,4,41,287,8.69
2017-10-14 07:00:00,2,20171014072,2017,10,14,7,5,1,4,41,287,8.34
2017-10-14 08:00:00,2,20171014082,2017,10,14,8,5,1,4,41,287,7.1
2017-10-14 09:00:00,2,20171014092,2017,10,14,9,5,1,4,41,287,9.3
2017-10-14 10:00:00,2,20171014102,2017,10,14,10,5,1,4,41,287,11.32
2017-10-14 11:00:00,2,20171014112,2017,10,14,11,5,1,4,41,287,10.82
2017-10-14 12:00:00,2,20171014122,2017,10,14,12,5,1,4,41,287,10.83
2017-10-14 13:00:00,2,20171014132,2017,10,14,13,5,1,4,41,287,9.6
2017-10-14 14:00:00,2,20171014142,2017,10,14,14,5,1,4,41,287,9.84
2017-10-14 15:00:00,2,20171014152,2017,10,14,15,5,1,4,41,287,10.25
2017-10-14 16:00:00,2,20171014162,2017,10,14,16,5,1,4,41,287,9.08
2017-10-14 17:00:00,2,20171014172,2017,10,14,17,5,1,4,41,287,8.21
2017-10-14 18:00:00,2,20171014182,2017,10,14,18,5,1,4,41,287,10.17
2017-10-14 19:00:00,2,20171014192,2017,10,14,19,5,1,4,41,287,9.78
2017-10-14 20:00:00,2,20171014202,2017,10,14,20,5,1,4,41,287,12.94
2017-10-14 21:00:00,2,20171014212,2017,10,14,21,5,1,4,41,287,13.34
2017-10-14 22:00:00,2,20171014222,2017,10,14,22,5,1,4,41,287,13.47
2017-10-14 23:00:00,2,20171014232,2017,10,14,23,5,1,4,41,287,12.55
2017-10-15 00:00:00,2,20171015002,2017,10,15,0,6,1,4,41,288,13.01
2017-10-15 01:00:00,2,20171015012,2017,10,15,1,6,1,4,41,288,13.51
2017-10-15 02:00:00,2,20171015022,2017,10,15,2,6,1,4,41,288,10.04
2017-10-15 03:00:00,2,20171015032,2017,10,15,3,6,1,4,41,288,9.57
2017-10-15 04:00:00,2,20171015042,2017,10,15,4,6,1,4,41,288,8.66
2017-10-15 05:00:00,2,20171015052,2017,10,15,5,6,1,4,41,288,8.32
2017-10-15 06:00:00,2,20171015062,2017,10,15,6,6,1,4,41,288,7.74
2017-10-15 07:00:00,2,20171015072,2017,10,15,7,6,1,4,41,288,8.64
2017-10-15 08:00:00,2,20171015082,2017,10,15,8,6,1,4,41,288,7.77
2017-10-15 09:00:00,2,20171015092,2017,10,15,9,6,1,4,41,288,9.6
2017-10-15 10:00:00,2,20171015102,2017,10,15,10,6,1,4,41,288,10.51
2017-10-15 11:00:00,2,20171015112,2017,10,15,11,6,1,4,41,288,11.25
2017-10-15 12:00:00,2,20171015122,2017,10,15,12,6,1,4,41,288,10.48
2017-10-15 13:00:00,2,20171015132,2017,10,15,13,6,1,4,41,288,10.82
2017-10-15 14:00:00,2,20171015142,2017,10,15,14,6,1,4,41,288,10.92
2017-10-15 15:00:00,2,20171015152,2017,10,15,15,6,1,4,41,288,8.87
2017-10-15 16:00:00,2,20171015162,2017,10,15,16,6,1,4,41,288,9.48
2017-10-15 17:00:00,2,20171015172,2017,10,15,17,6,1,4,41,288,9.96
2017-10-15 18:00:00,2,20171015182,2017,10,15,18,6,1,4,41,288,13.25
2017-10-15 19:00:00,2,20171015192,2017,10,15,19,6,1,4,41,288,12.53
2017-10-15 20:00:00,2,20171015202,2017,10,15,20,6,1,4,41,288,13.22
2017-10-15 21:00:00,2,20171015212,2017,10,15,21,6,1,4,41,288,13.47
2017-10-15 22:00:00,2,20171015222,2017,10,15,22,6,1,4,41,288,14.85
2017-10-15 23:00:00,2,20171015232,2017,10,15,23,6,1,4,41,288,14.86
2017-10-16 00:00:00,2,20171016002,2017,10,16,0,0,0,4,42,289,14.52
2017-10-16 01:00:00,2,20171016012,2017,10,16,1,0,0,4,42,289,12.69
2017-10-16 02:00:00,2,20171016022,2017,10,16,2,0,0,4,42,289,11.9
2017-10-16 03:00:00,2,20171016032,2017,10,16,3,0,0,4,42,289,11.76
2017-10-16 04:00:00,2,20171016042,2017,10,16,4,0,0,4,42,289,10.13
2017-10-16 05:00:00,2,20171016052,2017,10,16,5,0,0,4,42,289,9.32
2017-10-16 06:00:00,2,20171016062,2017,10,16,6,0,0,4,42,289,10.47
2017-10-16 07:00:00,2,20171016072,2017,10,16,7,0,0,4,42,289,10.59
2017-10-16 08:00:00,2,20171016082,2017,10,16,8,0,0,4,42,289,11.2
2017-10-16 09:00:00,2,20171016092,2017,10,16,9,0,0,4,42,289,15.05
2017-10-16 10:00:00,2,20171016102,2017,10,16,10,0,0,4,42,289,14.34
2017-10-16 11:00:00,2,20171016112,2017,10,16,11,0,0,4,42,289,16.8
2017-10-16 12:00:00,2,20171016122,2017,10,16,12,0,0,4,42,289,17.13
2017-10-16 13:00:00,2,20171016132,2017,10,16,13,0,0,4,42,289,17.31
2017-10-16 14:00:00,2,20171016142,2017,10,16,14,0,0,4,42,289,20.07
2017-10-16 15:00:00,2,20171016152,2017,10,16,15,0,0,4,42,289,18.93
2017-10-16 16:00:00,2,20171016162,2017,10,16,16,0,0,4,42,289,17.57
2017-10-16 17:00:00,2,20171016172,2017,10,16,17,0,0,4,42,289,18.74
2017-10-16 18:00:00,2,20171016182,2017,10,16,18,0,0,4,42,289,18.47
2017-10-16 19:00:00,2,20171016192,2017,10,16,19,0,0,4,42,289,21.16
2017-10-16 20:00:00,2,20171016202,2017,10,16,20,0,0,4,42,289,20.4
2017-10-16 21:00:00,2,20171016212,2017,10,16,21,0,0,4,42,289,17.61
2017-10-16 22:00:00,2,20171016222,2017,10,16,22,0,0,4,42,289,19.36
2017-10-16 23:00:00,2,20171016232,2017,10,16,23,0,0,4,42,289,18.57
2017-10-17 00:00:00,2,20171017002,2017,10,17,0,1,0,4,42,290,17.21
2017-10-17 01:00:00,2,20171017012,2017,10,17,1,1,0,4,42,290,17.13
2017-10-17 02:00:00,2,20171017022,2017,10,17,2,1,0,4,42,290,15.96
2017-10-17 03:00:00,2,20171017032,2017,10,17,3,1,0,4,42,290,13.27
2017-10-17 04:00:00,2,20171017042,2017,10,17,4,1,0,4,42,290,10.6
2017-10-17 05:00:00,2,20171017052,2017,10,17,5,1,0,4,42,290,9.12
2017-10-17 06:00:00,2,20171017062,2017,10,17,6,1,0,4,42,290,10.44
2017-10-17 07:00:00,2,20171017072,2017,10,17,7,1,0,4,42,290,10.6
2017-10-17 08:00:00,2,20171017082,2017,10,17,8,1,0,4,42,290,11.93
2017-10-17 09:00:00,2,20171017092,2017,10,17,9,1,0,4,42,290,15.1
2017-10-17 10:00:00,2,20171017102,2017,10,17,10,1,0,4,42,290,13.86
2017-10-17 11:00:00,2,20171017112,2017,10,17,11,1,0,4,42,290,17.14
2017-10-17 12:00:00,2,20171017122,2017,10,17,12,1,0,4,42,290,17.52
2017-10-17 13:00:00,2,20171017132,2017,10,17,13,1,0,4,42,290,17.72
2017-10-17 14:00:00,2,20171017142,2017,10,17,14,1,0,4,42,290,19.62
2017-10-17 15:00:00,2,20171017152,2017,10,17,15,1,0,4,42,290,18.52
2017-10-17 16:00:00,2,20171017162,2017,10,17,16,1,0,4,42,290,17.63
2017-10-17 17:00:00,2,20171017172,2017,10,17,17,1,0,4,42,290,19.07
2017-10-17 18:00:00,2,20171017182,2017,10,17,18,1,0,4,42,290,19.39
2017-10-17 19:00:00,2,20171017192,2017,10,17,19,1,0,4,42,290,21.19
2017-10-17 20:00:00,2,20171017202,2017,10,17,20,1,0,4,42,290,21.66
2017-10-17 21:00:00,2,20171017212,2017,10,17,21,1,0,4,42,290,18.69
2017-10-17 22:00:00,2,20171017222,2017,10,17,22,1,0,4,42,290,19.88
2017-10-17 23:00:00,2,20171017232,2017,10,17,23,1,0,4,42,290,19.59
2017-10-18 00:00:00,2,20171018002,2017,10,18,0,2,0,4,42,291,18.55
2017-10-18 01:00:00,2,20171018012,2017,10,18,1,2,0,4,42,291,17.47
2017-10-18 02:00:00,2,20171018022,2017,10,18,2,2,0,4,42,291,16.58
2017-10-18 03:00:00,2,20171018032,2017,10,18,3,2,0,4,42,291,12.91
2017-10-18 04:00:00,2,20171018042,2017,10,18,4,2,0,4,42,291,10.56
2017-10-18 05:00:00,2,20171018052,2017,10,18,5,2,0,4,42,291,10.04
2017-10-18 06:00:00,2,20171018062,2017,10,18,6,2,0,4,42,291,11.51
2017-10-18 07:00:00,2,20171018072,2017,10,18,7,2,0,4,42,291,11.23
2017-10-18 08:00:00,2,20171018082,2017,10,18,8,2,0,4,42,291,13.16
2017-10-18 09:00:00,2,20171018092,2017,10,18,9,2,0,4,42,291,14.11
2017-10-18 10:00:00,2,20171018102,2017,10,18,10,2,0,4,42,291,14.03
2017-10-18 11:00:00,2,20171018112,2017,10,18,11,2,0,4,42,291,17.62
2017-10-18 12:00:00,2,20171018122,2017,10,18,12,2,0,4,42,291,17.38
2017-10-18 13:00:00,2,20171018132,2017,10,18,13,2,0,4,42,291,16.25
2017-10-18 14:00:00,2,20171018142,2017,10,18,14,2,0,4,42,291,20.04
2017-10-18 15:00:00,2,20171018152,2017,10,18,15,2,0,4,42,291,19.38
2017-10-18 16:00:00,2,20171018162,2017,10,18,16,2,0,4,42,291,18.87
2017-10-18 17:00:00,2,20171018172,2017,10,18,17,2,0,4,42,291,20.06
2017-10-18 18:00:00,2,20171018182,2017,10,18,18,2,0,4,42,291,19.22
2017-10-18 19:00:00,2,20171018192,2017,10,18,19,2,0,4,42,291,22.13
2017-10-18 20:00:00,2,20171018202,2017,10,18,20,2,0,4,42,291,21.92
2017-10-18 21:00:00,2,20171018212,2017,10,18,21,2,0,4,42,291,19.22
2017-10-18 22:00:00,2,20171018222,2017,10,18,22,2,0,4,42,291,19.96
2017-10-18 23:00:00,2,20171018232,2017,10,18,23,2,0,4,42,291,20.04
2017-10-19 00:00:00,2,20171019002,2017,10,19,0,3,0,4,42,292,18.2
2017-10-19 01:00:00,2,20171019012,2017,10,19,1,3,0,4,42,292,16.81
2017-10-19 02:00:00,2,20171019022,2017,10,19,2,3,0,4,42,292,16.15
2017-10-19 03:00:00,2,20171019032,2017,10,19,3,3,0,4,42,292,12.74
2017-10-19 04:00:00,2,20171019042,2017,10,19,4,3,0,4,42,292,11.11
2017-10-19 05:00:00,2,20171019052,2017,10,19,5,3,0,4,42,292,10.3
2017-10-19 06:00:00,2,20171019062,2017,10,19,6,3,0,4,42,292,11.08
2017-10-19 07:00:00,2,20171019072,2017,10,19,7,3,0,4,42,292,11.75
2017-10-19 08:00:00,2,20171019082,2017,10,19,8,3,0,4,42,292,13.58
2017-10-19 09:00:00,2,20171019092,2017,10,19,9,3,0,4,42,292,13.72
2017-10-19 10:00:00,2,20171019102,2017,10,19,10,3,0,4,42,292,14.3
2017-10-19 11:00:00,2,20171019112,2017,10,19,11,3,0,4,42,292,17.61
2017-10-19 12:00:00,2,20171019122,2017,10,19,12,3,0,4,42,292,17.52
2017-10-19 13:00:00,2,20171019132,2017,10,19,13,3,0,4,42,292,15.7
2017-10-19 14:00:00,2,20171019142,2017,10,19,14,3,0,4,42,292,21.05
2017-10-19 15:00:00,2,20171019152,2017,10,19,15,3,0,4,42,292,19.81
2017-10-19 16:00:00,2,20171019162,2017,10,19,16,3,0,4,42,292,19.95
2017-10-19 17:00:00,2,20171019172,2017,10,19,17,3,0,4,42,292,20.54
2017-10-19 18:00:00,2,20171019182,2017,10,19,18,3,0,4,42,292,19.75
2017-10-19 19:00:00,2,20171019192,2017,10,19,19,3,0,4,42,292,22.94
2017-10-19 20:00:00,2,20171019202,2017,10,19,20,3,0,4,42,292,21.44
2017-10-19 21:00:00,2,20171019212,2017,10,19,21,3,0,4,42,292,19.12
2017-10-19 22:00:00,2,20171019222,2017,10,19,22,3,0,4,42,292,20.45
2017-10-19 23:00:00,2,20171019232,2017,10,19,23,3,0,4,42,292,21.15
2017-10-20 00:00:00,2,20171020002,2017,10,20,0,4,0,4,42,293,16.82
2017-10-20 01:00:00,2,20171020012,2017,10,20,1,4,0,4,42,293,16.82
2017-10-20 02:00:00,2,20171020022,2017,10,20,2,4,0,4,42,293,16.05
2017-10-20 03:00:00,2,20171020032,2017,10,20,3,4,0,4,42,293,12.5
2017-10-20 04:00:00,2,20171020042,2017,10,20,4,4,0,4,42,293,10.89
2017-10-20 05:00:00,2,20171020052,2017,10,20,5,4,0,4,42,293,9.56
2017-10-20 06:00:00,2,20171020062,2017,10,20,6,4,0,4,42,293,11.04
2017-10-20 07:00:00,2,20171020072,2017,10,20,7,4,0,4,42,293,12.25
2017-10-20 08:00:00,2,20171020082,2017,10,20,8,4,0,4,42,293,12.82
2017-10-20 09:00:00,2,20171020092,2017,10,20,9,4,0,4,42,293,12.89
2017-10-20 10:00:00,2,20171020102,2017,10,20,10,4,0,4,42,293,14.08
2017-10-20 11:00:00,2,20171020112,2017,10,20,11,4,0,4,42,293,13.51
2017-10-20 12:00:00,2,20171020122,2017,10,20,12,4,0,4,42,293,15.86
2017-10-20 13:00:00,2,20171020132,2017,10,20,13,4,0,4,42,293,14.99
2017-10-20 14:00:00,2,20171020142,2017,10,20,14,4,0,4,42,293,18.72
2017-10-20 15:00:00,2,20171020152,2017,10,20,15,4,0,4,42,293,18.65
2017-10-20 16:00:00,2,20171020162,2017,10,20,16,4,0,4,42,293,16.16
2017-10-20 17:00:00,2,20171020172,2017,10,20,17,4,0,4,42,293,17.52
2017-10-20 18:00:00,2,20171020182,2017,10,20,18,4,0,4,42,293,19.17
2017-10-20 19:00:00,2,20171020192,2017,10,20,19,4,0,4,42,293,17.53
2017-10-20 20:00:00,2,20171020202,2017,10,20,20,4,0,4,42,293,17.26
2017-10-20 21:00:00,2,20171020212,2017,10,20,21,4,0,4,42,293,15.74
2017-10-20 22:00:00,2,20171020222,2017,10,20,22,4,0,4,42,293,14.3
2017-10-20 23:00:00,2,20171020232,2017,10,20,23,4,0,4,42,293,15.31
2017-10-21 00:00:00,2,20171021002,2017,10,21,0,5,1,4,42,294,15.58
2017-10-21 01:00:00,2,20171021012,2017,10,21,1,5,1,4,42,294,14.18
2017-10-21 02:00:00,2,20171021022,2017,10,21,2,5,1,4,42,294,11.65
2017-10-21 03:00:00,2,20171021032,2017,10,21,3,5,1,4,42,294,9.92
2017-10-21 04:00:00,2,20171021042,2017,10,21,4,5,1,4,42,294,8.39
2017-10-21 05:00:00,2,20171021052,2017,10,21,5,5,1,4,42,294,7.07
2017-10-21 06:00:00,2,20171021062,2017,10,21,6,5,1,4,42,294,7.61
2017-10-21 07:00:00,2,20171021072,2017,10,21,7,5,1,4,42,294,7.93
2017-10-21 08:00:00,2,20171021082,2017,10,21,8,5,1,4,42,294,9.14
2017-10-21 09:00:00,2,20171021092,2017,10,21,9,5,1,4,42,294,9.12
2017-10-21 10:00:00,2,20171021102,2017,10,21,10,5,1,4,42,294,12.21
2017-10-21 11:00:00,2,20171021112,2017,10,21,11,5,1,4,42,294,10.72
2017-10-21 12:00:00,2,20171021122,2017,10,21,12,5,1,4,42,294,12.21
2017-10-21 13:00:00,2,20171021132,2017,10,21,13,5,1,4,42,294,11.13
2017-10-21 14:00:00,2,20171021142,2017,10,21,14,5,1,4,42,294,10.89
2017-10-21 15:00:00,2,20171021152,2017,10,21,15,5,1,4,42,294,11.07
2017-10-21 16:00:00,2,20171021162,2017,10,21,16,5,1,4,42,294,11.27
2017-10-21 17:00:00,2,20171021172,2017,10,21,17,5,1,4,42,294,13.41
2017-10-21 18:00:00,2,20171021182,2017,10,21,18,5,1,4,42,294,12.4
2017-10-21 19:00:00,2,20171021192,2017,10,21,19,5,1,4,42,294,12.23
2017-10-21 20:00:00,2,20171021202,2017,10,21,20,5,1,4,42,294,12.0
2017-10-21 21:00:00,2,20171021212,2017,10,21,21,5,1,4,42,294,10.77
2017-10-21 22:00:00,2,20171021222,2017,10,21,22,5,1,4,42,294,13.75
2017-10-21 23:00:00,2,20171021232,2017,10,21,23,5,1,4,42,294,13.46
2017-10-22 00:00:00,2,20171022002,2017,10,22,0,6,1,4,42,295,15.16
2017-10-22 01:00:00,2,20171022012,2017,10,22,1,6,1,4,42,295,12.46
2017-10-22 02:00:00,2,20171022022,2017,10,22,2,6,1,4,42,295,10.5
2017-10-22 03:00:00,2,20171022032,2017,10,22,3,6,1,4,42,295,8.92
2017-10-22 04:00:00,2,20171022042,2017,10,22,4,6,1,4,42,295,8.41
2017-10-22 05:00:00,2,20171022052,2017,10,22,5,6,1,4,42,295,6.78
2017-10-22 06:00:00,2,20171022062,2017,10,22,6,6,1,4,42,295,7.36
2017-10-22 07:00:00,2,20171022072,2017,10,22,7,6,1,4,42,295,7.81
2017-10-22 08:00:00,2,20171022082,2017,10,22,8,6,1,4,42,295,9.53
2017-10-22 09:00:00,2,20171022092,2017,10,22,9,6,1,4,42,295,10.4
2017-10-22 10:00:00,2,20171022102,2017,10,22,10,6,1,4,42,295,11.18
2017-10-22 11:00:00,2,20171022112,2017,10,22,11,6,1,4,42,295,11.72
2017-10-22 12:00:00,2,20171022122,2017,10,22,12,6,1,4,42,295,10.85
2017-10-22 13:00:00,2,20171022132,2017,10,22,13,6,1,4,42,295,10.54
2017-10-22 14:00:00,2,20171022142,2017,10,22,14,6,1,4,42,295,10.19
2017-10-22 15:00:00,2,20171022152,2017,10,22,15,6,1,4,42,295,10.74
2017-10-22 16:00:00,2,20171022162,2017,10,22,16,6,1,4,42,295,10.44
2017-10-22 17:00:00,2,20171022172,2017,10,22,17,6,1,4,42,295,13.35
2017-10-22 18:00:00,2,20171022182,2017,10,22,18,6,1,4,42,295,13.14
2017-10-22 19:00:00,2,20171022192,2017,10,22,19,6,1,4,42,295,12.09
2017-10-22 20:00:00,2,20171022202,2017,10,22,20,6,1,4,42,295,13.29
2017-10-22 21:00:00,2,20171022212,2017,10,22,21,6,1,4,42,295,13.78
2017-10-22 22:00:00,2,20171022222,2017,10,22,22,6,1,4,42,295,14.57
2017-10-22 23:00:00,2,20171022232,2017,10,22,23,6,1,4,42,295,15.27
2017-10-23 00:00:00,2,20171023002,2017,10,23,0,0,0,4,43,296,17.17
2017-10-23 01:00:00,2,20171023012,2017,10,23,1,0,0,4,43,296,10.98
2017-10-23 02:00:00,2,20171023022,2017,10,23,2,0,0,4,43,296,12.66
2017-10-23 03:00:00,2,20171023032,2017,10,23,3,0,0,4,43,296,11.45
2017-10-23 04:00:00,2,20171023042,2017,10,23,4,0,0,4,43,296,10.38
2017-10-23 05:00:00,2,20171023052,2017,10,23,5,0,0,4,43,296,9.17
2017-10-23 06:00:00,2,20171023062,2017,10,23,6,0,0,4,43,296,9.6
2017-10-23 07:00:00,2,20171023072,2017,10,23,7,0,0,4,43,296,11.84
2017-10-23 08:00:00,2,20171023082,2017,10,23,8,0,0,4,43,296,12.76
2017-10-23 09:00:00,2,20171023092,2017,10,23,9,0,0,4,43,296,13.09
2017-10-23 10:00:00,2,20171023102,2017,10,23,10,0,0,4,43,296,13.44
2017-10-23 11:00:00,2,20171023112,2017,10,23,11,0,0,4,43,296,16.57
2017-10-23 12:00:00,2,20171023122,2017,10,23,12,0,0,4,43,296,17.92
2017-10-23 13:00:00,2,20171023132,2017,10,23,13,0,0,4,43,296,16.82
2017-10-23 14:00:00,2,20171023142,2017,10,23,14,0,0,4,43,296,19.68
2017-10-23 15:00:00,2,20171023152,2017,10,23,15,0,0,4,43,296,19.9
2017-10-23 16:00:00,2,20171023162,2017,10,23,16,0,0,4,43,296,19.86
2017-10-23 17:00:00,2,20171023172,2017,10,23,17,0,0,4,43,296,19.77
2017-10-23 18:00:00,2,20171023182,2017,10,23,18,0,0,4,43,296,20.25
2017-10-23 19:00:00,2,20171023192,2017,10,23,19,0,0,4,43,296,20.97
2017-10-23 20:00:00,2,20171023202,2017,10,23,20,0,0,4,43,296,22.04
2017-10-23 21:00:00,2,20171023212,2017,10,23,21,0,0,4,43,296,20.16
2017-10-23 22:00:00,2,20171023222,2017,10,23,22,0,0,4,43,296,18.87
2017-10-23 23:00:00,2,20171023232,2017,10,23,23,0,0,4,43,296,19.49
2017-10-24 00:00:00,2,20171024002,2017,10,24,0,1,0,4,43,297,18.47
2017-10-24 01:00:00,2,20171024012,2017,10,24,1,1,0,4,43,297,16.73
2017-10-24 02:00:00,2,20171024022,2017,10,24,2,1,0,4,43,297,14.71
2017-10-24 03:00:00,2,20171024032,2017,10,24,3,1,0,4,43,297,11.68
2017-10-24 04:00:00,2,20171024042,2017,10,24,4,1,0,4,43,297,11.52
2017-10-24 05:00:00,2,20171024052,2017,10,24,5,1,0,4,43,297,9.84
2017-10-24 06:00:00,2,20171024062,2017,10,24,6,1,0,4,43,297,10.11
2017-10-24 07:00:00,2,20171024072,2017,10,24,7,1,0,4,43,297,12.33
2017-10-24 08:00:00,2,20171024082,2017,10,24,8,1,0,4,43,297,13.69
2017-10-24 09:00:00,2,20171024092,2017,10,24,9,1,0,4,43,297,14.6
2017-10-24 10:00:00,2,20171024102,2017,10,24,10,1,0,4,43,297,13.32
2017-10-24 11:00:00,2,20171024112,2017,10,24,11,1,0,4,43,297,16.0
2017-10-24 12:00:00,2,20171024122,2017,10,24,12,1,0,4,43,297,18.06
2017-10-24 13:00:00,2,20171024132,2017,10,24,13,1,0,4,43,297,16.87
2017-10-24 14:00:00,2,20171024142,2017,10,24,14,1,0,4,43,297,19.28
2017-10-24 15:00:00,2,20171024152,2017,10,24,15,1,0,4,43,297,19.54
2017-10-24 16:00:00,2,20171024162,2017,10,24,16,1,0,4,43,297,19.65
2017-10-24 17:00:00,2,20171024172,2017,10,24,17,1,0,4,43,297,20.55
2017-10-24 18:00:00,2,20171024182,2017,10,24,18,1,0,4,43,297,20.72
2017-10-24 19:00:00,2,20171024192,2017,10,24,19,1,0,4,43,297,23.05
2017-10-24 20:00:00,2,20171024202,2017,10,24,20,1,0,4,43,297,23.06
2017-10-24 21:00:00,2,20171024212,2017,10,24,21,1,0,4,43,297,19.89
2017-10-24 22:00:00,2,20171024222,2017,10,24,22,1,0,4,43,297,18.45
2017-10-24 23:00:00,2,20171024232,2017,10,24,23,1,0,4,43,297,19.43
2017-10-25 00:00:00,2,20171025002,2017,10,25,0,2,0,4,43,298,18.09
2017-10-25 01:00:00,2,20171025012,2017,10,25,1,2,0,4,43,298,16.59
2017-10-25 02:00:00,2,20171025022,2017,10,25,2,2,0,4,43,298,14.57
2017-10-25 03:00:00,2,20171025032,2017,10,25,3,2,0,4,43,298,12.27
2017-10-25 04:00:00,2,20171025042,2017,10,25,4,2,0,4,43,298,11.85
2017-10-25 05:00:00,2,20171025052,2017,10,25,5,2,0,4,43,298,10.07
2017-10-25 06:00:00,2,20171025062,2017,10,25,6,2,0,4,43,298,10.87
2017-10-25 07:00:00,2,20171025072,2017,10,25,7,2,0,4,43,298,12.7
2017-10-25 08:00:00,2,20171025082,2017,10,25,8,2,0,4,43,298,12.68
2017-10-25 09:00:00,2,20171025092,2017,10,25,9,2,0,4,43,298,12.9
2017-10-25 10:00:00,2,20171025102,2017,10,25,10,2,0,4,43,298,12.75
2017-10-25 11:00:00,2,20171025112,2017,10,25,11,2,0,4,43,298,16.39
2017-10-25 12:00:00,2,20171025122,2017,10,25,12,2,0,4,43,298,17.81
2017-10-25 13:00:00,2,20171025132,2017,10,25,13,2,0,4,43,298,15.05
2017-10-25 14:00:00,2,20171025142,2017,10,25,14,2,0,4,43,298,18.65
2017-10-25 15:00:00,2,20171025152,2017,10,25,15,2,0,4,43,298,18.23
2017-10-25 16:00:00,2,20171025162,2017,10,25,16,2,0,4,43,298,19.17
2017-10-25 17:00:00,2,20171025172,2017,10,25,17,2,0,4,43,298,19.77
2017-10-25 18:00:00,2,20171025182,2017,10,25,18,2,0,4,43,298,19.16
2017-10-25 19:00:00,2,20171025192,2017,10,25,19,2,0,4,43,298,22.18
2017-10-25 20:00:00,2,20171025202,2017,10,25,20,2,0,4,43,298,20.58
2017-10-25 21:00:00,2,20171025212,2017,10,25,21,2,0,4,43,298,18.04
2017-10-25 22:00:00,2,20171025222,2017,10,25,22,2,0,4,43,298,17.66
2017-10-25 23:00:00,2,20171025232,2017,10,25,23,2,0,4,43,298,19.52
2017-10-26 00:00:00,2,20171026002,2017,10,26,0,3,0,4,43,299,19.2
2017-10-26 01:00:00,2,20171026012,2017,10,26,1,3,0,4,43,299,16.97
2017-10-26 02:00:00,2,20171026022,2017,10,26,2,3,0,4,43,299,14.65
2017-10-26 03:00:00,2,20171026032,2017,10,26,3,3,0,4,43,299,13.1
2017-10-26 04:00:00,2,20171026042,2017,10,26,4,3,0,4,43,299,12.72
2017-10-26 05:00:00,2,20171026052,2017,10,26,5,3,0,4,43,299,10.09
2017-10-26 06:00:00,2,20171026062,2017,10,26,6,3,0,4,43,299,10.55
2017-10-26 07:00:00,2,20171026072,2017,10,26,7,3,0,4,43,299,12.54
2017-10-26 08:00:00,2,20171026082,2017,10,26,8,3,0,4,43,299,12.61
2017-10-26 09:00:00,2,20171026092,2017,10,26,9,3,0,4,43,299,12.81
2017-10-26 10:00:00,2,20171026102,2017,10,26,10,3,0,4,43,299,14.16
2017-10-26 11:00:00,2,20171026112,2017,10,26,11,3,0,4,43,299,16.25
2017-10-26 12:00:00,2,20171026122,2017,10,26,12,3,0,4,43,299,17.98
2017-10-26 13:00:00,2,20171026132,2017,10,26,13,3,0,4,43,299,15.13
2017-10-26 14:00:00,2,20171026142,2017,10,26,14,3,0,4,43,299,17.62
2017-10-26 15:00:00,2,20171026152,2017,10,26,15,3,0,4,43,299,16.8
2017-10-26 16:00:00,2,20171026162,2017,10,26,16,3,0,4,43,299,17.48
2017-10-26 17:00:00,2,20171026172,2017,10,26,17,3,0,4,43,299,18.99
2017-10-26 18:00:00,2,20171026182,2017,10,26,18,3,0,4,43,299,18.51
2017-10-26 19:00:00,2,20171026192,2017,10,26,19,3,0,4,43,299,22.01
2017-10-26 20:00:00,2,20171026202,2017,10,26,20,3,0,4,43,299,20.33
2017-10-26 21:00:00,2,20171026212,2017,10,26,21,3,0,4,43,299,17.7
2017-10-26 22:00:00,2,20171026222,2017,10,26,22,3,0,4,43,299,17.55
2017-10-26 23:00:00,2,20171026232,2017,10,26,23,3,0,4,43,299,19.46
2017-10-27 00:00:00,2,20171027002,2017,10,27,0,4,0,4,43,300,17.26
2017-10-27 01:00:00,2,20171027012,2017,10,27,1,4,0,4,43,300,17.79
2017-10-27 02:00:00,2,20171027022,2017,10,27,2,4,0,4,43,300,15.13
2017-10-27 03:00:00,2,20171027032,2017,10,27,3,4,0,4,43,300,14.0
2017-10-27 04:00:00,2,20171027042,2017,10,27,4,4,0,4,43,300,12.76
2017-10-27 05:00:00,2,20171027052,2017,10,27,5,4,0,4,43,300,9.89
2017-10-27 06:00:00,2,20171027062,2017,10,27,6,4,0,4,43,300,10.54
2017-10-27 07:00:00,2,20171027072,2017,10,27,7,4,0,4,43,300,11.98
2017-10-27 08:00:00,2,20171027082,2017,10,27,8,4,0,4,43,300,12.63
2017-10-27 09:00:00,2,20171027092,2017,10,27,9,4,0,4,43,300,12.28
2017-10-27 10:00:00,2,20171027102,2017,10,27,10,4,0,4,43,300,13.67
2017-10-27 11:00:00,2,20171027112,2017,10,27,11,4,0,4,43,300,13.61
2017-10-27 12:00:00,2,20171027122,2017,10,27,12,4,0,4,43,300,17.13
2017-10-27 13:00:00,2,20171027132,2017,10,27,13,4,0,4,43,300,14.79
2017-10-27 14:00:00,2,20171027142,2017,10,27,14,4,0,4,43,300,14.29
2017-10-27 15:00:00,2,20171027152,2017,10,27,15,4,0,4,43,300,16.4
2017-10-27 16:00:00,2,20171027162,2017,10,27,16,4,0,4,43,300,14.42
2017-10-27 17:00:00,2,20171027172,2017,10,27,17,4,0,4,43,300,16.22
2017-10-27 18:00:00,2,20171027182,2017,10,27,18,4,0,4,43,300,17.34
2017-10-27 19:00:00,2,20171027192,2017,10,27,19,4,0,4,43,300,17.22
2017-10-27 20:00:00,2,20171027202,2017,10,27,20,4,0,4,43,300,17.58
2017-10-27 21:00:00,2,20171027212,2017,10,27,21,4,0,4,43,300,15.9
2017-10-27 22:00:00,2,20171027222,2017,10,27,22,4,0,4,43,300,19.03
2017-10-27 23:00:00,2,20171027232,2017,10,27,23,4,0,4,43,300,16.38
2017-10-28 00:00:00,2,20171028002,2017,10,28,0,5,1,4,43,301,17.14
2017-10-28 01:00:00,2,20171028012,2017,10,28,1,5,1,4,43,301,13.66
2017-10-28 02:00:00,2,20171028022,2017,10,28,2,5,1,4,43,301,11.36
2017-10-28 03:00:00,2,20171028032,2017,10,28,3,5,1,4,43,301,9.46
2017-10-28 04:00:00,2,20171028042,2017,10,28,4,5,1,4,43,301,9.84
2017-10-28 05:00:00,2,20171028052,2017,10,28,5,5,1,4,43,301,9.02
2017-10-28 06:00:00,2,20171028062,2017,10,28,6,5,1,4,43,301,10.06
2017-10-28 07:00:00,2,20171028072,2017,10,28,7,5,1,4,43,301,9.04
2017-10-28 08:00:00,2,20171028082,2017,10,28,8,5,1,4,43,301,7.63
2017-10-28 09:00:00,2,20171028092,2017,10,28,9,5,1,4,43,301,7.93
2017-10-28 10:00:00,2,20171028102,2017,10,28,10,5,1,4,43,301,10.71
2017-10-28 11:00:00,2,20171028112,2017,10,28,11,5,1,4,43,301,9.76
2017-10-28 12:00:00,2,20171028122,2017,10,28,12,5,1,4,43,301,9.08
2017-10-28 13:00:00,2,20171028132,2017,10,28,13,5,1,4,43,301,7.61
2017-10-28 14:00:00,2,20171028142,2017,10,28,14,5,1,4,43,301,7.76
2017-10-28 15:00:00,2,20171028152,2017,10,28,15,5,1,4,43,301,8.62
2017-10-28 16:00:00,2,20171028162,2017,10,28,16,5,1,4,43,301,9.44
2017-10-28 17:00:00,2,20171028172,2017,10,28,17,5,1,4,43,301,9.22
2017-10-28 18:00:00,2,20171028182,2017,10,28,18,5,1,4,43,301,9.81
2017-10-28 19:00:00,2,20171028192,2017,10,28,19,5,1,4,43,301,9.69
2017-10-28 20:00:00,2,20171028202,2017,10,28,20,5,1,4,43,301,10.57
2017-10-28 21:00:00,2,20171028212,2017,10,28,21,5,1,4,43,301,11.9
2017-10-28 22:00:00,2,20171028222,2017,10,28,22,5,1,4,43,301,12.69
2017-10-28 23:00:00,2,20171028232,2017,10,28,23,5,1,4,43,301,11.62
2017-10-29 00:00:00,2,20171029002,2017,10,29,0,6,1,4,43,302,14.65
2017-10-29 01:00:00,2,20171029012,2017,10,29,1,6,1,4,43,302,11.53
2017-10-29 02:00:00,2,20171029022,2017,10,29,2,6,1,4,43,302,9.9
2017-10-29 03:00:00,2,20171029032,2017,10,29,3,6,1,4,43,302,8.32
2017-10-29 04:00:00,2,20171029042,2017,10,29,4,6,1,4,43,302,10.0
2017-10-29 05:00:00,2,20171029052,2017,10,29,5,6,1,4,43,302,8.86
2017-10-29 06:00:00,2,20171029062,2017,10,29,6,6,1,4,43,302,9.87
2017-10-29 07:00:00,2,20171029072,2017,10,29,7,6,1,4,43,302,8.69
2017-10-29 08:00:00,2,20171029082,2017,10,29,8,6,1,4,43,302,7.84
2017-10-29 09:00:00,2,20171029092,2017,10,29,9,6,1,4,43,302,9.23
2017-10-29 10:00:00,2,20171029102,2017,10,29,10,6,1,4,43,302,9.97
2017-10-29 11:00:00,2,20171029112,2017,10,29,11,6,1,4,43,302,8.84
2017-10-29 12:00:00,2,20171029122,2017,10,29,12,6,1,4,43,302,8.11
2017-10-29 13:00:00,2,20171029132,2017,10,29,13,6,1,4,43,302,7.84
2017-10-29 14:00:00,2,20171029142,2017,10,29,14,6,1,4,43,302,8.34
2017-10-29 15:00:00,2,20171029152,2017,10,29,15,6,1,4,43,302,8.91
2017-10-29 16:00:00,2,20171029162,2017,10,29,16,6,1,4,43,302,9.89
2017-10-29 17:00:00,2,20171029172,2017,10,29,17,6,1,4,43,302,9.19
2017-10-29 18:00:00,2,20171029182,2017,10,29,18,6,1,4,43,302,11.46
2017-10-29 19:00:00,2,20171029192,2017,10,29,19,6,1,4,43,302,10.46
2017-10-29 20:00:00,2,20171029202,2017,10,29,20,6,1,4,43,302,12.05
2017-10-29 21:00:00,2,20171029212,2017,10,29,21,6,1,4,43,302,11.47
2017-10-29 22:00:00,2,20171029222,2017,10,29,22,6,1,4,43,302,13.73
2017-10-29 23:00:00,2,20171029232,2017,10,29,23,6,1,4,43,302,12.32
2017-10-30 00:00:00,2,20171030002,2017,10,30,0,0,0,4,44,303,14.55
2017-10-30 01:00:00,2,20171030012,2017,10,30,1,0,0,4,44,303,12.08
2017-10-30 02:00:00,2,20171030022,2017,10,30,2,0,0,4,44,303,11.76
2017-10-30 03:00:00,2,20171030032,2017,10,30,3,0,0,4,44,303,12.03
2017-10-30 04:00:00,2,20171030042,2017,10,30,4,0,0,4,44,303,12.88
2017-10-30 05:00:00,2,20171030052,2017,10,30,5,0,0,4,44,303,11.67
2017-10-30 06:00:00,2,20171030062,2017,10,30,6,0,0,4,44,303,12.28
2017-10-30 07:00:00,2,20171030072,2017,10,30,7,0,0,4,44,303,12.39
2017-10-30 08:00:00,2,20171030082,2017,10,30,8,0,0,4,44,303,13.43
2017-10-30 09:00:00,2,20171030092,2017,10,30,9,0,0,4,44,303,13.83
2017-10-30 10:00:00,2,20171030102,2017,10,30,10,0,0,4,44,303,12.78
2017-10-30 11:00:00,2,20171030112,2017,10,30,11,0,0,4,44,303,15.69
2017-10-30 12:00:00,2,20171030122,2017,10,30,12,0,0,4,44,303,17.91
2017-10-30 13:00:00,2,20171030132,2017,10,30,13,0,0,4,44,303,15.75
2017-10-30 14:00:00,2,20171030142,2017,10,30,14,0,0,4,44,303,17.46
2017-10-30 15:00:00,2,20171030152,2017,10,30,15,0,0,4,44,303,17.58
2017-10-30 16:00:00,2,20171030162,2017,10,30,16,0,0,4,44,303,18.93
2017-10-30 17:00:00,2,20171030172,2017,10,30,17,0,0,4,44,303,18.01
2017-10-30 18:00:00,2,20171030182,2017,10,30,18,0,0,4,44,303,18.5
2017-10-30 19:00:00,2,20171030192,2017,10,30,19,0,0,4,44,303,21.82
2017-10-30 20:00:00,2,20171030202,2017,10,30,20,0,0,4,44,303,22.18
2017-10-30 21:00:00,2,20171030212,2017,10,30,21,0,0,4,44,303,22.17
2017-10-30 22:00:00,2,20171030222,2017,10,30,22,0,0,4,44,303,18.52
2017-10-30 23:00:00,2,20171030232,2017,10,30,23,0,0,4,44,303,18.97
2017-10-31 00:00:00,2,20171031002,2017,10,31,0,1,0,4,44,304,16.91
2017-10-31 01:00:00,2,20171031012,2017,10,31,1,1,0,4,44,304,18.07
2017-10-31 02:00:00,2,20171031022,2017,10,31,2,1,0,4,44,304,15.66
2017-10-31 03:00:00,2,20171031032,2017,10,31,3,1,0,4,44,304,14.15
2017-10-31 04:00:00,2,20171031042,2017,10,31,4,1,0,4,44,304,13.67
2017-10-31 05:00:00,2,20171031052,2017,10,31,5,1,0,4,44,304,11.38
2017-10-31 06:00:00,2,20171031062,2017,10,31,6,1,0,4,44,304,12.01
2017-10-31 07:00:00,2,20171031072,2017,10,31,7,1,0,4,44,304,12.61
2017-10-31 08:00:00,2,20171031082,2017,10,31,8,1,0,4,44,304,13.8
2017-10-31 09:00:00,2,20171031092,2017,10,31,9,1,0,4,44,304,14.8
2017-10-31 10:00:00,2,20171031102,2017,10,31,10,1,0,4,44,304,11.54
2017-10-31 11:00:00,2,20171031112,2017,10,31,11,1,0,4,44,304,12.93
2017-10-31 12:00:00,2,20171031122,2017,10,31,12,1,0,4,44,304,13.28
2017-10-31 13:00:00,2,20171031132,2017,10,31,13,1,0,4,44,304,14.43
2017-10-31 14:00:00,2,20171031142,2017,10,31,14,1,0,4,44,304,16.12
2017-10-31 15:00:00,2,20171031152,2017,10,31,15,1,0,4,44,304,15.4
2017-10-31 16:00:00,2,20171031162,2017,10,31,16,1,0,4,44,304,17.77
2017-10-31 17:00:00,2,20171031172,2017,10,31,17,1,0,4,44,304,16.04
2017-10-31 18:00:00,2,20171031182,2017,10,31,18,1,0,4,44,304,17.19
2017-10-31 19:00:00,2,20171031192,2017,10,31,19,1,0,4,44,304,22.84
2017-10-31 20:00:00,2,20171031202,2017,10,31,20,1,0,4,44,304,22.57
2017-10-31 21:00:00,2,20171031212,2017,10,31,21,1,0,4,44,304,22.23
2017-10-31 22:00:00,2,20171031222,2017,10,31,22,1,0,4,44,304,18.79
2017-10-31 23:00:00,2,20171031232,2017,10,31,23,1,0,4,44,304,19.2
2017-07-01 00:00:00,3,20170701003,2017,7,1,0,5,1,3,26,182,10.43
2017-07-01 01:00:00,3,20170701013,2017,7,1,1,5,1,3,26,182,8.28
2017-07-01 02:00:00,3,20170701023,2017,7,1,2,5,1,3,26,182,5.77
2017-07-01 03:00:00,3,20170701033,2017,7,1,3,5,1,3,26,182,3.8
2017-07-01 04:00:00,3,20170701043,2017,7,1,4,5,1,3,26,182,4.32
2017-07-01 05:00:00,3,20170701053,2017,7,1,5,5,1,3,26,182,3.53
2017-07-01 06:00:00,3,20170701063,2017,7,1,6,5,1,3,26,182,4.2
2017-07-01 07:00:00,3,20170701073,2017,7,1,7,5,1,3,26,182,4.66
2017-07-01 08:00:00,3,20170701083,2017,7,1,8,5,1,3,26,182,5.21
2017-07-01 09:00:00,3,20170701093,2017,7,1,9,5,1,3,26,182,10.16
2017-07-01 10:00:00,3,20170701103,2017,7,1,10,5,1,3,26,182,6.81
2017-07-01 11:00:00,3,20170701113,2017,7,1,11,5,1,3,26,182,10.86
2017-07-01 12:00:00,3,20170701123,2017,7,1,12,5,1,3,26,182,10.71
2017-07-01 13:00:00,3,20170701133,2017,7,1,13,5,1,3,26,182,10.57
2017-07-01 14:00:00,3,20170701143,2017,7,1,14,5,1,3,26,182,8.77
2017-07-01 15:00:00,3,20170701153,2017,7,1,15,5,1,3,26,182,6.39
2017-07-01 16:00:00,3,20170701163,2017,7,1,16,5,1,3,26,182,5.8
2017-07-01 17:00:00,3,20170701173,2017,7,1,17,5,1,3,26,182,7.9
2017-07-01 18:00:00,3,20170701183,2017,7,1,18,5,1,3,26,182,8.76
2017-07-01 19:00:00,3,20170701193,2017,7,1,19,5,1,3,26,182,9.13
2017-07-01 20:00:00,3,20170701203,2017,7,1,20,5,1,3,26,182,9.39
2017-07-01 21:00:00,3,20170701213,2017,7,1,21,5,1,3,26,182,9.28
2017-07-01 22:00:00,3,20170701223,2017,7,1,22,5,1,3,26,182,9.4
2017-07-01 23:00:00,3,20170701233,2017,7,1,23,5,1,3,26,182,8.21
2017-07-02 00:00:00,3,20170702003,2017,7,2,0,6,1,3,26,183,11.67
2017-07-02 01:00:00,3,20170702013,2017,7,2,1,6,1,3,26,183,7.47
2017-07-02 02:00:00,3,20170702023,2017,7,2,2,6,1,3,26,183,6.89
2017-07-02 03:00:00,3,20170702033,2017,7,2,3,6,1,3,26,183,3.46
2017-07-02 04:00:00,3,20170702043,2017,7,2,4,6,1,3,26,183,4.39
2017-07-02 05:00:00,3,20170702053,2017,7,2,5,6,1,3,26,183,3.97
2017-07-02 06:00:00,3,20170702063,2017,7,2,6,6,1,3,26,183,4.13
2017-07-02 07:00:00,3,20170702073,2017,7,2,7,6,1,3,26,183,5.63
2017-07-02 08:00:00,3,20170702083,2017,7,2,8,6,1,3,26,183,6.33
2017-07-02 09:00:00,3,20170702093,2017,7,2,9,6,1,3,26,183,9.38
2017-07-02 10:00:00,3,20170702103,2017,7,2,10,6,1,3,26,183,6.26
2017-07-02 11:00:00,3,20170702113,2017,7,2,11,6,1,3,26,183,10.32
2017-07-02 12:00:00,3,20170702123,2017,7,2,12,6,1,3,26,183,9.96
2017-07-02 13:00:00,3,20170702133,2017,7,2,13,6,1,3,26,183,8.89
2017-07-02 14:00:00,3,20170702143,2017,7,2,14,6,1,3,26,183,8.19
2017-07-02 15:00:00,3,20170702153,2017,7,2,15,6,1,3,26,183,6.48
2017-07-02 16:00:00,3,20170702163,2017,7,2,16,6,1,3,26,183,5.94
2017-07-02 17:00:00,3,20170702173,2017,7,2,17,6,1,3,26,183,7.79
2017-07-02 18:00:00,3,20170702183,2017,7,2,18,6,1,3,26,183,9.02
2017-07-02 19:00:00,3,20170702193,2017,7,2,19,6,1,3,26,183,9.53
2017-07-02 20:00:00,3,20170702203,2017,7,2,20,6,1,3,26,183,9.09
2017-07-02 21:00:00,3,20170702213,2017,7,2,21,6,1,3,26,183,8.81
2017-07-02 22:00:00,3,20170702223,2017,7,2,22,6,1,3,26,183,9.2
2017-07-02 23:00:00,3,20170702233,2017,7,2,23,6,1,3,26,183,8.3
2017-07-03 00:00:00,3,20170703003,2017,7,3,0,0,0,3,27,184,8.19
2017-07-03 01:00:00,3,20170703013,2017,7,3,1,0,0,3,27,184,6.89
2017-07-03 02:00:00,3,20170703023,2017,7,3,2,0,0,3,27,184,4.47
2017-07-03 03:00:00,3,20170703033,2017,7,3,3,0,0,3,27,184,3.32
2017-07-03 04:00:00,3,20170703043,2017,7,3,4,0,0,3,27,184,3.59
2017-07-03 05:00:00,3,20170703053,2017,7,3,5,0,0,3,27,184,3.6
2017-07-03 06:00:00,3,20170703063,2017,7,3,6,0,0,3,27,184,4.46
2017-07-03 07:00:00,3,20170703073,2017,7,3,7,0,0,3,27,184,5.55
2017-07-03 08:00:00,3,20170703083,2017,7,3,8,0,0,3,27,184,6.06
2017-07-03 09:00:00,3,20170703093,2017,7,3,9,0,0,3,27,184,8.88
2017-07-03 10:00:00,3,20170703103,2017,7,3,10,0,0,3,27,184,9.56
2017-07-03 11:00:00,3,20170703113,2017,7,3,11,0,0,3,27,184,10.94
2017-07-03 12:00:00,3,20170703123,2017,7,3,12,0,0,3,27,184,11.07
2017-07-03 13:00:00,3,20170703133,2017,7,3,13,0,0,3,27,184,10.71
2017-07-03 14:00:00,3,20170703143,2017,7,3,14,0,0,3,27,184,10.89
2017-07-03 15:00:00,3,20170703153,2017,7,3,15,0,0,3,27,184,11.38
2017-07-03 16:00:00,3,20170703163,2017,7,3,16,0,0,3,27,184,12.58
2017-07-03 17:00:00,3,20170703173,2017,7,3,17,0,0,3,27,184,11.91
2017-07-03 18:00:00,3,20170703183,2017,7,3,18,0,0,3,27,184,10.02
2017-07-03 19:00:00,3,20170703193,2017,7,3,19,0,0,3,27,184,8.9
2017-07-03 20:00:00,3,20170703203,2017,7,3,20,0,0,3,27,184,8.79
2017-07-03 21:00:00,3,20170703213,2017,7,3,21,0,0,3,27,184,8.64
2017-07-03 22:00:00,3,20170703223,2017,7,3,22,0,0,3,27,184,7.99
2017-07-03 23:00:00,3,20170703233,2017,7,3,23,0,0,3,27,184,9.02
2017-07-04 00:00:00,3,20170704003,2017,7,4,0,1,0,3,27,185,8.56
2017-07-04 01:00:00,3,20170704013,2017,7,4,1,1,0,3,27,185,7.04
2017-07-04 02:00:00,3,20170704023,2017,7,4,2,1,0,3,27,185,4.23
2017-07-04 03:00:00,3,20170704033,2017,7,4,3,1,0,3,27,185,2.73
2017-07-04 04:00:00,3,20170704043,2017,7,4,4,1,0,3,27,185,3.11
2017-07-04 05:00:00,3,20170704053,2017,7,4,5,1,0,3,27,185,3.89
2017-07-04 06:00:00,3,20170704063,2017,7,4,6,1,0,3,27,185,4.06
2017-07-04 07:00:00,3,20170704073,2017,7,4,7,1,0,3,27,185,5.29
2017-07-04 08:00:00,3,20170704083,2017,7,4,8,1,0,3,27,185,5.71
2017-07-04 09:00:00,3,20170704093,2017,7,4,9,1,0,3,27,185,8.81
2017-07-04 10:00:00,3,20170704103,2017,7,4,10,1,0,3,27,185,8.89
2017-07-04 11:00:00,3,20170704113,2017,7,4,11,1,0,3,27,185,11.14
2017-07-04 12:00:00,3,20170704123,2017,7,4,12,1,0,3,27,185,11.4
2017-07-04 13:00:00,3,20170704133,2017,7,4,13,1,0,3,27,185,12.55
2017-07-04 14:00:00,3,20170704143,2017,7,4,14,1,0,3,27,185,12.39
2017-07-04 15:00:00,3,20170704153,2017,7,4,15,1,0,3,27,185,12.86
2017-07-04 16:00:00,3,20170704163,2017,7,4,16,1,0,3,27,185,14.26
2017-07-04 17:00:00,3,20170704173,2017,7,4,17,1,0,3,27,185,12.69
2017-07-04 18:00:00,3,20170704183,2017,7,4,18,1,0,3,27,185,10.04
2017-07-04 19:00:00,3,20170704193,2017,7,4,19,1,0,3,27,185,8.87
2017-07-04 20:00:00,3,20170704203,2017,7,4,20,1,0,3,27,185,8.66
2017-07-04 21:00:00,3,20170704213,2017,7,4,21,1,0,3,27,185,8.65
2017-07-04 22:00:00,3,20170704223,2017,7,4,22,1,0,3,27,185,8.28
2017-07-04 23:00:00,3,20170704233,2017,7,4,23,1,0,3,27,185,9.1
2017-07-05 00:00:00,3,20170705003,2017,7,5,0,2,0,3,27,186,8.76
2017-07-05 01:00:00,3,20170705013,2017,7,5,1,2,0,3,27,186,7.82
2017-07-05 02:00:00,3,20170705023,2017,7,5,2,2,0,3,27,186,4.45
2017-07-05 03:00:00,3,20170705033,2017,7,5,3,2,0,3,27,186,3.61
2017-07-05 04:00:00,3,20170705043,2017,7,5,4,2,0,3,27,186,4.04
2017-07-05 05:00:00,3,20170705053,2017,7,5,5,2,0,3,27,186,5.27
2017-07-05 06:00:00,3,20170705063,2017,7,5,6,2,0,3,27,186,4.32
2017-07-05 07:00:00,3,20170705073,2017,7,5,7,2,0,3,27,186,4.75
2017-07-05 08:00:00,3,20170705083,2017,7,5,8,2,0,3,27,186,4.71
2017-07-05 09:00:00,3,20170705093,2017,7,5,9,2,0,3,27,186,8.91
2017-07-05 10:00:00,3,20170705103,2017,7,5,10,2,0,3,27,186,8.71
2017-07-05 11:00:00,3,20170705113,2017,7,5,11,2,0,3,27,186,10.55
2017-07-05 12:00:00,3,20170705123,2017,7,5,12,2,0,3,27,186,11.96
2017-07-05 13:00:00,3,20170705133,2017,7,5,13,2,0,3,27,186,13.8
2017-07-05 14:00:00,3,20170705143,2017,7,5,14,2,0,3,27,186,13.33
2017-07-05 15:00:00,3,20170705153,2017,7,5,15,2,0,3,27,186,13.83
2017-07-05 16:00:00,3,20170705163,2017,7,5,16,2,0,3,27,186,14.62
2017-07-05 17:00:00,3,20170705173,2017,7,5,17,2,0,3,27,186,13.15
2017-07-05 18:00:00,3,20170705183,2017,7,5,18,2,0,3,27,186,10.48
2017-07-05 19:00:00,3,20170705193,2017,7,5,19,2,0,3,27,186,10.61
2017-07-05 20:00:00,3,20170705203,2017,7,5,20,2,0,3,27,186,9.21
2017-07-05 21:00:00,3,20170705213,2017,7,5,21,2,0,3,27,186,8.82
2017-07-05 22:00:00,3,20170705223,2017,7,5,22,2,0,3,27,186,9.87
2017-07-05 23:00:00,3,20170705233,2017,7,5,23,2,0,3,27,186,8.86
2017-07-06 00:00:00,3,20170706003,2017,7,6,0,3,0,3,27,187,8.3
2017-07-06 01:00:00,3,20170706013,2017,7,6,1,3,0,3,27,187,6.95
2017-07-06 02:00:00,3,20170706023,2017,7,6,2,3,0,3,27,187,4.92
2017-07-06 03:00:00,3,20170706033,2017,7,6,3,3,0,3,27,187,4.51
2017-07-06 04:00:00,3,20170706043,2017,7,6,4,3,0,3,27,187,4.28
2017-07-06 05:00:00,3,20170706053,2017,7,6,5,3,0,3,27,187,5.31
2017-07-06 06:00:00,3,20170706063,2017,7,6,6,3,0,3,27,187,4.77
2017-07-06 07:00:00,3,20170706073,2017,7,6,7,3,0,3,27,187,4.59
2017-07-06 08:00:00,3,20170706083,2017,7,6,8,3,0,3,27,187,5.08
2017-07-06 09:00:00,3,20170706093,2017,7,6,9,3,0,3,27,187,8.03
2017-07-06 10:00:00,3,20170706103,2017,7,6,10,3,0,3,27,187,8.63
2017-07-06 11:00:00,3,20170706113,2017,7,6,11,3,0,3,27,187,10.52
2017-07-06 12:00:00,3,20170706123,2017,7,6,12,3,0,3,27,187,11.74
2017-07-06 13:00:00,3,20170706133,2017,7,6,13,3,0,3,27,187,13.91
2017-07-06 14:00:00,3,20170706143,2017,7,6,14,3,0,3,27,187,13.81
2017-07-06 15:00:00,3,20170706153,2017,7,6,15,3,0,3,27,187,14.41
2017-07-06 16:00:00,3,20170706163,2017,7,6,16,3,0,3,27,187,13.6
2017-07-06 17:00:00,3,20170706173,2017,7,6,17,3,0,3,27,187,11.99
2017-07-06 18:00:00,3,20170706183,2017,7,6,18,3,0,3,27,187,10.17
2017-07-06 19:00:00,3,20170706193,2017,7,6,19,3,0,3,27,187,11.23
2017-07-06 20:00:00,3,20170706203,2017,7,6,20,3,0,3,27,187,9.48
2017-07-06 21:00:00,3,20170706213,2017,7,6,21,3,0,3,27,187,8.74
2017-07-06 22:00:00,3,20170706223,2017,7,6,22,3,0,3,27,187,10.63
2017-07-06 23:00:00,3,20170706233,2017,7,6,23,3,0,3,27,187,8.54
2017-07-07 00:00:00,3,20170707003,2017,7,7,0,4,0,3,27,188,7.64
2017-07-07 01:00:00,3,20170707013,2017,7,7,1,4,0,3,27,188,6.2
2017-07-07 02:00:00,3,20170707023,2017,7,7,2,4,0,3,27,188,4.94
2017-07-07 03:00:00,3,20170707033,2017,7,7,3,4,0,3,27,188,5.65
2017-07-07 04:00:00,3,20170707043,2017,7,7,4,4,0,3,27,188,3.57
2017-07-07 05:00:00,3,20170707053,2017,7,7,5,4,0,3,27,188,4.4
2017-07-07 06:00:00,3,20170707063,2017,7,7,6,4,0,3,27,188,4.34
2017-07-07 07:00:00,3,20170707073,2017,7,7,7,4,0,3,27,188,4.87
2017-07-07 08:00:00,3,20170707083,2017,7,7,8,4,0,3,27,188,6.37
2017-07-07 09:00:00,3,20170707093,2017,7,7,9,4,0,3,27,188,7.41
2017-07-07 10:00:00,3,20170707103,2017,7,7,10,4,0,3,27,188,9.16
2017-07-07 11:00:00,3,20170707113,2017,7,7,11,4,0,3,27,188,10.34
2017-07-07 12:00:00,3,20170707123,2017,7,7,12,4,0,3,27,188,10.84
2017-07-07 13:00:00,3,20170707133,2017,7,7,13,4,0,3,27,188,12.44
2017-07-07 14:00:00,3,20170707143,2017,7,7,14,4,0,3,27,188,13.32
2017-07-07 15:00:00,3,20170707153,2017,7,7,15,4,0,3,27,188,13.81
2017-07-07 16:00:00,3,20170707163,2017,7,7,16,4,0,3,27,188,12.06
2017-07-07 17:00:00,3,20170707173,2017,7,7,17,4,0,3,27,188,10.78
2017-07-07 18:00:00,3,20170707183,2017,7,7,18,4,0,3,27,188,10.69
2017-07-07 19:00:00,3,20170707193,2017,7,7,19,4,0,3,27,188,12.03
2017-07-07 20:00:00,3,20170707203,2017,7,7,20,4,0,3,27,188,8.95
2017-07-07 21:00:00,3,20170707213,2017,7,7,21,4,0,3,27,188,8.97
2017-07-07 22:00:00,3,20170707223,2017,7,7,22,4,0,3,27,188,9.55
2017-07-07 23:00:00,3,20170707233,2017,7,7,23,4,0,3,27,188,9.4
2017-07-08 00:00:00,3,20170708003,2017,7,8,0,5,1,3,27,189,7.29
2017-07-08 01:00:00,3,20170708013,2017,7,8,1,5,1,3,27,189,4.95
2017-07-08 02:00:00,3,20170708023,2017,7,8,2,5,1,3,27,189,4.77
2017-07-08 03:00:00,3,20170708033,2017,7,8,3,5,1,3,27,189,4.47
2017-07-08 04:00:00,3,20170708043,2017,7,8,4,5,1,3,27,189,3.19
2017-07-08 05:00:00,3,20170708053,2017,7,8,5,5,1,3,27,189,4.03
2017-07-08 06:00:00,3,20170708063,2017,7,8,6,5,1,3,27,189,3.88
2017-07-08 07:00:00,3,20170708073,2017,7,8,7,5,1,3,27,189,3.98
2017-07-08 08:00:00,3,20170708083,2017,7,8,8,5,1,3,27,189,7.99
2017-07-08 09:00:00,3,20170708093,2017,7,8,9,5,1,3,27,189,10.25
2017-07-08 10:00:00,3,20170708103,2017,7,8,10,5,1,3,27,189,16.78
2017-07-08 11:00:00,3,20170708113,2017,7,8,11,5,1,3,27,189,16.61
2017-07-08 12:00:00,3,20170708123,2017,7,8,12,5,1,3,27,189,14.67
2017-07-08 13:00:00,3,20170708133,2017,7,8,13,5,1,3,27,189,13.12
2017-07-08 14:00:00,3,20170708143,2017,7,8,14,5,1,3,27,189,12.52
2017-07-08 15:00:00,3,20170708153,2017,7,8,15,5,1,3,27,189,11.6
2017-07-08 16:00:00,3,20170708163,2017,7,8,16,5,1,3,27,189,10.89
2017-07-08 17:00:00,3,20170708173,2017,7,8,17,5,1,3,27,189,11.15
2017-07-08 18:00:00,3,20170708183,2017,7,8,18,5,1,3,27,189,10.72
2017-07-08 19:00:00,3,20170708193,2017,7,8,19,5,1,3,27,189,11.39
2017-07-08 20:00:00,3,20170708203,2017,7,8,20,5,1,3,27,189,11.32
2017-07-08 21:00:00,3,20170708213,2017,7,8,21,5,1,3,27,189,10.02
2017-07-08 22:00:00,3,20170708223,2017,7,8,22,5,1,3,27,189,10.23
2017-07-08 23:00:00,3,20170708233,2017,7,8,23,5,1,3,27,189,10.58
2017-07-09 00:00:00,3,20170709003,2017,7,9,0,6,1,3,27,190,8.94
2017-07-09 01:00:00,3,20170709013,2017,7,9,1,6,1,3,27,190,5.11
2017-07-09 02:00:00,3,20170709023,2017,7,9,2,6,1,3,27,190,4.57
2017-07-09 03:00:00,3,20170709033,2017,7,9,3,6,1,3,27,190,3.87
2017-07-09 04:00:00,3,20170709043,2017,7,9,4,6,1,3,27,190,3.45
2017-07-09 05:00:00,3,20170709053,2017,7,9,5,6,1,3,27,190,4.03
2017-07-09 06:00:00,3,20170709063,2017,7,9,6,6,1,3,27,190,3.47
2017-07-09 07:00:00,3,20170709073,2017,7,9,7,6,1,3,27,190,3.8
2017-07-09 08:00:00,3,20170709083,2017,7,9,8,6,1,3,27,190,8.42
2017-07-09 09:00:00,3,20170709093,2017,7,9,9,6,1,3,27,190,10.47
2017-07-09 10:00:00,3,20170709103,2017,7,9,10,6,1,3,27,190,13.42
2017-07-09 11:00:00,3,20170709113,2017,7,9,11,6,1,3,27,190,13.97
2017-07-09 12:00:00,3,20170709123,2017,7,9,12,6,1,3,27,190,12.19
2017-07-09 13:00:00,3,20170709133,2017,7,9,13,6,1,3,27,190,10.81
2017-07-09 14:00:00,3,20170709143,2017,7,9,14,6,1,3,27,190,11.15
2017-07-09 15:00:00,3,20170709153,2017,7,9,15,6,1,3,27,190,10.64
2017-07-09 16:00:00,3,20170709163,2017,7,9,16,6,1,3,27,190,10.17
2017-07-09 17:00:00,3,20170709173,2017,7,9,17,6,1,3,27,190,10.48
2017-07-09 18:00:00,3,20170709183,2017,7,9,18,6,1,3,27,190,11.0
2017-07-09 19:00:00,3,20170709193,2017,7,9,19,6,1,3,27,190,11.22
2017-07-09 20:00:00,3,20170709203,2017,7,9,20,6,1,3,27,190,10.55
2017-07-09 21:00:00,3,20170709213,2017,7,9,21,6,1,3,27,190,9.94
2017-07-09 22:00:00,3,20170709223,2017,7,9,22,6,1,3,27,190,9.6
2017-07-09 23:00:00,3,20170709233,2017,7,9,23,6,1,3,27,190,10.32
2017-07-10 00:00:00,3,20170710003,2017,7,10,0,0,0,3,28,191,6.27
2017-07-10 01:00:00,3,20170710013,2017,7,10,1,0,0,3,28,191,6.45
2017-07-10 02:00:00,3,20170710023,2017,7,10,2,0,0,3,28,191,5.13
2017-07-10 03:00:00,3,20170710033,2017,7,10,3,0,0,3,28,191,5.15
2017-07-10 04:00:00,3,20170710043,2017,7,10,4,0,0,3,28,191,4.93
2017-07-10 05:00:00,3,20170710053,2017,7,10,5,0,0,3,28,191,4.15
2017-07-10 06:00:00,3,20170710063,2017,7,10,6,0,0,3,28,191,4.59
2017-07-10 07:00:00,3,20170710073,2017,7,10,7,0,0,3,28,191,5.04
2017-07-10 08:00:00,3,20170710083,2017,7,10,8,0,0,3,28,191,12.37
2017-07-10 09:00:00,3,20170710093,2017,7,10,9,0,0,3,28,191,11.29
2017-07-10 10:00:00,3,20170710103,2017,7,10,10,0,0,3,28,191,15.15
2017-07-10 11:00:00,3,20170710113,2017,7,10,11,0,0,3,28,191,17.75
2017-07-10 12:00:00,3,20170710123,2017,7,10,12,0,0,3,28,191,15.29
2017-07-10 13:00:00,3,20170710133,2017,7,10,13,0,0,3,28,191,14.4
2017-07-10 14:00:00,3,20170710143,2017,7,10,14,0,0,3,28,191,16.37
2017-07-10 15:00:00,3,20170710153,2017,7,10,15,0,0,3,28,191,16.34
2017-07-10 16:00:00,3,20170710163,2017,7,10,16,0,0,3,28,191,14.89
2017-07-10 17:00:00,3,20170710173,2017,7,10,17,0,0,3,28,191,15.04
2017-07-10 18:00:00,3,20170710183,2017,7,10,18,0,0,3,28,191,11.8
2017-07-10 19:00:00,3,20170710193,2017,7,10,19,0,0,3,28,191,11.99
2017-07-10 20:00:00,3,20170710203,2017,7,10,20,0,0,3,28,191,11.78
2017-07-10 21:00:00,3,20170710213,2017,7,10,21,0,0,3,28,191,10.03
2017-07-10 22:00:00,3,20170710223,2017,7,10,22,0,0,3,28,191,10.69
2017-07-10 23:00:00,3,20170710233,2017,7,10,23,0,0,3,28,191,10.61
2017-07-11 00:00:00,3,20170711003,2017,7,11,0,1,0,3,28,192,7.62
2017-07-11 01:00:00,3,20170711013,2017,7,11,1,1,0,3,28,192,6.98
2017-07-11 02:00:00,3,20170711023,2017,7,11,2,1,0,3,28,192,5.82
2017-07-11 03:00:00,3,20170711033,2017,7,11,3,1,0,3,28,192,4.59
2017-07-11 04:00:00,3,20170711043,2017,7,11,4,1,0,3,28,192,4.81
2017-07-11 05:00:00,3,20170711053,2017,7,11,5,1,0,3,28,192,4.77
2017-07-11 06:00:00,3,20170711063,2017,7,11,6,1,0,3,28,192,4.88
2017-07-11 07:00:00,3,20170711073,2017,7,11,7,1,0,3,28,192,4.75
2017-07-11 08:00:00,3,20170711083,2017,7,11,8,1,0,3,28,192,9.23
2017-07-11 09:00:00,3,20170711093,2017,7,11,9,1,0,3,28,192,7.77
2017-07-11 10:00:00,3,20170711103,2017,7,11,10,1,0,3,28,192,14.27
2017-07-11 11:00:00,3,20170711113,2017,7,11,11,1,0,3,28,192,18.27
2017-07-11 12:00:00,3,20170711123,2017,7,11,12,1,0,3,28,192,15.81
2017-07-11 13:00:00,3,20170711133,2017,7,11,13,1,0,3,28,192,14.55
2017-07-11 14:00:00,3,20170711143,2017,7,11,14,1,0,3,28,192,16.82
2017-07-11 15:00:00,3,20170711153,2017,7,11,15,1,0,3,28,192,16.92
2017-07-11 16:00:00,3,20170711163,2017,7,11,16,1,0,3,28,192,16.3
2017-07-11 17:00:00,3,20170711173,2017,7,11,17,1,0,3,28,192,16.61
2017-07-11 18:00:00,3,20170711183,2017,7,11,18,1,0,3,28,192,12.84
2017-07-11 19:00:00,3,20170711193,2017,7,11,19,1,0,3,28,192,12.89
2017-07-11 20:00:00,3,20170711203,2017,7,11,20,1,0,3,28,192,12.86
2017-07-11 21:00:00,3,20170711213,2017,7,11,21,1,0,3,28,192,11.01
2017-07-11 22:00:00,3,20170711223,2017,7,11,22,1,0,3,28,192,11.16
2017-07-11 23:00:00,3,20170711233,2017,7,11,23,1,0,3,28,192,10.63
2017-07-12 00:00:00,3,20170712003,2017,7,12,0,2,0,3,28,193,7.59
2017-07-12 01:00:00,3,20170712013,2017,7,12,1,2,0,3,28,193,7.61
2017-07-12 02:00:00,3,20170712023,2017,7,12,2,2,0,3,28,193,6.22
2017-07-12 03:00:00,3,20170712033,2017,7,12,3,2,0,3,28,193,4.68
2017-07-12 04:00:00,3,20170712043,2017,7,12,4,2,0,3,28,193,5.16
2017-07-12 05:00:00,3,20170712053,2017,7,12,5,2,0,3,28,193,5.23
2017-07-12 06:00:00,3,20170712063,2017,7,12,6,2,0,3,28,193,5.17
2017-07-12 07:00:00,3,20170712073,2017,7,12,7,2,0,3,28,193,5.12
2017-07-12 08:00:00,3,20170712083,2017,7,12,8,2,0,3,28,193,8.33
2017-07-12 09:00:00,3,20170712093,2017,7,12,9,2,0,3,28,193,7.57
2017-07-12 10:00:00,3,20170712103,2017,7,12,10,2,0,3,28,193,12.25
2017-07-12 11:00:00,3,20170712113,2017,7,12,11,2,0,3,28,193,15.8
2017-07-12 12:00:00,3,20170712123,2017,7,12,12,2,0,3,28,193,14.04
2017-07-12 13:00:00,3,20170712133,2017,7,12,13,2,0,3,28,193,13.51
2017-07-12 14:00:00,3,20170712143,2017,7,12,14,2,0,3,28,193,15.24
2017-07-12 15:00:00,3,20170712153,2017,7,12,15,2,0,3,28,193,15.97
2017-07-12 16:00:00,3,20170712163,2017,7,12,16,2,0,3,28,193,15.58
2017-07-12 17:00:00,3,20170712173,2017,7,12,17,2,0,3,28,193,16.94
2017-07-12 18:00:00,3,20170712183,2017,7,12,18,2,0,3,28,193,12.37
2017-07-12 19:00:00,3,20170712193,2017,7,12,19,2,0,3,28,193,13.22
2017-07-12 20:00:00,3,20170712203,2017,7,12,20,2,0,3,28,193,13.13
2017-07-12 21:00:00,3,20170712213,2017,7,12,21,2,0,3,28,193,11.29
2017-07-12 22:00:00,3,20170712223,2017,7,12,22,2,0,3,28,193,11.86
2017-07-12 23:00:00,3,20170712233,2017,7,12,23,2,0,3,28,193,10.98
2017-07-13 00:00:00,3,20170713003,2017,7,13,0,3,0,3,28,194,8.48
2017-07-13 01:00:00,3,20170713013,2017,7,13,1,3,0,3,28,194,8.05
2017-07-13 02:00:00,3,20170713023,2017,7,13,2,3,0,3,28,194,6.31
2017-07-13 03:00:00,3,20170713033,2017,7,13,3,3,0,3,28,194,5.01
2017-07-13 04:00:00,3,20170713043,2017,7,13,4,3,0,3,28,194,4.94
2017-07-13 05:00:00,3,20170713053,2017,7,13,5,3,0,3,28,194,4.19
2017-07-13 06:00:00,3,20170713063,2017,7,13,6,3,0,3,28,194,5.0
2017-07-13 07:00:00,3,20170713073,2017,7,13,7,3,0,3,28,194,5.6
2017-07-13 08:00:00,3,20170713083,2017,7,13,8,3,0,3,28,194,7.57
2017-07-13 09:00:00,3,20170713093,2017,7,13,9,3,0,3,28,194,6.7
2017-07-13 10:00:00,3,20170713103,2017,7,13,10,3,0,3,28,194,13.14
2017-07-13 11:00:00,3,20170713113,2017,7,13,11,3,0,3,28,194,14.55
2017-07-13 12:00:00,3,20170713123,2017,7,13,12,3,0,3,28,194,13.44
2017-07-13 13:00:00,3,20170713133,2017,7,13,13,3,0,3,28,194,12.81
2017-07-13 14:00:00,3,20170713143,2017,7,13,14,3,0,3,28,194,14.14
2017-07-13 15:00:00,3,20170713153,2017,7,13,15,3,0,3,28,194,14.45
2017-07-13 16:00:00,3,20170713163,2017,7,13,16,3,0,3,28,194,17.48
2017-07-13 17:00:00,3,20170713173,2017,7,13,17,3,0,3,28,194,18.59
2017-07-13 18:00:00,3,20170713183,2017,7,13,18,3,0,3,28,194,14.0
2017-07-13 19:00:00,3,20170713193,2017,7,13,19,3,0,3,28,194,14.5
2017-07-13 20:00:00,3,20170713203,2017,7,13,20,3,0,3,28,194,13.61
2017-07-13 21:00:00,3,20170713213,2017,7,13,21,3,0,3,28,194,11.11
2017-07-13 22:00:00,3,20170713223,2017,7,13,22,3,0,3,28,194,11.01
2017-07-13 23:00:00,3,20170713233,2017,7,13,23,3,0,3,28,194,11.69
2017-07-14 00:00:00,3,20170714003,2017,7,14,0,4,0,3,28,195,12.07
2017-07-14 01:00:00,3,20170714013,2017,7,14,1,4,0,3,28,195,10.39
2017-07-14 02:00:00,3,20170714023,2017,7,14,2,4,0,3,28,195,6.15
2017-07-14 03:00:00,3,20170714033,2017,7,14,3,4,0,3,28,195,5.32
2017-07-14 04:00:00,3,20170714043,2017,7,14,4,4,0,3,28,195,4.8
2017-07-14 05:00:00,3,20170714053,2017,7,14,5,4,0,3,28,195,3.75
2017-07-14 06:00:00,3,20170714063,2017,7,14,6,4,0,3,28,195,4.72
2017-07-14 07:00:00,3,20170714073,2017,7,14,7,4,0,3,28,195,5.69
2017-07-14 08:00:00,3,20170714083,2017,7,14,8,4,0,3,28,195,8.21
2017-07-14 09:00:00,3,20170714093,2017,7,14,9,4,0,3,28,195,9.11
2017-07-14 10:00:00,3,20170714103,2017,7,14,10,4,0,3,28,195,13.72
2017-07-14 11:00:00,3,20170714113,2017,7,14,11,4,0,3,28,195,14.34
2017-07-14 12:00:00,3,20170714123,2017,7,14,12,4,0,3,28,195,13.15
2017-07-14 13:00:00,3,20170714133,2017,7,14,13,4,0,3,28,195,12.55
2017-07-14 14:00:00,3,20170714143,2017,7,14,14,4,0,3,28,195,14.04
2017-07-14 15:00:00,3,20170714153,2017,7,14,15,4,0,3,28,195,14.22
2017-07-14 16:00:00,3,20170714163,2017,7,14,16,4,0,3,28,195,18.02
2017-07-14 17:00:00,3,20170714173,2017,7,14,17,4,0,3,28,195,19.12
2017-07-14 18:00:00,3,20170714183,2017,7,14,18,4,0,3,28,195,14.83
2017-07-14 19:00:00,3,20170714193,2017,7,14,19,4,0,3,28,195,15.19
2017-07-14 20:00:00,3,20170714203,2017,7,14,20,4,0,3,28,195,13.85
2017-07-14 21:00:00,3,20170714213,2017,7,14,21,4,0,3,28,195,11.23
2017-07-14 22:00:00,3,20170714223,2017,7,14,22,4,0,3,28,195,10.35
2017-07-14 23:00:00,3,20170714233,2017,7,14,23,4,0,3,28,195,12.34
2017-07-15 00:00:00,3,20170715003,2017,7,15,0,5,1,3,28,196,19.35
2017-07-15 01:00:00,3,20170715013,2017,7,15,1,5,1,3,28,196,15.58
2017-07-15 02:00:00,3,20170715023,2017,7,15,2,5,1,3,28,196,6.44
2017-07-15 03:00:00,3,20170715033,2017,7,15,3,5,1,3,28,196,5.93
2017-07-15 04:00:00,3,20170715043,2017,7,15,4,5,1,3,28,196,5.51
2017-07-15 05:00:00,3,20170715053,2017,7,15,5,5,1,3,28,196,3.99
2017-07-15 06:00:00,3,20170715063,2017,7,15,6,5,1,3,28,196,4.8
2017-07-15 07:00:00,3,20170715073,2017,7,15,7,5,1,3,28,196,6.24
2017-07-15 08:00:00,3,20170715083,2017,7,15,8,5,1,3,28,196,13.28
2017-07-15 09:00:00,3,20170715093,2017,7,15,9,5,1,3,28,196,14.4
2017-07-15 10:00:00,3,20170715103,2017,7,15,10,5,1,3,28,196,17.72
2017-07-15 11:00:00,3,20170715113,2017,7,15,11,5,1,3,28,196,17.18
2017-07-15 12:00:00,3,20170715123,2017,7,15,12,5,1,3,28,196,16.48
2017-07-15 13:00:00,3,20170715133,2017,7,15,13,5,1,3,28,196,16.08
2017-07-15 14:00:00,3,20170715143,2017,7,15,14,5,1,3,28,196,16.75
2017-07-15 15:00:00,3,20170715153,2017,7,15,15,5,1,3,28,196,16.49
2017-07-15 16:00:00,3,20170715163,2017,7,15,16,5,1,3,28,196,20.32
2017-07-15 17:00:00,3,20170715173,2017,7,15,17,5,1,3,28,196,19.44
2017-07-15 18:00:00,3,20170715183,2017,7,15,18,5,1,3,28,196,28.41
2017-07-15 19:00:00,3,20170715193,2017,7,15,19,5,1,3,28,196,33.63
2017-07-15 20:00:00,3,20170715203,2017,7,15,20,5,1,3,28,196,32.12
2017-07-15 21:00:00,3,20170715213,2017,7,15,21,5,1,3,28,196,30.2
2017-07-15 22:00:00,3,20170715223,2017,7,15,22,5,1,3,28,196,25.83
2017-07-15 23:00:00,3,20170715233,2017,7,15,23,5,1,3,28,196,21.61
2017-07-16 00:00:00,3,20170716003,2017,7,16,0,6,1,3,28,197,28.94
2017-07-16 01:00:00,3,20170716013,2017,7,16,1,6,1,3,28,197,19.77
2017-07-16 02:00:00,3,20170716023,2017,7,16,2,6,1,3,28,197,9.06
2017-07-16 03:00:00,3,20170716033,2017,7,16,3,6,1,3,28,197,7.49
2017-07-16 04:00:00,3,20170716043,2017,7,16,4,6,1,3,28,197,9.2
2017-07-16 05:00:00,3,20170716053,2017,7,16,5,6,1,3,28,197,7.08
2017-07-16 06:00:00,3,20170716063,2017,7,16,6,6,1,3,28,197,7.19
2017-07-16 07:00:00,3,20170716073,2017,7,16,7,6,1,3,28,197,9.37
2017-07-16 08:00:00,3,20170716083,2017,7,16,8,6,1,3,28,197,13.1
2017-07-16 09:00:00,3,20170716093,2017,7,16,9,6,1,3,28,197,16.9
2017-07-16 10:00:00,3,20170716103,2017,7,16,10,6,1,3,28,197,22.64
2017-07-16 11:00:00,3,20170716113,2017,7,16,11,6,1,3,28,197,23.47
2017-07-16 12:00:00,3,20170716123,2017,7,16,12,6,1,3,28,197,24.66
2017-07-16 13:00:00,3,20170716133,2017,7,16,13,6,1,3,28,197,26.1
2017-07-16 14:00:00,3,20170716143,2017,7,16,14,6,1,3,28,197,25.25
2017-07-16 15:00:00,3,20170716153,2017,7,16,15,6,1,3,28,197,24.8
2017-07-16 16:00:00,3,20170716163,2017,7,16,16,6,1,3,28,197,23.75
2017-07-16 17:00:00,3,20170716173,2017,7,16,17,6,1,3,28,197,23.42
2017-07-16 18:00:00,3,20170716183,2017,7,16,18,6,1,3,28,197,53.34
2017-07-16 19:00:00,3,20170716193,2017,7,16,19,6,1,3,28,197,77.7
2017-07-16 20:00:00,3,20170716203,2017,7,16,20,6,1,3,28,197,90.46
2017-07-16 21:00:00,3,20170716213,2017,7,16,21,6,1,3,28,197,79.8
2017-07-16 22:00:00,3,20170716223,2017,7,16,22,6,1,3,28,197,71.99
2017-07-16 23:00:00,3,20170716233,2017,7,16,23,6,1,3,28,197,50.65
2017-07-17 00:00:00,3,20170717003,2017,7,17,0,0,0,3,29,198,14.7
2017-07-17 01:00:00,3,20170717013,2017,7,17,1,0,0,3,29,198,11.05
2017-07-17 02:00:00,3,20170717023,2017,7,17,2,0,0,3,29,198,7.41
2017-07-17 03:00:00,3,20170717033,2017,7,17,3,0,0,3,29,198,7.36
2017-07-17 04:00:00,3,20170717043,2017,7,17,4,0,0,3,29,198,7.86
2017-07-17 05:00:00,3,20170717053,2017,7,17,5,0,0,3,29,198,7.07
2017-07-17 06:00:00,3,20170717063,2017,7,17,6,0,0,3,29,198,5.48
2017-07-17 07:00:00,3,20170717073,2017,7,17,7,0,0,3,29,198,7.1
2017-07-17 08:00:00,3,20170717083,2017,7,17,8,0,0,3,29,198,8.36
2017-07-17 09:00:00,3,20170717093,2017,7,17,9,0,0,3,29,198,13.89
2017-07-17 10:00:00,3,20170717103,2017,7,17,10,0,0,3,29,198,22.42
2017-07-17 11:00:00,3,20170717113,2017,7,17,11,0,0,3,29,198,23.04
2017-07-17 12:00:00,3,20170717123,2017,7,17,12,0,0,3,29,198,24.08
2017-07-17 13:00:00,3,20170717133,2017,7,17,13,0,0,3,29,198,24.34
2017-07-17 14:00:00,3,20170717143,2017,7,17,14,0,0,3,29,198,22.0
2017-07-17 15:00:00,3,20170717153,2017,7,17,15,0,0,3,29,198,20.02
2017-07-17 16:00:00,3,20170717163,2017,7,17,16,0,0,3,29,198,18.3
2017-07-17 17:00:00,3,20170717173,2017,7,17,17,0,0,3,29,198,17.06
2017-07-17 18:00:00,3,20170717183,2017,7,17,18,0,0,3,29,198,35.06
2017-07-17 19:00:00,3,20170717193,2017,7,17,19,0,0,3,29,198,41.48
2017-07-17 20:00:00,3,20170717203,2017,7,17,20,0,0,3,29,198,42.34
2017-07-17 21:00:00,3,20170717213,2017,7,17,21,0,0,3,29,198,36.06
2017-07-17 22:00:00,3,20170717223,2017,7,17,22,0,0,3,29,198,34.37
2017-07-17 23:00:00,3,20170717233,2017,7,17,23,0,0,3,29,198,25.6
2017-07-18 00:00:00,3,20170718003,2017,7,18,0,1,0,3,29,199,16.51
2017-07-18 01:00:00,3,20170718013,2017,7,18,1,1,0,3,29,199,11.66
2017-07-18 02:00:00,3,20170718023,2017,7,18,2,1,0,3,29,199,9.27
2017-07-18 03:00:00,3,20170718033,2017,7,18,3,1,0,3,29,199,6.79
2017-07-18 04:00:00,3,20170718043,2017,7,18,4,1,0,3,29,199,7.17
2017-07-18 05:00:00,3,20170718053,2017,7,18,5,1,0,3,29,199,6.73
2017-07-18 06:00:00,3,20170718063,2017,7,18,6,1,0,3,29,199,5.13
2017-07-18 07:00:00,3,20170718073,2017,7,18,7,1,0,3,29,199,6.6
2017-07-18 08:00:00,3,20170718083,2017,7,18,8,1,0,3,29,199,7.15
2017-07-18 09:00:00,3,20170718093,2017,7,18,9,1,0,3,29,199,11.74
2017-07-18 10:00:00,3,20170718103,2017,7,18,10,1,0,3,29,199,20.2
2017-07-18 11:00:00,3,20170718113,2017,7,18,11,1,0,3,29,199,20.03
2017-07-18 12:00:00,3,20170718123,2017,7,18,12,1,0,3,29,199,21.46
2017-07-18 13:00:00,3,20170718133,2017,7,18,13,1,0,3,29,199,21.63
2017-07-18 14:00:00,3,20170718143,2017,7,18,14,1,0,3,29,199,19.44
2017-07-18 15:00:00,3,20170718153,2017,7,18,15,1,0,3,29,199,17.83
2017-07-18 16:00:00,3,20170718163,2017,7,18,16,1,0,3,29,199,16.02
2017-07-18 17:00:00,3,20170718173,2017,7,18,17,1,0,3,29,199,14.91
2017-07-18 18:00:00,3,20170718183,2017,7,18,18,1,0,3,29,199,17.43
2017-07-18 19:00:00,3,20170718193,2017,7,18,19,1,0,3,29,199,17.71
2017-07-18 20:00:00,3,20170718203,2017,7,18,20,1,0,3,29,199,15.16
2017-07-18 21:00:00,3,20170718213,2017,7,18,21,1,0,3,29,199,15.14
2017-07-18 22:00:00,3,20170718223,2017,7,18,22,1,0,3,29,199,14.99
2017-07-18 23:00:00,3,20170718233,2017,7,18,23,1,0,3,29,199,13.37
2017-07-19 00:00:00,3,20170719003,2017,7,19,0,2,0,3,29,200,16.84
2017-07-19 01:00:00,3,20170719013,2017,7,19,1,2,0,3,29,200,11.73
2017-07-19 02:00:00,3,20170719023,2017,7,19,2,2,0,3,29,200,9.46
2017-07-19 03:00:00,3,20170719033,2017,7,19,3,2,0,3,29,200,6.73
2017-07-19 04:00:00,3,20170719043,2017,7,19,4,2,0,3,29,200,6.11
2017-07-19 05:00:00,3,20170719053,2017,7,19,5,2,0,3,29,200,6.55
2017-07-19 06:00:00,3,20170719063,2017,7,19,6,2,0,3,29,200,4.93
2017-07-19 07:00:00,3,20170719073,2017,7,19,7,2,0,3,29,200,5.72
2017-07-19 08:00:00,3,20170719083,2017,7,19,8,2,0,3,29,200,7.65
2017-07-19 09:00:00,3,20170719093,2017,7,19,9,2,0,3,29,200,10.61
2017-07-19 10:00:00,3,20170719103,2017,7,19,10,2,0,3,29,200,17.54
2017-07-19 11:00:00,3,20170719113,2017,7,19,11,2,0,3,29,200,18.39
2017-07-19 12:00:00,3,20170719123,2017,7,19,12,2,0,3,29,200,18.6
2017-07-19 13:00:00,3,20170719133,2017,7,19,13,2,0,3,29,200,19.09
2017-07-19 14:00:00,3,20170719143,2017,7,19,14,2,0,3,29,200,18.53
2017-07-19 15:00:00,3,20170719153,2017,7,19,15,2,0,3,29,200,16.99
2017-07-19 16:00:00,3,20170719163,2017,7,19,16,2,0,3,29,200,16.66
2017-07-19 17:00:00,3,20170719173,2017,7,19,17,2,0,3,29,200,16.5
2017-07-19 18:00:00,3,20170719183,2017,7,19,18,2,0,3,29,200,18.67
2017-07-19 19:00:00,3,20170719193,2017,7,19,19,2,0,3,29,200,20.37
2017-07-19 20:00:00,3,20170719203,2017,7,19,20,2,0,3,29,200,17.96
2017-07-19 21:00:00,3,20170719213,2017,7,19,21,2,0,3,29,200,17.1
2017-07-19 22:00:00,3,20170719223,2017,7,19,22,2,0,3,29,200,16.28
2017-07-19 23:00:00,3,20170719233,2017,7,19,23,2,0,3,29,200,14.11
2017-07-20 00:00:00,3,20170720003,2017,7,20,0,3,0,3,29,201,18.96
2017-07-20 01:00:00,3,20170720013,2017,7,20,1,3,0,3,29,201,11.99
2017-07-20 02:00:00,3,20170720023,2017,7,20,2,3,0,3,29,201,8.74
2017-07-20 03:00:00,3,20170720033,2017,7,20,3,3,0,3,29,201,6.65
2017-07-20 04:00:00,3,20170720043,2017,7,20,4,3,0,3,29,201,5.21
2017-07-20 05:00:00,3,20170720053,2017,7,20,5,3,0,3,29,201,6.01
2017-07-20 06:00:00,3,20170720063,2017,7,20,6,3,0,3,29,201,5.38
2017-07-20 07:00:00,3,20170720073,2017,7,20,7,3,0,3,29,201,5.06
2017-07-20 08:00:00,3,20170720083,2017,7,20,8,3,0,3,29,201,9.41
2017-07-20 09:00:00,3,20170720093,2017,7,20,9,3,0,3,29,201,9.89
2017-07-20 10:00:00,3,20170720103,2017,7,20,10,3,0,3,29,201,15.51
2017-07-20 11:00:00,3,20170720113,2017,7,20,11,3,0,3,29,201,17.84
2017-07-20 12:00:00,3,20170720123,2017,7,20,12,3,0,3,29,201,18.16
2017-07-20 13:00:00,3,20170720133,2017,7,20,13,3,0,3,29,201,19.58
2017-07-20 14:00:00,3,20170720143,2017,7,20,14,3,0,3,29,201,19.85
2017-07-20 15:00:00,3,20170720153,2017,7,20,15,3,0,3,29,201,18.72
2017-07-20 16:00:00,3,20170720163,2017,7,20,16,3,0,3,29,201,16.84
2017-07-20 17:00:00,3,20170720173,2017,7,20,17,3,0,3,29,201,17.26
2017-07-20 18:00:00,3,20170720183,2017,7,20,18,3,0,3,29,201,62.43
2017-07-20 19:00:00,3,20170720193,2017,7,20,19,3,0,3,29,201,52.98
2017-07-20 20:00:00,3,20170720203,2017,7,20,20,3,0,3,29,201,39.26
2017-07-20 21:00:00,3,20170720213,2017,7,20,21,3,0,3,29,201,33.74
2017-07-20 22:00:00,3,20170720223,2017,7,20,22,3,0,3,29,201,32.72
2017-07-20 23:00:00,3,20170720233,2017,7,20,23,3,0,3,29,201,29.09
2017-07-21 00:00:00,3,20170721003,2017,7,21,0,4,0,3,29,202,25.94
2017-07-21 01:00:00,3,20170721013,2017,7,21,1,4,0,3,29,202,14.01
2017-07-21 02:00:00,3,20170721023,2017,7,21,2,4,0,3,29,202,8.69
2017-07-21 03:00:00,3,20170721033,2017,7,21,3,4,0,3,29,202,7.96
2017-07-21 04:00:00,3,20170721043,2017,7,21,4,4,0,3,29,202,7.28
2017-07-21 05:00:00,3,20170721053,2017,7,21,5,4,0,3,29,202,7.25
2017-07-21 06:00:00,3,20170721063,2017,7,21,6,4,0,3,29,202,7.95
2017-07-21 07:00:00,3,20170721073,2017,7,21,7,4,0,3,29,202,7.07
2017-07-21 08:00:00,3,20170721083,2017,7,21,8,4,0,3,29,202,12.76
2017-07-21 09:00:00,3,20170721093,2017,7,21,9,4,0,3,29,202,14.88
2017-07-21 10:00:00,3,20170721103,2017,7,21,10,4,0,3,29,202,19.27
2017-07-21 11:00:00,3,20170721113,2017,7,21,11,4,0,3,29,202,21.62
2017-07-21 12:00:00,3,20170721123,2017,7,21,12,4,0,3,29,202,21.78
2017-07-21 13:00:00,3,20170721133,2017,7,21,13,4,0,3,29,202,21.18
2017-07-21 14:00:00,3,20170721143,2017,7,21,14,4,0,3,29,202,22.98
2017-07-21 15:00:00,3,20170721153,2017,7,21,15,4,0,3,29,202,22.51
2017-07-21 16:00:00,3,20170721163,2017,7,21,16,4,0,3,29,202,19.21
2017-07-21 17:00:00,3,20170721173,2017,7,21,17,4,0,3,29,202,20.09
2017-07-21 18:00:00,3,20170721183,2017,7,21,18,4,0,3,29,202,54.89
2017-07-21 19:00:00,3,20170721193,2017,7,21,19,4,0,3,29,202,51.34
2017-07-21 20:00:00,3,20170721203,2017,7,21,20,4,0,3,29,202,41.76
2017-07-21 21:00:00,3,20170721213,2017,7,21,21,4,0,3,29,202,36.89
2017-07-21 22:00:00,3,20170721223,2017,7,21,22,4,0,3,29,202,36.99
2017-07-21 23:00:00,3,20170721233,2017,7,21,23,4,0,3,29,202,35.49
2017-07-22 00:00:00,3,20170722003,2017,7,22,0,5,1,3,29,203,34.21
2017-07-22 01:00:00,3,20170722013,2017,7,22,1,5,1,3,29,203,23.69
2017-07-22 02:00:00,3,20170722023,2017,7,22,2,5,1,3,29,203,13.42
2017-07-22 03:00:00,3,20170722033,2017,7,22,3,5,1,3,29,203,10.8
2017-07-22 04:00:00,3,20170722043,2017,7,22,4,5,1,3,29,203,10.72
2017-07-22 05:00:00,3,20170722053,2017,7,22,5,5,1,3,29,203,9.89
2017-07-22 06:00:00,3,20170722063,2017,7,22,6,5,1,3,29,203,11.53
2017-07-22 07:00:00,3,20170722073,2017,7,22,7,5,1,3,29,203,12.07
2017-07-22 08:00:00,3,20170722083,2017,7,22,8,5,1,3,29,203,20.37
2017-07-22 09:00:00,3,20170722093,2017,7,22,9,5,1,3,29,203,24.79
2017-07-22 10:00:00,3,20170722103,2017,7,22,10,5,1,3,29,203,31.02
2017-07-22 11:00:00,3,20170722113,2017,7,22,11,5,1,3,29,203,33.05
2017-07-22 12:00:00,3,20170722123,2017,7,22,12,5,1,3,29,203,33.19
2017-07-22 13:00:00,3,20170722133,2017,7,22,13,5,1,3,29,203,31.4
2017-07-22 14:00:00,3,20170722143,2017,7,22,14,5,1,3,29,203,32.28
2017-07-22 15:00:00,3,20170722153,2017,7,22,15,5,1,3,29,203,31.76
2017-07-22 16:00:00,3,20170722163,2017,7,22,16,5,1,3,29,203,31.54
2017-07-22 17:00:00,3,20170722173,2017,7,22,17,5,1,3,29,203,31.68
2017-07-22 18:00:00,3,20170722183,2017,7,22,18,5,1,3,29,203,47.86
2017-07-22 19:00:00,3,20170722193,2017,7,22,19,5,1,3,29,203,46.35
2017-07-22 20:00:00,3,20170722203,2017,7,22,20,5,1,3,29,203,46.12
2017-07-22 21:00:00,3,20170722213,2017,7,22,21,5,1,3,29,203,42.92
2017-07-22 22:00:00,3,20170722223,2017,7,22,22,5,1,3,29,203,43.41
2017-07-22 23:00:00,3,20170722233,2017,7,22,23,5,1,3,29,203,41.68
2017-07-23 00:00:00,3,20170723003,2017,7,23,0,6,1,3,29,204,51.1
2017-07-23 01:00:00,3,20170723013,2017,7,23,1,6,1,3,29,204,30.27
2017-07-23 02:00:00,3,20170723023,2017,7,23,2,6,1,3,29,204,21.28
2017-07-23 03:00:00,3,20170723033,2017,7,23,3,6,1,3,29,204,15.0
2017-07-23 04:00:00,3,20170723043,2017,7,23,4,6,1,3,29,204,13.39
2017-07-23 05:00:00,3,20170723053,2017,7,23,5,6,1,3,29,204,12.05
2017-07-23 06:00:00,3,20170723063,2017,7,23,6,6,1,3,29,204,15.0
2017-07-23 07:00:00,3,20170723073,2017,7,23,7,6,1,3,29,204,16.96
2017-07-23 08:00:00,3,20170723083,2017,7,23,8,6,1,3,29,204,20.54
2017-07-23 09:00:00,3,20170723093,2017,7,23,9,6,1,3,29,204,26.72
2017-07-23 10:00:00,3,20170723103,2017,7,23,10,6,1,3,29,204,38.6
2017-07-23 11:00:00,3,20170723113,2017,7,23,11,6,1,3,29,204,41.0
2017-07-23 12:00:00,3,20170723123,2017,7,23,12,6,1,3,29,204,40.26
2017-07-23 13:00:00,3,20170723133,2017,7,23,13,6,1,3,29,204,39.38
2017-07-23 14:00:00,3,20170723143,2017,7,23,14,6,1,3,29,204,39.3
2017-07-23 15:00:00,3,20170723153,2017,7,23,15,6,1,3,29,204,37.29
2017-07-23 16:00:00,3,20170723163,2017,7,23,16,6,1,3,29,204,38.34
2017-07-23 17:00:00,3,20170723173,2017,7,23,17,6,1,3,29,204,38.98
2017-07-23 18:00:00,3,20170723183,2017,7,23,18,6,1,3,29,204,40.06
2017-07-23 19:00:00,3,20170723193,2017,7,23,19,6,1,3,29,204,39.25
2017-07-23 20:00:00,3,20170723203,2017,7,23,20,6,1,3,29,204,40.88
2017-07-23 21:00:00,3,20170723213,2017,7,23,21,6,1,3,29,204,40.76
2017-07-23 22:00:00,3,20170723223,2017,7,23,22,6,1,3,29,204,41.79
2017-07-23 23:00:00,3,20170723233,2017,7,23,23,6,1,3,29,204,44.34
2017-07-24 00:00:00,3,20170724003,2017,7,24,0,0,0,3,30,205,50.21
2017-07-24 01:00:00,3,20170724013,2017,7,24,1,0,0,3,30,205,26.7
2017-07-24 02:00:00,3,20170724023,2017,7,24,2,0,0,3,30,205,12.37
2017-07-24 03:00:00,3,20170724033,2017,7,24,3,0,0,3,30,205,10.78
2017-07-24 04:00:00,3,20170724043,2017,7,24,4,0,0,3,30,205,8.1
2017-07-24 05:00:00,3,20170724053,2017,7,24,5,0,0,3,30,205,7.81
2017-07-24 06:00:00,3,20170724063,2017,7,24,6,0,0,3,30,205,10.0
2017-07-24 07:00:00,3,20170724073,2017,7,24,7,0,0,3,30,205,13.66
2017-07-24 08:00:00,3,20170724083,2017,7,24,8,0,0,3,30,205,16.17
2017-07-24 09:00:00,3,20170724093,2017,7,24,9,0,0,3,30,205,16.89
2017-07-24 10:00:00,3,20170724103,2017,7,24,10,0,0,3,30,205,29.21
2017-07-24 11:00:00,3,20170724113,2017,7,24,11,0,0,3,30,205,31.61
2017-07-24 12:00:00,3,20170724123,2017,7,24,12,0,0,3,30,205,28.77
2017-07-24 13:00:00,3,20170724133,2017,7,24,13,0,0,3,30,205,24.12
2017-07-24 14:00:00,3,20170724143,2017,7,24,14,0,0,3,30,205,25.03
2017-07-24 15:00:00,3,20170724153,2017,7,24,15,0,0,3,30,205,25.74
2017-07-24 16:00:00,3,20170724163,2017,7,24,16,0,0,3,30,205,25.3
2017-07-24 17:00:00,3,20170724173,2017,7,24,17,0,0,3,30,205,25.27
2017-07-24 18:00:00,3,20170724183,2017,7,24,18,0,0,3,30,205,33.5
2017-07-24 19:00:00,3,20170724193,2017,7,24,19,0,0,3,30,205,29.42
2017-07-24 20:00:00,3,20170724203,2017,7,24,20,0,0,3,30,205,25.57
2017-07-24 21:00:00,3,20170724213,2017,7,24,21,0,0,3,30,205,23.36
2017-07-24 22:00:00,3,20170724223,2017,7,24,22,0,0,3,30,205,23.55
2017-07-24 23:00:00,3,20170724233,2017,7,24,23,0,0,3,30,205,23.73
2017-07-25 00:00:00,3,20170725003,2017,7,25,0,1,0,3,30,206,38.01
2017-07-25 01:00:00,3,20170725013,2017,7,25,1,1,0,3,30,206,21.14
2017-07-25 02:00:00,3,20170725023,2017,7,25,2,1,0,3,30,206,11.46
2017-07-25 03:00:00,3,20170725033,2017,7,25,3,1,0,3,30,206,10.23
2017-07-25 04:00:00,3,20170725043,2017,7,25,4,1,0,3,30,206,7.7
2017-07-25 05:00:00,3,20170725053,2017,7,25,5,1,0,3,30,206,7.05
2017-07-25 06:00:00,3,20170725063,2017,7,25,6,1,0,3,30,206,9.18
2017-07-25 07:00:00,3,20170725073,2017,7,25,7,1,0,3,30,206,11.87
2017-07-25 08:00:00,3,20170725083,2017,7,25,8,1,0,3,30,206,13.64
2017-07-25 09:00:00,3,20170725093,2017,7,25,9,1,0,3,30,206,14.67
2017-07-25 10:00:00,3,20170725103,2017,7,25,10,1,0,3,30,206,29.09
2017-07-25 11:00:00,3,20170725113,2017,7,25,11,1,0,3,30,206,31.1
2017-07-25 12:00:00,3,20170725123,2017,7,25,12,1,0,3,30,206,28.01
2017-07-25 13:00:00,3,20170725133,2017,7,25,13,1,0,3,30,206,23.46
2017-07-25 14:00:00,3,20170725143,2017,7,25,14,1,0,3,30,206,24.26
2017-07-25 15:00:00,3,20170725153,2017,7,25,15,1,0,3,30,206,25.16
2017-07-25 16:00:00,3,20170725163,2017,7,25,16,1,0,3,30,206,24.82
2017-07-25 17:00:00,3,20170725173,2017,7,25,17,1,0,3,30,206,24.8
2017-07-25 18:00:00,3,20170725183,2017,7,25,18,1,0,3,30,206,33.46
2017-07-25 19:00:00,3,20170725193,2017,7,25,19,1,0,3,30,206,29.84
2017-07-25 20:00:00,3,20170725203,2017,7,25,20,1,0,3,30,206,25.72
2017-07-25 21:00:00,3,20170725213,2017,7,25,21,1,0,3,30,206,23.21
2017-07-25 22:00:00,3,20170725223,2017,7,25,22,1,0,3,30,206,23.33
2017-07-25 23:00:00,3,20170725233,2017,7,25,23,1,0,3,30,206,23.4
2017-07-26 00:00:00,3,20170726003,2017,7,26,0,2,0,3,30,207,31.6
2017-07-26 01:00:00,3,20170726013,2017,7,26,1,2,0,3,30,207,16.01
2017-07-26 02:00:00,3,20170726023,2017,7,26,2,2,0,3,30,207,9.87
2017-07-26 03:00:00,3,20170726033,2017,7,26,3,2,0,3,30,207,8.96
2017-07-26 04:00:00,3,20170726043,2017,7,26,4,2,0,3,30,207,6.85
2017-07-26 05:00:00,3,20170726053,2017,7,26,5,2,0,3,30,207,6.27
2017-07-26 06:00:00,3,20170726063,2017,7,26,6,2,0,3,30,207,7.82
2017-07-26 07:00:00,3,20170726073,2017,7,26,7,2,0,3,30,207,11.27
2017-07-26 08:00:00,3,20170726083,2017,7,26,8,2,0,3,30,207,12.27
2017-07-26 09:00:00,3,20170726093,2017,7,26,9,2,0,3,30,207,12.5
2017-07-26 10:00:00,3,20170726103,2017,7,26,10,2,0,3,30,207,31.13
2017-07-26 11:00:00,3,20170726113,2017,7,26,11,2,0,3,30,207,32.75
2017-07-26 12:00:00,3,20170726123,2017,7,26,12,2,0,3,30,207,28.31
2017-07-26 13:00:00,3,20170726133,2017,7,26,13,2,0,3,30,207,21.38
2017-07-26 14:00:00,3,20170726143,2017,7,26,14,2,0,3,30,207,22.79
2017-07-26 15:00:00,3,20170726153,2017,7,26,15,2,0,3,30,207,21.93
2017-07-26 16:00:00,3,20170726163,2017,7,26,16,2,0,3,30,207,21.29
2017-07-26 17:00:00,3,20170726173,2017,7,26,17,2,0,3,30,207,19.75
2017-07-26 18:00:00,3,20170726183,2017,7,26,18,2,0,3,30,207,23.36
2017-07-26 19:00:00,3,20170726193,2017,7,26,19,2,0,3,30,207,20.37
2017-07-26 20:00:00,3,20170726203,2017,7,26,20,2,0,3,30,207,17.88
2017-07-26 21:00:00,3,20170726213,2017,7,26,21,2,0,3,30,207,16.42
2017-07-26 22:00:00,3,20170726223,2017,7,26,22,2,0,3,30,207,16.68
2017-07-26 23:00:00,3,20170726233,2017,7,26,23,2,0,3,30,207,17.44
2017-07-27 00:00:00,3,20170727003,2017,7,27,0,3,0,3,30,208,17.73
2017-07-27 01:00:00,3,20170727013,2017,7,27,1,3,0,3,30,208,10.6
2017-07-27 02:00:00,3,20170727023,2017,7,27,2,3,0,3,30,208,6.99
2017-07-27 03:00:00,3,20170727033,2017,7,27,3,3,0,3,30,208,5.86
2017-07-27 04:00:00,3,20170727043,2017,7,27,4,3,0,3,30,208,5.79
2017-07-27 05:00:00,3,20170727053,2017,7,27,5,3,0,3,30,208,4.65
2017-07-27 06:00:00,3,20170727063,2017,7,27,6,3,0,3,30,208,3.36
2017-07-27 07:00:00,3,20170727073,2017,7,27,7,3,0,3,30,208,6.5
2017-07-27 08:00:00,3,20170727083,2017,7,27,8,3,0,3,30,208,8.67
2017-07-27 09:00:00,3,20170727093,2017,7,27,9,3,0,3,30,208,10.72
2017-07-27 10:00:00,3,20170727103,2017,7,27,10,3,0,3,30,208,13.39
2017-07-27 11:00:00,3,20170727113,2017,7,27,11,3,0,3,30,208,15.08
2017-07-27 12:00:00,3,20170727123,2017,7,27,12,3,0,3,30,208,14.93
2017-07-27 13:00:00,3,20170727133,2017,7,27,13,3,0,3,30,208,14.88
2017-07-27 14:00:00,3,20170727143,2017,7,27,14,3,0,3,30,208,15.34
2017-07-27 15:00:00,3,20170727153,2017,7,27,15,3,0,3,30,208,14.4
2017-07-27 16:00:00,3,20170727163,2017,7,27,16,3,0,3,30,208,14.98
2017-07-27 17:00:00,3,20170727173,2017,7,27,17,3,0,3,30,208,14.22
2017-07-27 18:00:00,3,20170727183,2017,7,27,18,3,0,3,30,208,15.15
2017-07-27 19:00:00,3,20170727193,2017,7,27,19,3,0,3,30,208,15.24
2017-07-27 20:00:00,3,20170727203,2017,7,27,20,3,0,3,30,208,14.68
2017-07-27 21:00:00,3,20170727213,2017,7,27,21,3,0,3,30,208,13.19
2017-07-27 22:00:00,3,20170727223,2017,7,27,22,3,0,3,30,208,12.39
2017-07-27 23:00:00,3,20170727233,2017,7,27,23,3,0,3,30,208,12.09
2017-07-28 00:00:00,3,20170728003,2017,7,28,0,4,0,3,30,209,13.17
2017-07-28 01:00:00,3,20170728013,2017,7,28,1,4,0,3,30,209,9.5
2017-07-28 02:00:00,3,20170728023,2017,7,28,2,4,0,3,30,209,8.29
2017-07-28 03:00:00,3,20170728033,2017,7,28,3,4,0,3,30,209,5.32
2017-07-28 04:00:00,3,20170728043,2017,7,28,4,4,0,3,30,209,5.13
2017-07-28 05:00:00,3,20170728053,2017,7,28,5,4,0,3,30,209,4.83
2017-07-28 06:00:00,3,20170728063,2017,7,28,6,4,0,3,30,209,3.71
2017-07-28 07:00:00,3,20170728073,2017,7,28,7,4,0,3,30,209,7.09
2017-07-28 08:00:00,3,20170728083,2017,7,28,8,4,0,3,30,209,8.11
2017-07-28 09:00:00,3,20170728093,2017,7,28,9,4,0,3,30,209,10.76
2017-07-28 10:00:00,3,20170728103,2017,7,28,10,4,0,3,30,209,11.27
2017-07-28 11:00:00,3,20170728113,2017,7,28,11,4,0,3,30,209,12.76
2017-07-28 12:00:00,3,20170728123,2017,7,28,12,4,0,3,30,209,12.95
2017-07-28 13:00:00,3,20170728133,2017,7,28,13,4,0,3,30,209,13.67
2017-07-28 14:00:00,3,20170728143,2017,7,28,14,4,0,3,30,209,13.16
2017-07-28 15:00:00,3,20170728153,2017,7,28,15,4,0,3,30,209,12.34
2017-07-28 16:00:00,3,20170728163,2017,7,28,16,4,0,3,30,209,12.15
2017-07-28 17:00:00,3,20170728173,2017,7,28,17,4,0,3,30,209,10.76
2017-07-28 18:00:00,3,20170728183,2017,7,28,18,4,0,3,30,209,13.55
2017-07-28 19:00:00,3,20170728193,2017,7,28,19,4,0,3,30,209,14.61
2017-07-28 20:00:00,3,20170728203,2017,7,28,20,4,0,3,30,209,14.06
2017-07-28 21:00:00,3,20170728213,2017,7,28,21,4,0,3,30,209,11.5
2017-07-28 22:00:00,3,20170728223,2017,7,28,22,4,0,3,30,209,11.42
2017-07-28 23:00:00,3,20170728233,2017,7,28,23,4,0,3,30,209,11.26
2017-07-29 00:00:00,3,20170729003,2017,7,29,0,5,1,3,30,210,11.07
2017-07-29 01:00:00,3,20170729013,2017,7,29,1,5,1,3,30,210,9.13
2017-07-29 02:00:00,3,20170729023,2017,7,29,2,5,1,3,30,210,7.25
2017-07-29 03:00:00,3,20170729033,2017,7,29,3,5,1,3,30,210,5.04
2017-07-29 04:00:00,3,20170729043,2017,7,29,4,5,1,3,30,210,4.25
2017-07-29 05:00:00,3,20170729053,2017,7,29,5,5,1,3,30,210,5.15
2017-07-29 06:00:00,3,20170729063,2017,7,29,6,5,1,3,30,210,3.67
2017-07-29 07:00:00,3,20170729073,2017,7,29,7,5,1,3,30,210,7.63
2017-07-29 08:00:00,3,20170729083,2017,7,29,8,5,1,3,30,210,6.75
2017-07-29 09:00:00,3,20170729093,2017,7,29,9,5,1,3,30,210,10.29
2017-07-29 10:00:00,3,20170729103,2017,7,29,10,5,1,3,30,210,9.19
2017-07-29 11:00:00,3,20170729113,2017,7,29,11,5,1,3,30,210,10.6
2017-07-29 12:00:00,3,20170729123,2017,7,29,12,5,1,3,30,210,8.75
2017-07-29 13:00:00,3,20170729133,2017,7,29,13,5,1,3,30,210,11.42
2017-07-29 14:00:00,3,20170729143,2017,7,29,14,5,1,3,30,210,10.62
2017-07-29 15:00:00,3,20170729153,2017,7,29,15,5,1,3,30,210,11.43
2017-07-29 16:00:00,3,20170729163,2017,7,29,16,5,1,3,30,210,9.84
2017-07-29 17:00:00,3,20170729173,2017,7,29,17,5,1,3,30,210,8.38
2017-07-29 18:00:00,3,20170729183,2017,7,29,18,5,1,3,30,210,11.82
2017-07-29 19:00:00,3,20170729193,2017,7,29,19,5,1,3,30,210,10.72
2017-07-29 20:00:00,3,20170729203,2017,7,29,20,5,1,3,30,210,9.47
2017-07-29 21:00:00,3,20170729213,2017,7,29,21,5,1,3,30,210,8.77
2017-07-29 22:00:00,3,20170729223,2017,7,29,22,5,1,3,30,210,11.06
2017-07-29 23:00:00,3,20170729233,2017,7,29,23,5,1,3,30,210,10.34
2017-07-30 00:00:00,3,20170730003,2017,7,30,0,6,1,3,30,211,10.44
2017-07-30 01:00:00,3,20170730013,2017,7,30,1,6,1,3,30,211,8.69
2017-07-30 02:00:00,3,20170730023,2017,7,30,2,6,1,3,30,211,6.94
2017-07-30 03:00:00,3,20170730033,2017,7,30,3,6,1,3,30,211,5.43
2017-07-30 04:00:00,3,20170730043,2017,7,30,4,6,1,3,30,211,4.44
2017-07-30 05:00:00,3,20170730053,2017,7,30,5,6,1,3,30,211,5.2
2017-07-30 06:00:00,3,20170730063,2017,7,30,6,6,1,3,30,211,4.03
2017-07-30 07:00:00,3,20170730073,2017,7,30,7,6,1,3,30,211,7.29
2017-07-30 08:00:00,3,20170730083,2017,7,30,8,6,1,3,30,211,6.19
2017-07-30 09:00:00,3,20170730093,2017,7,30,9,6,1,3,30,211,8.18
2017-07-30 10:00:00,3,20170730103,2017,7,30,10,6,1,3,30,211,7.69
2017-07-30 11:00:00,3,20170730113,2017,7,30,11,6,1,3,30,211,9.33
2017-07-30 12:00:00,3,20170730123,2017,7,30,12,6,1,3,30,211,8.06
2017-07-30 13:00:00,3,20170730133,2017,7,30,13,6,1,3,30,211,8.86
2017-07-30 14:00:00,3,20170730143,2017,7,30,14,6,1,3,30,211,9.73
2017-07-30 15:00:00,3,20170730153,2017,7,30,15,6,1,3,30,211,10.62
2017-07-30 16:00:00,3,20170730163,2017,7,30,16,6,1,3,30,211,10.05
2017-07-30 17:00:00,3,20170730173,2017,7,30,17,6,1,3,30,211,8.54
2017-07-30 18:00:00,3,20170730183,2017,7,30,18,6,1,3,30,211,11.13
2017-07-30 19:00:00,3,20170730193,2017,7,30,19,6,1,3,30,211,10.66
2017-07-30 20:00:00,3,20170730203,2017,7,30,20,6,1,3,30,211,9.08
2017-07-30 21:00:00,3,20170730213,2017,7,30,21,6,1,3,30,211,8.33
2017-07-30 22:00:00,3,20170730223,2017,7,30,22,6,1,3,30,211,11.27
2017-07-30 23:00:00,3,20170730233,2017,7,30,23,6,1,3,30,211,10.09
2017-07-31 00:00:00,3,20170731003,2017,7,31,0,0,0,3,31,212,12.53
2017-07-31 01:00:00,3,20170731013,2017,7,31,1,0,0,3,31,212,9.84
2017-07-31 02:00:00,3,20170731023,2017,7,31,2,0,0,3,31,212,7.1
2017-07-31 03:00:00,3,20170731033,2017,7,31,3,0,0,3,31,212,5.51
2017-07-31 04:00:00,3,20170731043,2017,7,31,4,0,0,3,31,212,4.53
2017-07-31 05:00:00,3,20170731053,2017,7,31,5,0,0,3,31,212,4.78
2017-07-31 06:00:00,3,20170731063,2017,7,31,6,0,0,3,31,212,4.39
2017-07-31 07:00:00,3,20170731073,2017,7,31,7,0,0,3,31,212,8.13
2017-07-31 08:00:00,3,20170731083,2017,7,31,8,0,0,3,31,212,6.7
2017-07-31 09:00:00,3,20170731093,2017,7,31,9,0,0,3,31,212,8.8
2017-07-31 10:00:00,3,20170731103,2017,7,31,10,0,0,3,31,212,12.75
2017-07-31 11:00:00,3,20170731113,2017,7,31,11,0,0,3,31,212,14.5
2017-07-31 12:00:00,3,20170731123,2017,7,31,12,0,0,3,31,212,14.38
2017-07-31 13:00:00,3,20170731133,2017,7,31,13,0,0,3,31,212,13.9
2017-07-31 14:00:00,3,20170731143,2017,7,31,14,0,0,3,31,212,14.3
2017-07-31 15:00:00,3,20170731153,2017,7,31,15,0,0,3,31,212,14.65
2017-07-31 16:00:00,3,20170731163,2017,7,31,16,0,0,3,31,212,13.64
2017-07-31 17:00:00,3,20170731173,2017,7,31,17,0,0,3,31,212,13.47
2017-07-31 18:00:00,3,20170731183,2017,7,31,18,0,0,3,31,212,13.59
2017-07-31 19:00:00,3,20170731193,2017,7,31,19,0,0,3,31,212,14.86
2017-07-31 20:00:00,3,20170731203,2017,7,31,20,0,0,3,31,212,14.33
2017-07-31 21:00:00,3,20170731213,2017,7,31,21,0,0,3,31,212,14.14
2017-07-31 22:00:00,3,20170731223,2017,7,31,22,0,0,3,31,212,12.82
2017-07-31 23:00:00,3,20170731233,2017,7,31,23,0,0,3,31,212,12.65
2017-08-01 00:00:00,3,20170801003,2017,8,1,0,1,0,3,31,213,9.58
2017-08-01 01:00:00,3,20170801013,2017,8,1,1,1,0,3,31,213,10.62
2017-08-01 02:00:00,3,20170801023,2017,8,1,2,1,0,3,31,213,6.28
2017-08-01 03:00:00,3,20170801033,2017,8,1,3,1,0,3,31,213,9.15
2017-08-01 04:00:00,3,20170801043,2017,8,1,4,1,0,3,31,213,4.66
2017-08-01 05:00:00,3,20170801053,2017,8,1,5,1,0,3,31,213,5.36
2017-08-01 06:00:00,3,20170801063,2017,8,1,6,1,0,3,31,213,5.84
2017-08-01 07:00:00,3,20170801073,2017,8,1,7,1,0,3,31,213,7.27
2017-08-01 08:00:00,3,20170801083,2017,8,1,8,1,0,3,31,213,6.23
2017-08-01 09:00:00,3,20170801093,2017,8,1,9,1,0,3,31,213,9.01
2017-08-01 10:00:00,3,20170801103,2017,8,1,10,1,0,3,31,213,12.26
2017-08-01 11:00:00,3,20170801113,2017,8,1,11,1,0,3,31,213,13.65
2017-08-01 12:00:00,3,20170801123,2017,8,1,12,1,0,3,31,213,12.52
2017-08-01 13:00:00,3,20170801133,2017,8,1,13,1,0,3,31,213,12.95
2017-08-01 14:00:00,3,20170801143,2017,8,1,14,1,0,3,31,213,13.83
2017-08-01 15:00:00,3,20170801153,2017,8,1,15,1,0,3,31,213,15.78
2017-08-01 16:00:00,3,20170801163,2017,8,1,16,1,0,3,31,213,14.0
2017-08-01 17:00:00,3,20170801173,2017,8,1,17,1,0,3,31,213,13.03
2017-08-01 18:00:00,3,20170801183,2017,8,1,18,1,0,3,31,213,12.88
2017-08-01 19:00:00,3,20170801193,2017,8,1,19,1,0,3,31,213,17.19
2017-08-01 20:00:00,3,20170801203,2017,8,1,20,1,0,3,31,213,16.18
2017-08-01 21:00:00,3,20170801213,2017,8,1,21,1,0,3,31,213,16.56
2017-08-01 22:00:00,3,20170801223,2017,8,1,22,1,0,3,31,213,13.15
2017-08-01 23:00:00,3,20170801233,2017,8,1,23,1,0,3,31,213,13.09
2017-08-02 00:00:00,3,20170802003,2017,8,2,0,2,0,3,31,214,12.71
2017-08-02 01:00:00,3,20170802013,2017,8,2,1,2,0,3,31,214,11.24
2017-08-02 02:00:00,3,20170802023,2017,8,2,2,2,0,3,31,214,7.32
2017-08-02 03:00:00,3,20170802033,2017,8,2,3,2,0,3,31,214,10.36
2017-08-02 04:00:00,3,20170802043,2017,8,2,4,2,0,3,31,214,4.25
2017-08-02 05:00:00,3,20170802053,2017,8,2,5,2,0,3,31,214,5.0
2017-08-02 06:00:00,3,20170802063,2017,8,2,6,2,0,3,31,214,5.28
2017-08-02 07:00:00,3,20170802073,2017,8,2,7,2,0,3,31,214,7.25
2017-08-02 08:00:00,3,20170802083,2017,8,2,8,2,0,3,31,214,6.3
2017-08-02 09:00:00,3,20170802093,2017,8,2,9,2,0,3,31,214,9.03
2017-08-02 10:00:00,3,20170802103,2017,8,2,10,2,0,3,31,214,12.76
2017-08-02 11:00:00,3,20170802113,2017,8,2,11,2,0,3,31,214,13.84
2017-08-02 12:00:00,3,20170802123,2017,8,2,12,2,0,3,31,214,13.6
2017-08-02 13:00:00,3,20170802133,2017,8,2,13,2,0,3,31,214,13.46
2017-08-02 14:00:00,3,20170802143,2017,8,2,14,2,0,3,31,214,15.13
2017-08-02 15:00:00,3,20170802153,2017,8,2,15,2,0,3,31,214,15.4
2017-08-02 16:00:00,3,20170802163,2017,8,2,16,2,0,3,31,214,15.9
2017-08-02 17:00:00,3,20170802173,2017,8,2,17,2,0,3,31,214,14.13
2017-08-02 18:00:00,3,20170802183,2017,8,2,18,2,0,3,31,214,13.31
2017-08-02 19:00:00,3,20170802193,2017,8,2,19,2,0,3,31,214,14.49
2017-08-02 20:00:00,3,20170802203,2017,8,2,20,2,0,3,31,214,14.29
2017-08-02 21:00:00,3,20170802213,2017,8,2,21,2,0,3,31,214,14.15
2017-08-02 22:00:00,3,20170802223,2017,8,2,22,2,0,3,31,214,12.55
2017-08-02 23:00:00,3,20170802233,2017,8,2,23,2,0,3,31,214,12.92
2017-08-03 00:00:00,3,20170803003,2017,8,3,0,3,0,3,31,215,12.9
2017-08-03 01:00:00,3,20170803013,2017,8,3,1,3,0,3,31,215,11.12
2017-08-03 02:00:00,3,20170803023,2017,8,3,2,3,0,3,31,215,8.32
2017-08-03 03:00:00,3,20170803033,2017,8,3,3,3,0,3,31,215,6.52
2017-08-03 04:00:00,3,20170803043,2017,8,3,4,3,0,3,31,215,3.94
2017-08-03 05:00:00,3,20170803053,2017,8,3,5,3,0,3,31,215,5.02
2017-08-03 06:00:00,3,20170803063,2017,8,3,6,3,0,3,31,215,4.99
2017-08-03 07:00:00,3,20170803073,2017,8,3,7,3,0,3,31,215,7.12
2017-08-03 08:00:00,3,20170803083,2017,8,3,8,3,0,3,31,215,6.47
2017-08-03 09:00:00,3,20170803093,2017,8,3,9,3,0,3,31,215,8.36
2017-08-03 10:00:00,3,20170803103,2017,8,3,10,3,0,3,31,215,12.56
2017-08-03 11:00:00,3,20170803113,2017,8,3,11,3,0,3,31,215,13.94
2017-08-03 12:00:00,3,20170803123,2017,8,3,12,3,0,3,31,215,14.23
2017-08-03 13:00:00,3,20170803133,2017,8,3,13,3,0,3,31,215,13.33
2017-08-03 14:00:00,3,20170803143,2017,8,3,14,3,0,3,31,215,15.06
2017-08-03 15:00:00,3,20170803153,2017,8,3,15,3,0,3,31,215,14.61
2017-08-03 16:00:00,3,20170803163,2017,8,3,16,3,0,3,31,215,14.76
2017-08-03 17:00:00,3,20170803173,2017,8,3,17,3,0,3,31,215,13.74
2017-08-03 18:00:00,3,20170803183,2017,8,3,18,3,0,3,31,215,12.74
2017-08-03 19:00:00,3,20170803193,2017,8,3,19,3,0,3,31,215,13.32
2017-08-03 20:00:00,3,20170803203,2017,8,3,20,3,0,3,31,215,14.21
2017-08-03 21:00:00,3,20170803213,2017,8,3,21,3,0,3,31,215,12.64
2017-08-03 22:00:00,3,20170803223,2017,8,3,22,3,0,3,31,215,12.5
2017-08-03 23:00:00,3,20170803233,2017,8,3,23,3,0,3,31,215,12.99
2017-08-04 00:00:00,3,20170804003,2017,8,4,0,4,0,3,31,216,10.76
2017-08-04 01:00:00,3,20170804013,2017,8,4,1,4,0,3,31,216,8.72
2017-08-04 02:00:00,3,20170804023,2017,8,4,2,4,0,3,31,216,9.18
2017-08-04 03:00:00,3,20170804033,2017,8,4,3,4,0,3,31,216,5.32
2017-08-04 04:00:00,3,20170804043,2017,8,4,4,4,0,3,31,216,4.04
2017-08-04 05:00:00,3,20170804053,2017,8,4,5,4,0,3,31,216,5.19
2017-08-04 06:00:00,3,20170804063,2017,8,4,6,4,0,3,31,216,4.94
2017-08-04 07:00:00,3,20170804073,2017,8,4,7,4,0,3,31,216,6.52
2017-08-04 08:00:00,3,20170804083,2017,8,4,8,4,0,3,31,216,5.86
2017-08-04 09:00:00,3,20170804093,2017,8,4,9,4,0,3,31,216,7.28
2017-08-04 10:00:00,3,20170804103,2017,8,4,10,4,0,3,31,216,11.03
2017-08-04 11:00:00,3,20170804113,2017,8,4,11,4,0,3,31,216,11.0
2017-08-04 12:00:00,3,20170804123,2017,8,4,12,4,0,3,31,216,12.3
2017-08-04 13:00:00,3,20170804133,2017,8,4,13,4,0,3,31,216,10.97
2017-08-04 14:00:00,3,20170804143,2017,8,4,14,4,0,3,31,216,12.42
2017-08-04 15:00:00,3,20170804153,2017,8,4,15,4,0,3,31,216,12.09
2017-08-04 16:00:00,3,20170804163,2017,8,4,16,4,0,3,31,216,13.73
2017-08-04 17:00:00,3,20170804173,2017,8,4,17,4,0,3,31,216,10.84
2017-08-04 18:00:00,3,20170804183,2017,8,4,18,4,0,3,31,216,11.74
2017-08-04 19:00:00,3,20170804193,2017,8,4,19,4,0,3,31,216,12.1
2017-08-04 20:00:00,3,20170804203,2017,8,4,20,4,0,3,31,216,11.29
2017-08-04 21:00:00,3,20170804213,2017,8,4,21,4,0,3,31,216,9.35
2017-08-04 22:00:00,3,20170804223,2017,8,4,22,4,0,3,31,216,9.31
2017-08-04 23:00:00,3,20170804233,2017,8,4,23,4,0,3,31,216,9.41
2017-08-05 00:00:00,3,20170805003,2017,8,5,0,5,1,3,31,217,8.77
2017-08-05 01:00:00,3,20170805013,2017,8,5,1,5,1,3,31,217,7.7
2017-08-05 02:00:00,3,20170805023,2017,8,5,2,5,1,3,31,217,9.17
2017-08-05 03:00:00,3,20170805033,2017,8,5,3,5,1,3,31,217,4.64
2017-08-05 04:00:00,3,20170805043,2017,8,5,4,5,1,3,31,217,4.45
2017-08-05 05:00:00,3,20170805053,2017,8,5,5,5,1,3,31,217,5.5
2017-08-05 06:00:00,3,20170805063,2017,8,5,6,5,1,3,31,217,5.01
2017-08-05 07:00:00,3,20170805073,2017,8,5,7,5,1,3,31,217,6.17
2017-08-05 08:00:00,3,20170805083,2017,8,5,8,5,1,3,31,217,5.55
2017-08-05 09:00:00,3,20170805093,2017,8,5,9,5,1,3,31,217,7.49
2017-08-05 10:00:00,3,20170805103,2017,8,5,10,5,1,3,31,217,10.84
2017-08-05 11:00:00,3,20170805113,2017,8,5,11,5,1,3,31,217,11.26
2017-08-05 12:00:00,3,20170805123,2017,8,5,12,5,1,3,31,217,8.84
2017-08-05 13:00:00,3,20170805133,2017,8,5,13,5,1,3,31,217,10.37
2017-08-05 14:00:00,3,20170805143,2017,8,5,14,5,1,3,31,217,9.62
2017-08-05 15:00:00,3,20170805153,2017,8,5,15,5,1,3,31,217,9.88
2017-08-05 16:00:00,3,20170805163,2017,8,5,16,5,1,3,31,217,9.32
2017-08-05 17:00:00,3,20170805173,2017,8,5,17,5,1,3,31,217,8.84
2017-08-05 18:00:00,3,20170805183,2017,8,5,18,5,1,3,31,217,8.86
2017-08-05 19:00:00,3,20170805193,2017,8,5,19,5,1,3,31,217,10.31
2017-08-05 20:00:00,3,20170805203,2017,8,5,20,5,1,3,31,217,10.95
2017-08-05 21:00:00,3,20170805213,2017,8,5,21,5,1,3,31,217,8.71
2017-08-05 22:00:00,3,20170805223,2017,8,5,22,5,1,3,31,217,10.92
2017-08-05 23:00:00,3,20170805233,2017,8,5,23,5,1,3,31,217,10.01
2017-08-06 00:00:00,3,20170806003,2017,8,6,0,6,1,3,31,218,8.07
2017-08-06 01:00:00,3,20170806013,2017,8,6,1,6,1,3,31,218,7.51
2017-08-06 02:00:00,3,20170806023,2017,8,6,2,6,1,3,31,218,7.9
2017-08-06 03:00:00,3,20170806033,2017,8,6,3,6,1,3,31,218,4.98
2017-08-06 04:00:00,3,20170806043,2017,8,6,4,6,1,3,31,218,4.97
2017-08-06 05:00:00,3,20170806053,2017,8,6,5,6,1,3,31,218,5.16
2017-08-06 06:00:00,3,20170806063,2017,8,6,6,6,1,3,31,218,4.82
2017-08-06 07:00:00,3,20170806073,2017,8,6,7,6,1,3,31,218,6.03
2017-08-06 08:00:00,3,20170806083,2017,8,6,8,6,1,3,31,218,5.77
2017-08-06 09:00:00,3,20170806093,2017,8,6,9,6,1,3,31,218,7.85
2017-08-06 10:00:00,3,20170806103,2017,8,6,10,6,1,3,31,218,8.53
2017-08-06 11:00:00,3,20170806113,2017,8,6,11,6,1,3,31,218,10.62
2017-08-06 12:00:00,3,20170806123,2017,8,6,12,6,1,3,31,218,8.96
2017-08-06 13:00:00,3,20170806133,2017,8,6,13,6,1,3,31,218,8.98
2017-08-06 14:00:00,3,20170806143,2017,8,6,14,6,1,3,31,218,9.89
2017-08-06 15:00:00,3,20170806153,2017,8,6,15,6,1,3,31,218,9.89
2017-08-06 16:00:00,3,20170806163,2017,8,6,16,6,1,3,31,218,9.59
2017-08-06 17:00:00,3,20170806173,2017,8,6,17,6,1,3,31,218,8.2
2017-08-06 18:00:00,3,20170806183,2017,8,6,18,6,1,3,31,218,8.58
2017-08-06 19:00:00,3,20170806193,2017,8,6,19,6,1,3,31,218,10.73
2017-08-06 20:00:00,3,20170806203,2017,8,6,20,6,1,3,31,218,10.04
2017-08-06 21:00:00,3,20170806213,2017,8,6,21,6,1,3,31,218,8.32
2017-08-06 22:00:00,3,20170806223,2017,8,6,22,6,1,3,31,218,10.59
2017-08-06 23:00:00,3,20170806233,2017,8,6,23,6,1,3,31,218,8.18
2017-08-07 00:00:00,3,20170807003,2017,8,7,0,0,0,3,32,219,10.35
2017-08-07 01:00:00,3,20170807013,2017,8,7,1,0,0,3,32,219,7.65
2017-08-07 02:00:00,3,20170807023,2017,8,7,2,0,0,3,32,219,6.63
2017-08-07 03:00:00,3,20170807033,2017,8,7,3,0,0,3,32,219,4.35
2017-08-07 04:00:00,3,20170807043,2017,8,7,4,0,0,3,32,219,3.68
2017-08-07 05:00:00,3,20170807053,2017,8,7,5,0,0,3,32,219,4.07
2017-08-07 06:00:00,3,20170807063,2017,8,7,6,0,0,3,32,219,4.72
2017-08-07 07:00:00,3,20170807073,2017,8,7,7,0,0,3,32,219,5.88
2017-08-07 08:00:00,3,20170807083,2017,8,7,8,0,0,3,32,219,6.42
2017-08-07 09:00:00,3,20170807093,2017,8,7,9,0,0,3,32,219,7.47
2017-08-07 10:00:00,3,20170807103,2017,8,7,10,0,0,3,32,219,12.82
2017-08-07 11:00:00,3,20170807113,2017,8,7,11,0,0,3,32,219,16.91
2017-08-07 12:00:00,3,20170807123,2017,8,7,12,0,0,3,32,219,17.12
2017-08-07 13:00:00,3,20170807133,2017,8,7,13,0,0,3,32,219,15.38
2017-08-07 14:00:00,3,20170807143,2017,8,7,14,0,0,3,32,219,14.93
2017-08-07 15:00:00,3,20170807153,2017,8,7,15,0,0,3,32,219,16.71
2017-08-07 16:00:00,3,20170807163,2017,8,7,16,0,0,3,32,219,16.37
2017-08-07 17:00:00,3,20170807173,2017,8,7,17,0,0,3,32,219,15.71
2017-08-07 18:00:00,3,20170807183,2017,8,7,18,0,0,3,32,219,14.72
2017-08-07 19:00:00,3,20170807193,2017,8,7,19,0,0,3,32,219,12.67
2017-08-07 20:00:00,3,20170807203,2017,8,7,20,0,0,3,32,219,14.12
2017-08-07 21:00:00,3,20170807213,2017,8,7,21,0,0,3,32,219,13.61
2017-08-07 22:00:00,3,20170807223,2017,8,7,22,0,0,3,32,219,13.46
2017-08-07 23:00:00,3,20170807233,2017,8,7,23,0,0,3,32,219,15.51
2017-08-08 00:00:00,3,20170808003,2017,8,8,0,1,0,3,32,220,10.26
2017-08-08 01:00:00,3,20170808013,2017,8,8,1,1,0,3,32,220,7.46
2017-08-08 02:00:00,3,20170808023,2017,8,8,2,1,0,3,32,220,6.58
2017-08-08 03:00:00,3,20170808033,2017,8,8,3,1,0,3,32,220,4.43
2017-08-08 04:00:00,3,20170808043,2017,8,8,4,1,0,3,32,220,3.87
2017-08-08 05:00:00,3,20170808053,2017,8,8,5,1,0,3,32,220,3.81
2017-08-08 06:00:00,3,20170808063,2017,8,8,6,1,0,3,32,220,4.7
2017-08-08 07:00:00,3,20170808073,2017,8,8,7,1,0,3,32,220,6.32
2017-08-08 08:00:00,3,20170808083,2017,8,8,8,1,0,3,32,220,7.11
2017-08-08 09:00:00,3,20170808093,2017,8,8,9,1,0,3,32,220,8.38
2017-08-08 10:00:00,3,20170808103,2017,8,8,10,1,0,3,32,220,11.92
2017-08-08 11:00:00,3,20170808113,2017,8,8,11,1,0,3,32,220,16.32
2017-08-08 12:00:00,3,20170808123,2017,8,8,12,1,0,3,32,220,17.55
2017-08-08 13:00:00,3,20170808133,2017,8,8,13,1,0,3,32,220,15.99
2017-08-08 14:00:00,3,20170808143,2017,8,8,14,1,0,3,32,220,15.74
2017-08-08 15:00:00,3,20170808153,2017,8,8,15,1,0,3,32,220,16.65
2017-08-08 16:00:00,3,20170808163,2017,8,8,16,1,0,3,32,220,16.02
2017-08-08 17:00:00,3,20170808173,2017,8,8,17,1,0,3,32,220,15.74
2017-08-08 18:00:00,3,20170808183,2017,8,8,18,1,0,3,32,220,14.67
2017-08-08 19:00:00,3,20170808193,2017,8,8,19,1,0,3,32,220,14.01
2017-08-08 20:00:00,3,20170808203,2017,8,8,20,1,0,3,32,220,16.82
2017-08-08 21:00:00,3,20170808213,2017,8,8,21,1,0,3,32,220,14.9
2017-08-08 22:00:00,3,20170808223,2017,8,8,22,1,0,3,32,220,15.14
2017-08-08 23:00:00,3,20170808233,2017,8,8,23,1,0,3,32,220,17.12
2017-08-09 00:00:00,3,20170809003,2017,8,9,0,2,0,3,32,221,11.73
2017-08-09 01:00:00,3,20170809013,2017,8,9,1,2,0,3,32,221,8.14
2017-08-09 02:00:00,3,20170809023,2017,8,9,2,2,0,3,32,221,7.74
2017-08-09 03:00:00,3,20170809033,2017,8,9,3,2,0,3,32,221,4.88
2017-08-09 04:00:00,3,20170809043,2017,8,9,4,2,0,3,32,221,4.22
2017-08-09 05:00:00,3,20170809053,2017,8,9,5,2,0,3,32,221,4.18
2017-08-09 06:00:00,3,20170809063,2017,8,9,6,2,0,3,32,221,5.0
2017-08-09 07:00:00,3,20170809073,2017,8,9,7,2,0,3,32,221,6.67
2017-08-09 08:00:00,3,20170809083,2017,8,9,8,2,0,3,32,221,7.56
2017-08-09 09:00:00,3,20170809093,2017,8,9,9,2,0,3,32,221,9.94
2017-08-09 10:00:00,3,20170809103,2017,8,9,10,2,0,3,32,221,12.16
2017-08-09 11:00:00,3,20170809113,2017,8,9,11,2,0,3,32,221,15.26
2017-08-09 12:00:00,3,20170809123,2017,8,9,12,2,0,3,32,221,16.86
2017-08-09 13:00:00,3,20170809133,2017,8,9,13,2,0,3,32,221,14.65
2017-08-09 14:00:00,3,20170809143,2017,8,9,14,2,0,3,32,221,15.68
2017-08-09 15:00:00,3,20170809153,2017,8,9,15,2,0,3,32,221,15.5
2017-08-09 16:00:00,3,20170809163,2017,8,9,16,2,0,3,32,221,15.0
2017-08-09 17:00:00,3,20170809173,2017,8,9,17,2,0,3,32,221,14.72
2017-08-09 18:00:00,3,20170809183,2017,8,9,18,2,0,3,32,221,14.73
2017-08-09 19:00:00,3,20170809193,2017,8,9,19,2,0,3,32,221,15.74
2017-08-09 20:00:00,3,20170809203,2017,8,9,20,2,0,3,32,221,17.49
2017-08-09 21:00:00,3,20170809213,2017,8,9,21,2,0,3,32,221,15.28
2017-08-09 22:00:00,3,20170809223,2017,8,9,22,2,0,3,32,221,15.17
2017-08-09 23:00:00,3,20170809233,2017,8,9,23,2,0,3,32,221,16.65
2017-08-10 00:00:00,3,20170810003,2017,8,10,0,3,0,3,32,222,13.22
2017-08-10 01:00:00,3,20170810013,2017,8,10,1,3,0,3,32,222,9.02
2017-08-10 02:00:00,3,20170810023,2017,8,10,2,3,0,3,32,222,9.12
2017-08-10 03:00:00,3,20170810033,2017,8,10,3,3,0,3,32,222,6.6
2017-08-10 04:00:00,3,20170810043,2017,8,10,4,3,0,3,32,222,6.62
2017-08-10 05:00:00,3,20170810053,2017,8,10,5,3,0,3,32,222,6.35
2017-08-10 06:00:00,3,20170810063,2017,8,10,6,3,0,3,32,222,7.47
2017-08-10 07:00:00,3,20170810073,2017,8,10,7,3,0,3,32,222,8.48
2017-08-10 08:00:00,3,20170810083,2017,8,10,8,3,0,3,32,222,9.08
2017-08-10 09:00:00,3,20170810093,2017,8,10,9,3,0,3,32,222,12.86
2017-08-10 10:00:00,3,20170810103,2017,8,10,10,3,0,3,32,222,14.91
2017-08-10 11:00:00,3,20170810113,2017,8,10,11,3,0,3,32,222,16.45
2017-08-10 12:00:00,3,20170810123,2017,8,10,12,3,0,3,32,222,19.22
2017-08-10 13:00:00,3,20170810133,2017,8,10,13,3,0,3,32,222,15.8
2017-08-10 14:00:00,3,20170810143,2017,8,10,14,3,0,3,32,222,17.42
2017-08-10 15:00:00,3,20170810153,2017,8,10,15,3,0,3,32,222,16.68
2017-08-10 16:00:00,3,20170810163,2017,8,10,16,3,0,3,32,222,15.84
2017-08-10 17:00:00,3,20170810173,2017,8,10,17,3,0,3,32,222,16.5
2017-08-10 18:00:00,3,20170810183,2017,8,10,18,3,0,3,32,222,17.54
2017-08-10 19:00:00,3,20170810193,2017,8,10,19,3,0,3,32,222,22.64
2017-08-10 20:00:00,3,20170810203,2017,8,10,20,3,0,3,32,222,22.44
2017-08-10 21:00:00,3,20170810213,2017,8,10,21,3,0,3,32,222,18.92
2017-08-10 22:00:00,3,20170810223,2017,8,10,22,3,0,3,32,222,17.73
2017-08-10 23:00:00,3,20170810233,2017,8,10,23,3,0,3,32,222,18.88
2017-08-11 00:00:00,3,20170811003,2017,8,11,0,4,0,3,32,223,13.71
2017-08-11 01:00:00,3,20170811013,2017,8,11,1,4,0,3,32,223,11.97
2017-08-11 02:00:00,3,20170811023,2017,8,11,2,4,0,3,32,223,8.56
2017-08-11 03:00:00,3,20170811033,2017,8,11,3,4,0,3,32,223,7.73
2017-08-11 04:00:00,3,20170811043,2017,8,11,4,4,0,3,32,223,7.14
2017-08-11 05:00:00,3,20170811053,2017,8,11,5,4,0,3,32,223,6.75
2017-08-11 06:00:00,3,20170811063,2017,8,11,6,4,0,3,32,223,7.87
2017-08-11 07:00:00,3,20170811073,2017,8,11,7,4,0,3,32,223,9.66
2017-08-11 08:00:00,3,20170811083,2017,8,11,8,4,0,3,32,223,10.05
2017-08-11 09:00:00,3,20170811093,2017,8,11,9,4,0,3,32,223,13.97
2017-08-11 10:00:00,3,20170811103,2017,8,11,10,4,0,3,32,223,20.79
2017-08-11 11:00:00,3,20170811113,2017,8,11,11,4,0,3,32,223,22.43
2017-08-11 12:00:00,3,20170811123,2017,8,11,12,4,0,3,32,223,23.03
2017-08-11 13:00:00,3,20170811133,2017,8,11,13,4,0,3,32,223,18.81
2017-08-11 14:00:00,3,20170811143,2017,8,11,14,4,0,3,32,223,21.47
2017-08-11 15:00:00,3,20170811153,2017,8,11,15,4,0,3,32,223,21.12
2017-08-11 16:00:00,3,20170811163,2017,8,11,16,4,0,3,32,223,19.57
2017-08-11 17:00:00,3,20170811173,2017,8,11,17,4,0,3,32,223,20.32
2017-08-11 18:00:00,3,20170811183,2017,8,11,18,4,0,3,32,223,19.79
2017-08-11 19:00:00,3,20170811193,2017,8,11,19,4,0,3,32,223,24.81
2017-08-11 20:00:00,3,20170811203,2017,8,11,20,4,0,3,32,223,20.99
2017-08-11 21:00:00,3,20170811213,2017,8,11,21,4,0,3,32,223,19.18
2017-08-11 22:00:00,3,20170811223,2017,8,11,22,4,0,3,32,223,18.15
2017-08-11 23:00:00,3,20170811233,2017,8,11,23,4,0,3,32,223,19.97
2017-08-12 00:00:00,3,20170812003,2017,8,12,0,5,1,3,32,224,13.38
2017-08-12 01:00:00,3,20170812013,2017,8,12,1,5,1,3,32,224,12.7
2017-08-12 02:00:00,3,20170812023,2017,8,12,2,5,1,3,32,224,7.96
2017-08-12 03:00:00,3,20170812033,2017,8,12,3,5,1,3,32,224,8.01
2017-08-12 04:00:00,3,20170812043,2017,8,12,4,5,1,3,32,224,7.53
2017-08-12 05:00:00,3,20170812053,2017,8,12,5,5,1,3,32,224,6.68
2017-08-12 06:00:00,3,20170812063,2017,8,12,6,5,1,3,32,224,8.63
2017-08-12 07:00:00,3,20170812073,2017,8,12,7,5,1,3,32,224,9.36
2017-08-12 08:00:00,3,20170812083,2017,8,12,8,5,1,3,32,224,8.78
2017-08-12 09:00:00,3,20170812093,2017,8,12,9,5,1,3,32,224,11.7
2017-08-12 10:00:00,3,20170812103,2017,8,12,10,5,1,3,32,224,14.12
2017-08-12 11:00:00,3,20170812113,2017,8,12,11,5,1,3,32,224,15.38
2017-08-12 12:00:00,3,20170812123,2017,8,12,12,5,1,3,32,224,12.32
2017-08-12 13:00:00,3,20170812133,2017,8,12,13,5,1,3,32,224,13.14
2017-08-12 14:00:00,3,20170812143,2017,8,12,14,5,1,3,32,224,14.37
2017-08-12 15:00:00,3,20170812153,2017,8,12,15,5,1,3,32,224,13.45
2017-08-12 16:00:00,3,20170812163,2017,8,12,16,5,1,3,32,224,11.78
2017-08-12 17:00:00,3,20170812173,2017,8,12,17,5,1,3,32,224,11.62
2017-08-12 18:00:00,3,20170812183,2017,8,12,18,5,1,3,32,224,13.61
2017-08-12 19:00:00,3,20170812193,2017,8,12,19,5,1,3,32,224,11.88
2017-08-12 20:00:00,3,20170812203,2017,8,12,20,5,1,3,32,224,11.38
2017-08-12 21:00:00,3,20170812213,2017,8,12,21,5,1,3,32,224,12.36
2017-08-12 22:00:00,3,20170812223,2017,8,12,22,5,1,3,32,224,11.82
2017-08-12 23:00:00,3,20170812233,2017,8,12,23,5,1,3,32,224,12.26
2017-08-13 00:00:00,3,20170813003,2017,8,13,0,6,1,3,32,225,10.84
2017-08-13 01:00:00,3,20170813013,2017,8,13,1,6,1,3,32,225,11.76
2017-08-13 02:00:00,3,20170813023,2017,8,13,2,6,1,3,32,225,7.4
2017-08-13 03:00:00,3,20170813033,2017,8,13,3,6,1,3,32,225,6.31
2017-08-13 04:00:00,3,20170813043,2017,8,13,4,6,1,3,32,225,5.65
2017-08-13 05:00:00,3,20170813053,2017,8,13,5,6,1,3,32,225,4.79
2017-08-13 06:00:00,3,20170813063,2017,8,13,6,6,1,3,32,225,6.76
2017-08-13 07:00:00,3,20170813073,2017,8,13,7,6,1,3,32,225,6.69
2017-08-13 08:00:00,3,20170813083,2017,8,13,8,6,1,3,32,225,8.16
2017-08-13 09:00:00,3,20170813093,2017,8,13,9,6,1,3,32,225,10.14
2017-08-13 10:00:00,3,20170813103,2017,8,13,10,6,1,3,32,225,10.34
2017-08-13 11:00:00,3,20170813113,2017,8,13,11,6,1,3,32,225,12.0
2017-08-13 12:00:00,3,20170813123,2017,8,13,12,6,1,3,32,225,10.43
2017-08-13 13:00:00,3,20170813133,2017,8,13,13,6,1,3,32,225,10.16
2017-08-13 14:00:00,3,20170813143,2017,8,13,14,6,1,3,32,225,10.88
2017-08-13 15:00:00,3,20170813153,2017,8,13,15,6,1,3,32,225,9.99
2017-08-13 16:00:00,3,20170813163,2017,8,13,16,6,1,3,32,225,10.22
2017-08-13 17:00:00,3,20170813173,2017,8,13,17,6,1,3,32,225,8.26
2017-08-13 18:00:00,3,20170813183,2017,8,13,18,6,1,3,32,225,10.88
2017-08-13 19:00:00,3,20170813193,2017,8,13,19,6,1,3,32,225,11.92
2017-08-13 20:00:00,3,20170813203,2017,8,13,20,6,1,3,32,225,9.64
2017-08-13 21:00:00,3,20170813213,2017,8,13,21,6,1,3,32,225,9.13
2017-08-13 22:00:00,3,20170813223,2017,8,13,22,6,1,3,32,225,10.17
2017-08-13 23:00:00,3,20170813233,2017,8,13,23,6,1,3,32,225,11.6
2017-08-14 00:00:00,3,20170814003,2017,8,14,0,0,0,3,33,226,10.73
2017-08-14 01:00:00,3,20170814013,2017,8,14,1,0,0,3,33,226,10.11
2017-08-14 02:00:00,3,20170814023,2017,8,14,2,0,0,3,33,226,7.27
2017-08-14 03:00:00,3,20170814033,2017,8,14,3,0,0,3,33,226,5.51
2017-08-14 04:00:00,3,20170814043,2017,8,14,4,0,0,3,33,226,4.19
2017-08-14 05:00:00,3,20170814053,2017,8,14,5,0,0,3,33,226,5.69
2017-08-14 06:00:00,3,20170814063,2017,8,14,6,0,0,3,33,226,6.29
2017-08-14 07:00:00,3,20170814073,2017,8,14,7,0,0,3,33,226,7.76
2017-08-14 08:00:00,3,20170814083,2017,8,14,8,0,0,3,33,226,7.64
2017-08-14 09:00:00,3,20170814093,2017,8,14,9,0,0,3,33,226,9.6
2017-08-14 10:00:00,3,20170814103,2017,8,14,10,0,0,3,33,226,13.76
2017-08-14 11:00:00,3,20170814113,2017,8,14,11,0,0,3,33,226,13.44
2017-08-14 12:00:00,3,20170814123,2017,8,14,12,0,0,3,33,226,13.97
2017-08-14 13:00:00,3,20170814133,2017,8,14,13,0,0,3,33,226,13.95
2017-08-14 14:00:00,3,20170814143,2017,8,14,14,0,0,3,33,226,13.27
2017-08-14 15:00:00,3,20170814153,2017,8,14,15,0,0,3,33,226,11.48
2017-08-14 16:00:00,3,20170814163,2017,8,14,16,0,0,3,33,226,11.17
2017-08-14 17:00:00,3,20170814173,2017,8,14,17,0,0,3,33,226,11.71
2017-08-14 18:00:00,3,20170814183,2017,8,14,18,0,0,3,33,226,13.18
2017-08-14 19:00:00,3,20170814193,2017,8,14,19,0,0,3,33,226,14.72
2017-08-14 20:00:00,3,20170814203,2017,8,14,20,0,0,3,33,226,15.45
2017-08-14 21:00:00,3,20170814213,2017,8,14,21,0,0,3,33,226,13.73
2017-08-14 22:00:00,3,20170814223,2017,8,14,22,0,0,3,33,226,12.39
2017-08-14 23:00:00,3,20170814233,2017,8,14,23,0,0,3,33,226,12.78
2017-08-15 00:00:00,3,20170815003,2017,8,15,0,1,0,3,33,227,10.7
2017-08-15 01:00:00,3,20170815013,2017,8,15,1,1,0,3,33,227,8.99
2017-08-15 02:00:00,3,20170815023,2017,8,15,2,1,0,3,33,227,7.33
2017-08-15 03:00:00,3,20170815033,2017,8,15,3,1,0,3,33,227,5.7
2017-08-15 04:00:00,3,20170815043,2017,8,15,4,1,0,3,33,227,4.16
2017-08-15 05:00:00,3,20170815053,2017,8,15,5,1,0,3,33,227,5.71
2017-08-15 06:00:00,3,20170815063,2017,8,15,6,1,0,3,33,227,5.84
2017-08-15 07:00:00,3,20170815073,2017,8,15,7,1,0,3,33,227,7.36
2017-08-15 08:00:00,3,20170815083,2017,8,15,8,1,0,3,33,227,8.5
2017-08-15 09:00:00,3,20170815093,2017,8,15,9,1,0,3,33,227,8.71
2017-08-15 10:00:00,3,20170815103,2017,8,15,10,1,0,3,33,227,14.2
2017-08-15 11:00:00,3,20170815113,2017,8,15,11,1,0,3,33,227,15.52
2017-08-15 12:00:00,3,20170815123,2017,8,15,12,1,0,3,33,227,15.2
2017-08-15 13:00:00,3,20170815133,2017,8,15,13,1,0,3,33,227,15.49
2017-08-15 14:00:00,3,20170815143,2017,8,15,14,1,0,3,33,227,13.98
2017-08-15 15:00:00,3,20170815153,2017,8,15,15,1,0,3,33,227,12.17
2017-08-15 16:00:00,3,20170815163,2017,8,15,16,1,0,3,33,227,12.37
2017-08-15 17:00:00,3,20170815173,2017,8,15,17,1,0,3,33,227,12.65
2017-08-15 18:00:00,3,20170815183,2017,8,15,18,1,0,3,33,227,13.29
2017-08-15 19:00:00,3,20170815193,2017,8,15,19,1,0,3,33,227,13.59
2017-08-15 20:00:00,3,20170815203,2017,8,15,20,1,0,3,33,227,14.27
2017-08-15 21:00:00,3,20170815213,2017,8,15,21,1,0,3,33,227,12.71
2017-08-15 22:00:00,3,20170815223,2017,8,15,22,1,0,3,33,227,11.21
2017-08-15 23:00:00,3,20170815233,2017,8,15,23,1,0,3,33,227,11.65
2017-08-16 00:00:00,3,20170816003,2017,8,16,0,2,0,3,33,228,11.24
2017-08-16 01:00:00,3,20170816013,2017,8,16,1,2,0,3,33,228,8.43
2017-08-16 02:00:00,3,20170816023,2017,8,16,2,2,0,3,33,228,7.75
2017-08-16 03:00:00,3,20170816033,2017,8,16,3,2,0,3,33,228,6.57
2017-08-16 04:00:00,3,20170816043,2017,8,16,4,2,0,3,33,228,4.54
2017-08-16 05:00:00,3,20170816053,2017,8,16,5,2,0,3,33,228,5.56
2017-08-16 06:00:00,3,20170816063,2017,8,16,6,2,0,3,33,228,5.75
2017-08-16 07:00:00,3,20170816073,2017,8,16,7,2,0,3,33,228,7.07
2017-08-16 08:00:00,3,20170816083,2017,8,16,8,2,0,3,33,228,8.36
2017-08-16 09:00:00,3,20170816093,2017,8,16,9,2,0,3,33,228,9.07
2017-08-16 10:00:00,3,20170816103,2017,8,16,10,2,0,3,33,228,14.21
2017-08-16 11:00:00,3,20170816113,2017,8,16,11,2,0,3,33,228,16.1
2017-08-16 12:00:00,3,20170816123,2017,8,16,12,2,0,3,33,228,15.58
2017-08-16 13:00:00,3,20170816133,2017,8,16,13,2,0,3,33,228,15.57
2017-08-16 14:00:00,3,20170816143,2017,8,16,14,2,0,3,33,228,14.96
2017-08-16 15:00:00,3,20170816153,2017,8,16,15,2,0,3,33,228,14.35
2017-08-16 16:00:00,3,20170816163,2017,8,16,16,2,0,3,33,228,13.57
2017-08-16 17:00:00,3,20170816173,2017,8,16,17,2,0,3,33,228,14.25
2017-08-16 18:00:00,3,20170816183,2017,8,16,18,2,0,3,33,228,14.27
2017-08-16 19:00:00,3,20170816193,2017,8,16,19,2,0,3,33,228,13.34
2017-08-16 20:00:00,3,20170816203,2017,8,16,20,2,0,3,33,228,14.22
2017-08-16 21:00:00,3,20170816213,2017,8,16,21,2,0,3,33,228,12.47
2017-08-16 22:00:00,3,20170816223,2017,8,16,22,2,0,3,33,228,11.78
2017-08-16 23:00:00,3,20170816233,2017,8,16,23,2,0,3,33,228,11.32
2017-08-17 00:00:00,3,20170817003,2017,8,17,0,3,0,3,33,229,11.23
2017-08-17 01:00:00,3,20170817013,2017,8,17,1,3,0,3,33,229,7.42
2017-08-17 02:00:00,3,20170817023,2017,8,17,2,3,0,3,33,229,7.63
2017-08-17 03:00:00,3,20170817033,2017,8,17,3,3,0,3,33,229,6.88
2017-08-17 04:00:00,3,20170817043,2017,8,17,4,3,0,3,33,229,4.87
2017-08-17 05:00:00,3,20170817053,2017,8,17,5,3,0,3,33,229,5.43
2017-08-17 06:00:00,3,20170817063,2017,8,17,6,3,0,3,33,229,5.53
2017-08-17 07:00:00,3,20170817073,2017,8,17,7,3,0,3,33,229,6.83
2017-08-17 08:00:00,3,20170817083,2017,8,17,8,3,0,3,33,229,8.3
2017-08-17 09:00:00,3,20170817093,2017,8,17,9,3,0,3,33,229,8.67
2017-08-17 10:00:00,3,20170817103,2017,8,17,10,3,0,3,33,229,13.64
2017-08-17 11:00:00,3,20170817113,2017,8,17,11,3,0,3,33,229,16.84
2017-08-17 12:00:00,3,20170817123,2017,8,17,12,3,0,3,33,229,16.35
2017-08-17 13:00:00,3,20170817133,2017,8,17,13,3,0,3,33,229,15.11
2017-08-17 14:00:00,3,20170817143,2017,8,17,14,3,0,3,33,229,15.47
2017-08-17 15:00:00,3,20170817153,2017,8,17,15,3,0,3,33,229,16.11
2017-08-17 16:00:00,3,20170817163,2017,8,17,16,3,0,3,33,229,14.69
2017-08-17 17:00:00,3,20170817173,2017,8,17,17,3,0,3,33,229,15.99
2017-08-17 18:00:00,3,20170817183,2017,8,17,18,3,0,3,33,229,14.49
2017-08-17 19:00:00,3,20170817193,2017,8,17,19,3,0,3,33,229,12.43
2017-08-17 20:00:00,3,20170817203,2017,8,17,20,3,0,3,33,229,13.32
2017-08-17 21:00:00,3,20170817213,2017,8,17,21,3,0,3,33,229,11.87
2017-08-17 22:00:00,3,20170817223,2017,8,17,22,3,0,3,33,229,11.99
2017-08-17 23:00:00,3,20170817233,2017,8,17,23,3,0,3,33,229,10.96
2017-08-18 00:00:00,3,20170818003,2017,8,18,0,4,0,3,33,230,9.78
2017-08-18 01:00:00,3,20170818013,2017,8,18,1,4,0,3,33,230,8.05
2017-08-18 02:00:00,3,20170818023,2017,8,18,2,4,0,3,33,230,6.53
2017-08-18 03:00:00,3,20170818033,2017,8,18,3,4,0,3,33,230,6.65
2017-08-18 04:00:00,3,20170818043,2017,8,18,4,4,0,3,33,230,5.27
2017-08-18 05:00:00,3,20170818053,2017,8,18,5,4,0,3,33,230,5.84
2017-08-18 06:00:00,3,20170818063,2017,8,18,6,4,0,3,33,230,5.49
2017-08-18 07:00:00,3,20170818073,2017,8,18,7,4,0,3,33,230,6.68
2017-08-18 08:00:00,3,20170818083,2017,8,18,8,4,0,3,33,230,8.27
2017-08-18 09:00:00,3,20170818093,2017,8,18,9,4,0,3,33,230,8.01
2017-08-18 10:00:00,3,20170818103,2017,8,18,10,4,0,3,33,230,13.15
2017-08-18 11:00:00,3,20170818113,2017,8,18,11,4,0,3,33,230,14.2
2017-08-18 12:00:00,3,20170818123,2017,8,18,12,4,0,3,33,230,14.72
2017-08-18 13:00:00,3,20170818133,2017,8,18,13,4,0,3,33,230,13.82
2017-08-18 14:00:00,3,20170818143,2017,8,18,14,4,0,3,33,230,13.99
2017-08-18 15:00:00,3,20170818153,2017,8,18,15,4,0,3,33,230,14.52
2017-08-18 16:00:00,3,20170818163,2017,8,18,16,4,0,3,33,230,14.45
2017-08-18 17:00:00,3,20170818173,2017,8,18,17,4,0,3,33,230,14.82
2017-08-18 18:00:00,3,20170818183,2017,8,18,18,4,0,3,33,230,12.32
2017-08-18 19:00:00,3,20170818193,2017,8,18,19,4,0,3,33,230,10.53
2017-08-18 20:00:00,3,20170818203,2017,8,18,20,4,0,3,33,230,11.48
2017-08-18 21:00:00,3,20170818213,2017,8,18,21,4,0,3,33,230,10.9
2017-08-18 22:00:00,3,20170818223,2017,8,18,22,4,0,3,33,230,10.92
2017-08-18 23:00:00,3,20170818233,2017,8,18,23,4,0,3,33,230,10.54
2017-08-19 00:00:00,3,20170819003,2017,8,19,0,5,1,3,33,231,10.73
2017-08-19 01:00:00,3,20170819013,2017,8,19,1,5,1,3,33,231,7.6
2017-08-19 02:00:00,3,20170819023,2017,8,19,2,5,1,3,33,231,6.43
2017-08-19 03:00:00,3,20170819033,2017,8,19,3,5,1,3,33,231,6.16
2017-08-19 04:00:00,3,20170819043,2017,8,19,4,5,1,3,33,231,5.25
2017-08-19 05:00:00,3,20170819053,2017,8,19,5,5,1,3,33,231,5.77
2017-08-19 06:00:00,3,20170819063,2017,8,19,6,5,1,3,33,231,5.4
2017-08-19 07:00:00,3,20170819073,2017,8,19,7,5,1,3,33,231,5.5
2017-08-19 08:00:00,3,20170819083,2017,8,19,8,5,1,3,33,231,7.63
2017-08-19 09:00:00,3,20170819093,2017,8,19,9,5,1,3,33,231,7.57
2017-08-19 10:00:00,3,20170819103,2017,8,19,10,5,1,3,33,231,9.62
2017-08-19 11:00:00,3,20170819113,2017,8,19,11,5,1,3,33,231,12.58
2017-08-19 12:00:00,3,20170819123,2017,8,19,12,5,1,3,33,231,14.57
2017-08-19 13:00:00,3,20170819133,2017,8,19,13,5,1,3,33,231,24.13
2017-08-19 14:00:00,3,20170819143,2017,8,19,14,5,1,3,33,231,21.16
2017-08-19 15:00:00,3,20170819153,2017,8,19,15,5,1,3,33,231,17.92
2017-08-19 16:00:00,3,20170819163,2017,8,19,16,5,1,3,33,231,14.09
2017-08-19 17:00:00,3,20170819173,2017,8,19,17,5,1,3,33,231,12.41
2017-08-19 18:00:00,3,20170819183,2017,8,19,18,5,1,3,33,231,13.06
2017-08-19 19:00:00,3,20170819193,2017,8,19,19,5,1,3,33,231,10.42
2017-08-19 20:00:00,3,20170819203,2017,8,19,20,5,1,3,33,231,11.31
2017-08-19 21:00:00,3,20170819213,2017,8,19,21,5,1,3,33,231,11.22
2017-08-19 22:00:00,3,20170819223,2017,8,19,22,5,1,3,33,231,11.85
2017-08-19 23:00:00,3,20170819233,2017,8,19,23,5,1,3,33,231,11.0
2017-08-20 00:00:00,3,20170820003,2017,8,20,0,6,1,3,33,232,11.8
2017-08-20 01:00:00,3,20170820013,2017,8,20,1,6,1,3,33,232,8.21
2017-08-20 02:00:00,3,20170820023,2017,8,20,2,6,1,3,33,232,5.77
2017-08-20 03:00:00,3,20170820033,2017,8,20,3,6,1,3,33,232,5.57
2017-08-20 04:00:00,3,20170820043,2017,8,20,4,6,1,3,33,232,5.15
2017-08-20 05:00:00,3,20170820053,2017,8,20,5,6,1,3,33,232,5.93
2017-08-20 06:00:00,3,20170820063,2017,8,20,6,6,1,3,33,232,5.45
2017-08-20 07:00:00,3,20170820073,2017,8,20,7,6,1,3,33,232,4.02
2017-08-20 08:00:00,3,20170820083,2017,8,20,8,6,1,3,33,232,7.7
2017-08-20 09:00:00,3,20170820093,2017,8,20,9,6,1,3,33,232,7.77
2017-08-20 10:00:00,3,20170820103,2017,8,20,10,6,1,3,33,232,8.71
2017-08-20 11:00:00,3,20170820113,2017,8,20,11,6,1,3,33,232,10.03
2017-08-20 12:00:00,3,20170820123,2017,8,20,12,6,1,3,33,232,12.05
2017-08-20 13:00:00,3,20170820133,2017,8,20,13,6,1,3,33,232,17.77
2017-08-20 14:00:00,3,20170820143,2017,8,20,14,6,1,3,33,232,14.32
2017-08-20 15:00:00,3,20170820153,2017,8,20,15,6,1,3,33,232,11.44
2017-08-20 16:00:00,3,20170820163,2017,8,20,16,6,1,3,33,232,10.71
2017-08-20 17:00:00,3,20170820173,2017,8,20,17,6,1,3,33,232,9.72
2017-08-20 18:00:00,3,20170820183,2017,8,20,18,6,1,3,33,232,11.52
2017-08-20 19:00:00,3,20170820193,2017,8,20,19,6,1,3,33,232,11.67
2017-08-20 20:00:00,3,20170820203,2017,8,20,20,6,1,3,33,232,12.37
2017-08-20 21:00:00,3,20170820213,2017,8,20,21,6,1,3,33,232,11.21
2017-08-20 22:00:00,3,20170820223,2017,8,20,22,6,1,3,33,232,12.69
2017-08-20 23:00:00,3,20170820233,2017,8,20,23,6,1,3,33,232,12.59
2017-08-21 00:00:00,3,20170821003,2017,8,21,0,0,0,3,34,233,10.7
2017-08-21 01:00:00,3,20170821013,2017,8,21,1,0,0,3,34,233,7.15
2017-08-21 02:00:00,3,20170821023,2017,8,21,2,0,0,3,34,233,6.5
2017-08-21 03:00:00,3,20170821033,2017,8,21,3,0,0,3,34,233,6.29
2017-08-21 04:00:00,3,20170821043,2017,8,21,4,0,0,3,34,233,5.08
2017-08-21 05:00:00,3,20170821053,2017,8,21,5,0,0,3,34,233,5.45
2017-08-21 06:00:00,3,20170821063,2017,8,21,6,0,0,3,34,233,5.14
2017-08-21 07:00:00,3,20170821073,2017,8,21,7,0,0,3,34,233,6.37
2017-08-21 08:00:00,3,20170821083,2017,8,21,8,0,0,3,34,233,6.78
2017-08-21 09:00:00,3,20170821093,2017,8,21,9,0,0,3,34,233,8.83
2017-08-21 10:00:00,3,20170821103,2017,8,21,10,0,0,3,34,233,13.78
2017-08-21 11:00:00,3,20170821113,2017,8,21,11,0,0,3,34,233,16.66
2017-08-21 12:00:00,3,20170821123,2017,8,21,12,0,0,3,34,233,17.38
2017-08-21 13:00:00,3,20170821133,2017,8,21,13,0,0,3,34,233,15.81
2017-08-21 14:00:00,3,20170821143,2017,8,21,14,0,0,3,34,233,15.07
2017-08-21 15:00:00,3,20170821153,2017,8,21,15,0,0,3,34,233,14.62
2017-08-21 16:00:00,3,20170821163,2017,8,21,16,0,0,3,34,233,14.58
2017-08-21 17:00:00,3,20170821173,2017,8,21,17,0,0,3,34,233,15.89
2017-08-21 18:00:00,3,20170821183,2017,8,21,18,0,0,3,34,233,17.48
2017-08-21 19:00:00,3,20170821193,2017,8,21,19,0,0,3,34,233,16.5
2017-08-21 20:00:00,3,20170821203,2017,8,21,20,0,0,3,34,233,15.44
2017-08-21 21:00:00,3,20170821213,2017,8,21,21,0,0,3,34,233,13.75
2017-08-21 22:00:00,3,20170821223,2017,8,21,22,0,0,3,34,233,14.43
2017-08-21 23:00:00,3,20170821233,2017,8,21,23,0,0,3,34,233,14.06
2017-08-22 00:00:00,3,20170822003,2017,8,22,0,1,0,3,34,234,11.52
2017-08-22 01:00:00,3,20170822013,2017,8,22,1,1,0,3,34,234,7.73
2017-08-22 02:00:00,3,20170822023,2017,8,22,2,1,0,3,34,234,7.54
2017-08-22 03:00:00,3,20170822033,2017,8,22,3,1,0,3,34,234,6.03
2017-08-22 04:00:00,3,20170822043,2017,8,22,4,1,0,3,34,234,5.12
2017-08-22 05:00:00,3,20170822053,2017,8,22,5,1,0,3,34,234,5.91
2017-08-22 06:00:00,3,20170822063,2017,8,22,6,1,0,3,34,234,5.47
2017-08-22 07:00:00,3,20170822073,2017,8,22,7,1,0,3,34,234,6.84
2017-08-22 08:00:00,3,20170822083,2017,8,22,8,1,0,3,34,234,7.58
2017-08-22 09:00:00,3,20170822093,2017,8,22,9,1,0,3,34,234,8.96
2017-08-22 10:00:00,3,20170822103,2017,8,22,10,1,0,3,34,234,13.53
2017-08-22 11:00:00,3,20170822113,2017,8,22,11,1,0,3,34,234,17.47
2017-08-22 12:00:00,3,20170822123,2017,8,22,12,1,0,3,34,234,18.32
2017-08-22 13:00:00,3,20170822133,2017,8,22,13,1,0,3,34,234,16.63
2017-08-22 14:00:00,3,20170822143,2017,8,22,14,1,0,3,34,234,16.38
2017-08-22 15:00:00,3,20170822153,2017,8,22,15,1,0,3,34,234,15.89
2017-08-22 16:00:00,3,20170822163,2017,8,22,16,1,0,3,34,234,15.89
2017-08-22 17:00:00,3,20170822173,2017,8,22,17,1,0,3,34,234,17.55
2017-08-22 18:00:00,3,20170822183,2017,8,22,18,1,0,3,34,234,18.79
2017-08-22 19:00:00,3,20170822193,2017,8,22,19,1,0,3,34,234,17.35
2017-08-22 20:00:00,3,20170822203,2017,8,22,20,1,0,3,34,234,15.85
2017-08-22 21:00:00,3,20170822213,2017,8,22,21,1,0,3,34,234,14.02
2017-08-22 22:00:00,3,20170822223,2017,8,22,22,1,0,3,34,234,15.22
2017-08-22 23:00:00,3,20170822233,2017,8,22,23,1,0,3,34,234,14.33
2017-08-23 00:00:00,3,20170823003,2017,8,23,0,2,0,3,34,235,13.47
2017-08-23 01:00:00,3,20170823013,2017,8,23,1,2,0,3,34,235,8.69
2017-08-23 02:00:00,3,20170823023,2017,8,23,2,2,0,3,34,235,10.08
2017-08-23 03:00:00,3,20170823033,2017,8,23,3,2,0,3,34,235,5.96
2017-08-23 04:00:00,3,20170823043,2017,8,23,4,2,0,3,34,235,5.1
2017-08-23 05:00:00,3,20170823053,2017,8,23,5,2,0,3,34,235,6.83
2017-08-23 06:00:00,3,20170823063,2017,8,23,6,2,0,3,34,235,6.89
2017-08-23 07:00:00,3,20170823073,2017,8,23,7,2,0,3,34,235,7.75
2017-08-23 08:00:00,3,20170823083,2017,8,23,8,2,0,3,34,235,8.26
2017-08-23 09:00:00,3,20170823093,2017,8,23,9,2,0,3,34,235,9.85
2017-08-23 10:00:00,3,20170823103,2017,8,23,10,2,0,3,34,235,15.69
2017-08-23 11:00:00,3,20170823113,2017,8,23,11,2,0,3,34,235,17.29
2017-08-23 12:00:00,3,20170823123,2017,8,23,12,2,0,3,34,235,18.49
2017-08-23 13:00:00,3,20170823133,2017,8,23,13,2,0,3,34,235,16.91
2017-08-23 14:00:00,3,20170823143,2017,8,23,14,2,0,3,34,235,17.95
2017-08-23 15:00:00,3,20170823153,2017,8,23,15,2,0,3,34,235,15.78
2017-08-23 16:00:00,3,20170823163,2017,8,23,16,2,0,3,34,235,16.52
2017-08-23 17:00:00,3,20170823173,2017,8,23,17,2,0,3,34,235,20.34
2017-08-23 18:00:00,3,20170823183,2017,8,23,18,2,0,3,34,235,23.69
2017-08-23 19:00:00,3,20170823193,2017,8,23,19,2,0,3,34,235,28.69
2017-08-23 20:00:00,3,20170823203,2017,8,23,20,2,0,3,34,235,24.9
2017-08-23 21:00:00,3,20170823213,2017,8,23,21,2,0,3,34,235,19.83
2017-08-23 22:00:00,3,20170823223,2017,8,23,22,2,0,3,34,235,20.1
2017-08-23 23:00:00,3,20170823233,2017,8,23,23,2,0,3,34,235,18.23
2017-08-24 00:00:00,3,20170824003,2017,8,24,0,3,0,3,34,236,17.72
2017-08-24 01:00:00,3,20170824013,2017,8,24,1,3,0,3,34,236,9.96
2017-08-24 02:00:00,3,20170824023,2017,8,24,2,3,0,3,34,236,10.21
2017-08-24 03:00:00,3,20170824033,2017,8,24,3,3,0,3,34,236,6.37
2017-08-24 04:00:00,3,20170824043,2017,8,24,4,3,0,3,34,236,5.1
2017-08-24 05:00:00,3,20170824053,2017,8,24,5,3,0,3,34,236,5.82
2017-08-24 06:00:00,3,20170824063,2017,8,24,6,3,0,3,34,236,7.18
2017-08-24 07:00:00,3,20170824073,2017,8,24,7,3,0,3,34,236,8.29
2017-08-24 08:00:00,3,20170824083,2017,8,24,8,3,0,3,34,236,10.08
2017-08-24 09:00:00,3,20170824093,2017,8,24,9,3,0,3,34,236,11.75
2017-08-24 10:00:00,3,20170824103,2017,8,24,10,3,0,3,34,236,17.49
2017-08-24 11:00:00,3,20170824113,2017,8,24,11,3,0,3,34,236,18.59
2017-08-24 12:00:00,3,20170824123,2017,8,24,12,3,0,3,34,236,19.79
2017-08-24 13:00:00,3,20170824133,2017,8,24,13,3,0,3,34,236,18.32
2017-08-24 14:00:00,3,20170824143,2017,8,24,14,3,0,3,34,236,20.18
2017-08-24 15:00:00,3,20170824153,2017,8,24,15,3,0,3,34,236,18.12
2017-08-24 16:00:00,3,20170824163,2017,8,24,16,3,0,3,34,236,18.36
2017-08-24 17:00:00,3,20170824173,2017,8,24,17,3,0,3,34,236,19.02
2017-08-24 18:00:00,3,20170824183,2017,8,24,18,3,0,3,34,236,22.61
2017-08-24 19:00:00,3,20170824193,2017,8,24,19,3,0,3,34,236,36.47
2017-08-24 20:00:00,3,20170824203,2017,8,24,20,3,0,3,34,236,30.97
2017-08-24 21:00:00,3,20170824213,2017,8,24,21,3,0,3,34,236,26.46
2017-08-24 22:00:00,3,20170824223,2017,8,24,22,3,0,3,34,236,23.54
2017-08-24 23:00:00,3,20170824233,2017,8,24,23,3,0,3,34,236,21.6
2017-08-25 00:00:00,3,20170825003,2017,8,25,0,4,0,3,34,237,18.57
2017-08-25 01:00:00,3,20170825013,2017,8,25,1,4,0,3,34,237,10.74
2017-08-25 02:00:00,3,20170825023,2017,8,25,2,4,0,3,34,237,10.16
2017-08-25 03:00:00,3,20170825033,2017,8,25,3,4,0,3,34,237,7.51
2017-08-25 04:00:00,3,20170825043,2017,8,25,4,4,0,3,34,237,7.14
2017-08-25 05:00:00,3,20170825053,2017,8,25,5,4,0,3,34,237,5.21
2017-08-25 06:00:00,3,20170825063,2017,8,25,6,4,0,3,34,237,6.46
2017-08-25 07:00:00,3,20170825073,2017,8,25,7,4,0,3,34,237,7.92
2017-08-25 08:00:00,3,20170825083,2017,8,25,8,4,0,3,34,237,12.11
2017-08-25 09:00:00,3,20170825093,2017,8,25,9,4,0,3,34,237,14.28
2017-08-25 10:00:00,3,20170825103,2017,8,25,10,4,0,3,34,237,19.33
2017-08-25 11:00:00,3,20170825113,2017,8,25,11,4,0,3,34,237,20.46
2017-08-25 12:00:00,3,20170825123,2017,8,25,12,4,0,3,34,237,21.49
2017-08-25 13:00:00,3,20170825133,2017,8,25,13,4,0,3,34,237,18.33
2017-08-25 14:00:00,3,20170825143,2017,8,25,14,4,0,3,34,237,21.46
2017-08-25 15:00:00,3,20170825153,2017,8,25,15,4,0,3,34,237,20.4
2017-08-25 16:00:00,3,20170825163,2017,8,25,16,4,0,3,34,237,20.58
2017-08-25 17:00:00,3,20170825173,2017,8,25,17,4,0,3,34,237,19.97
2017-08-25 18:00:00,3,20170825183,2017,8,25,18,4,0,3,34,237,21.75
2017-08-25 19:00:00,3,20170825193,2017,8,25,19,4,0,3,34,237,31.13
2017-08-25 20:00:00,3,20170825203,2017,8,25,20,4,0,3,34,237,27.11
2017-08-25 21:00:00,3,20170825213,2017,8,25,21,4,0,3,34,237,24.35
2017-08-25 22:00:00,3,20170825223,2017,8,25,22,4,0,3,34,237,20.69
2017-08-25 23:00:00,3,20170825233,2017,8,25,23,4,0,3,34,237,19.55
2017-08-26 00:00:00,3,20170826003,2017,8,26,0,5,1,3,34,238,18.64
2017-08-26 01:00:00,3,20170826013,2017,8,26,1,5,1,3,34,238,8.41
2017-08-26 02:00:00,3,20170826023,2017,8,26,2,5,1,3,34,238,9.11
2017-08-26 03:00:00,3,20170826033,2017,8,26,3,5,1,3,34,238,7.51
2017-08-26 04:00:00,3,20170826043,2017,8,26,4,5,1,3,34,238,6.96
2017-08-26 05:00:00,3,20170826053,2017,8,26,5,5,1,3,34,238,4.93
2017-08-26 06:00:00,3,20170826063,2017,8,26,6,5,1,3,34,238,5.93
2017-08-26 07:00:00,3,20170826073,2017,8,26,7,5,1,3,34,238,7.94
2017-08-26 08:00:00,3,20170826083,2017,8,26,8,5,1,3,34,238,9.94
2017-08-26 09:00:00,3,20170826093,2017,8,26,9,5,1,3,34,238,12.71
2017-08-26 10:00:00,3,20170826103,2017,8,26,10,5,1,3,34,238,17.84
2017-08-26 11:00:00,3,20170826113,2017,8,26,11,5,1,3,34,238,19.52
2017-08-26 12:00:00,3,20170826123,2017,8,26,12,5,1,3,34,238,19.31
2017-08-26 13:00:00,3,20170826133,2017,8,26,13,5,1,3,34,238,18.37
2017-08-26 14:00:00,3,20170826143,2017,8,26,14,5,1,3,34,238,19.82
2017-08-26 15:00:00,3,20170826153,2017,8,26,15,5,1,3,34,238,19.9
2017-08-26 16:00:00,3,20170826163,2017,8,26,16,5,1,3,34,238,20.46
2017-08-26 17:00:00,3,20170826173,2017,8,26,17,5,1,3,34,238,19.66
2017-08-26 18:00:00,3,20170826183,2017,8,26,18,5,1,3,34,238,27.31
2017-08-26 19:00:00,3,20170826193,2017,8,26,19,5,1,3,34,238,42.39
2017-08-26 20:00:00,3,20170826203,2017,8,26,20,5,1,3,34,238,75.17
2017-08-26 21:00:00,3,20170826213,2017,8,26,21,5,1,3,34,238,78.58
2017-08-26 22:00:00,3,20170826223,2017,8,26,22,5,1,3,34,238,43.49
2017-08-26 23:00:00,3,20170826233,2017,8,26,23,5,1,3,34,238,35.38
2017-08-27 00:00:00,3,20170827003,2017,8,27,0,6,1,3,34,239,19.69
2017-08-27 01:00:00,3,20170827013,2017,8,27,1,6,1,3,34,239,9.73
2017-08-27 02:00:00,3,20170827023,2017,8,27,2,6,1,3,34,239,10.02
2017-08-27 03:00:00,3,20170827033,2017,8,27,3,6,1,3,34,239,6.79
2017-08-27 04:00:00,3,20170827043,2017,8,27,4,6,1,3,34,239,6.56
2017-08-27 05:00:00,3,20170827053,2017,8,27,5,6,1,3,34,239,4.89
2017-08-27 06:00:00,3,20170827063,2017,8,27,6,6,1,3,34,239,5.83
2017-08-27 07:00:00,3,20170827073,2017,8,27,7,6,1,3,34,239,7.88
2017-08-27 08:00:00,3,20170827083,2017,8,27,8,6,1,3,34,239,9.12
2017-08-27 09:00:00,3,20170827093,2017,8,27,9,6,1,3,34,239,12.27
2017-08-27 10:00:00,3,20170827103,2017,8,27,10,6,1,3,34,239,15.52
2017-08-27 11:00:00,3,20170827113,2017,8,27,11,6,1,3,34,239,17.47
2017-08-27 12:00:00,3,20170827123,2017,8,27,12,6,1,3,34,239,16.91
2017-08-27 13:00:00,3,20170827133,2017,8,27,13,6,1,3,34,239,16.11
2017-08-27 14:00:00,3,20170827143,2017,8,27,14,6,1,3,34,239,17.02
2017-08-27 15:00:00,3,20170827153,2017,8,27,15,6,1,3,34,239,17.09
2017-08-27 16:00:00,3,20170827163,2017,8,27,16,6,1,3,34,239,18.74
2017-08-27 17:00:00,3,20170827173,2017,8,27,17,6,1,3,34,239,17.56
2017-08-27 18:00:00,3,20170827183,2017,8,27,18,6,1,3,34,239,23.51
2017-08-27 19:00:00,3,20170827193,2017,8,27,19,6,1,3,34,239,41.44
2017-08-27 20:00:00,3,20170827203,2017,8,27,20,6,1,3,34,239,78.87
2017-08-27 21:00:00,3,20170827213,2017,8,27,21,6,1,3,34,239,79.56
2017-08-27 22:00:00,3,20170827223,2017,8,27,22,6,1,3,34,239,45.57
2017-08-27 23:00:00,3,20170827233,2017,8,27,23,6,1,3,34,239,36.06
2017-08-28 00:00:00,3,20170828003,2017,8,28,0,0,0,3,35,240,18.09
2017-08-28 01:00:00,3,20170828013,2017,8,28,1,0,0,3,35,240,13.03
2017-08-28 02:00:00,3,20170828023,2017,8,28,2,0,0,3,35,240,9.77
2017-08-28 03:00:00,3,20170828033,2017,8,28,3,0,0,3,35,240,9.42
2017-08-28 04:00:00,3,20170828043,2017,8,28,4,0,0,3,35,240,6.99
2017-08-28 05:00:00,3,20170828053,2017,8,28,5,0,0,3,35,240,6.44
2017-08-28 06:00:00,3,20170828063,2017,8,28,6,0,0,3,35,240,8.7
2017-08-28 07:00:00,3,20170828073,2017,8,28,7,0,0,3,35,240,11.15
2017-08-28 08:00:00,3,20170828083,2017,8,28,8,0,0,3,35,240,9.71
2017-08-28 09:00:00,3,20170828093,2017,8,28,9,0,0,3,35,240,14.01
2017-08-28 10:00:00,3,20170828103,2017,8,28,10,0,0,3,35,240,22.0
2017-08-28 11:00:00,3,20170828113,2017,8,28,11,0,0,3,35,240,26.2
2017-08-28 12:00:00,3,20170828123,2017,8,28,12,0,0,3,35,240,25.51
2017-08-28 13:00:00,3,20170828133,2017,8,28,13,0,0,3,35,240,21.04
2017-08-28 14:00:00,3,20170828143,2017,8,28,14,0,0,3,35,240,22.53
2017-08-28 15:00:00,3,20170828153,2017,8,28,15,0,0,3,35,240,21.8
2017-08-28 16:00:00,3,20170828163,2017,8,28,16,0,0,3,35,240,22.19
2017-08-28 17:00:00,3,20170828173,2017,8,28,17,0,0,3,35,240,20.46
2017-08-28 18:00:00,3,20170828183,2017,8,28,18,0,0,3,35,240,20.45
2017-08-28 19:00:00,3,20170828193,2017,8,28,19,0,0,3,35,240,22.16
2017-08-28 20:00:00,3,20170828203,2017,8,28,20,0,0,3,35,240,20.37
2017-08-28 21:00:00,3,20170828213,2017,8,28,21,0,0,3,35,240,20.0
2017-08-28 22:00:00,3,20170828223,2017,8,28,22,0,0,3,35,240,18.55
2017-08-28 23:00:00,3,20170828233,2017,8,28,23,0,0,3,35,240,16.35
2017-08-29 00:00:00,3,20170829003,2017,8,29,0,1,0,3,35,241,15.85
2017-08-29 01:00:00,3,20170829013,2017,8,29,1,1,0,3,35,241,12.62
2017-08-29 02:00:00,3,20170829023,2017,8,29,2,1,0,3,35,241,9.56
2017-08-29 03:00:00,3,20170829033,2017,8,29,3,1,0,3,35,241,8.02
2017-08-29 04:00:00,3,20170829043,2017,8,29,4,1,0,3,35,241,6.11
2017-08-29 05:00:00,3,20170829053,2017,8,29,5,1,0,3,35,241,5.98
2017-08-29 06:00:00,3,20170829063,2017,8,29,6,1,0,3,35,241,7.84
2017-08-29 07:00:00,3,20170829073,2017,8,29,7,1,0,3,35,241,9.02
2017-08-29 08:00:00,3,20170829083,2017,8,29,8,1,0,3,35,241,9.1
2017-08-29 09:00:00,3,20170829093,2017,8,29,9,1,0,3,35,241,12.78
2017-08-29 10:00:00,3,20170829103,2017,8,29,10,1,0,3,35,241,22.63
2017-08-29 11:00:00,3,20170829113,2017,8,29,11,1,0,3,35,241,27.4
2017-08-29 12:00:00,3,20170829123,2017,8,29,12,1,0,3,35,241,26.23
2017-08-29 13:00:00,3,20170829133,2017,8,29,13,1,0,3,35,241,21.29
2017-08-29 14:00:00,3,20170829143,2017,8,29,14,1,0,3,35,241,21.93
2017-08-29 15:00:00,3,20170829153,2017,8,29,15,1,0,3,35,241,21.38
2017-08-29 16:00:00,3,20170829163,2017,8,29,16,1,0,3,35,241,21.55
2017-08-29 17:00:00,3,20170829173,2017,8,29,17,1,0,3,35,241,20.07
2017-08-29 18:00:00,3,20170829183,2017,8,29,18,1,0,3,35,241,18.34
2017-08-29 19:00:00,3,20170829193,2017,8,29,19,1,0,3,35,241,20.0
2017-08-29 20:00:00,3,20170829203,2017,8,29,20,1,0,3,35,241,17.83
2017-08-29 21:00:00,3,20170829213,2017,8,29,21,1,0,3,35,241,17.94
2017-08-29 22:00:00,3,20170829223,2017,8,29,22,1,0,3,35,241,17.29
2017-08-29 23:00:00,3,20170829233,2017,8,29,23,1,0,3,35,241,14.32
2017-08-30 00:00:00,3,20170830003,2017,8,30,0,2,0,3,35,242,14.37
2017-08-30 01:00:00,3,20170830013,2017,8,30,1,2,0,3,35,242,11.8
2017-08-30 02:00:00,3,20170830023,2017,8,30,2,2,0,3,35,242,8.85
2017-08-30 03:00:00,3,20170830033,2017,8,30,3,2,0,3,35,242,7.7
2017-08-30 04:00:00,3,20170830043,2017,8,30,4,2,0,3,35,242,6.23
2017-08-30 05:00:00,3,20170830053,2017,8,30,5,2,0,3,35,242,6.23
2017-08-30 06:00:00,3,20170830063,2017,8,30,6,2,0,3,35,242,7.27
2017-08-30 07:00:00,3,20170830073,2017,8,30,7,2,0,3,35,242,7.47
2017-08-30 08:00:00,3,20170830083,2017,8,30,8,2,0,3,35,242,8.45
2017-08-30 09:00:00,3,20170830093,2017,8,30,9,2,0,3,35,242,11.24
2017-08-30 10:00:00,3,20170830103,2017,8,30,10,2,0,3,35,242,17.6
2017-08-30 11:00:00,3,20170830113,2017,8,30,11,2,0,3,35,242,20.66
2017-08-30 12:00:00,3,20170830123,2017,8,30,12,2,0,3,35,242,20.72
2017-08-30 13:00:00,3,20170830133,2017,8,30,13,2,0,3,35,242,15.46
2017-08-30 14:00:00,3,20170830143,2017,8,30,14,2,0,3,35,242,16.42
2017-08-30 15:00:00,3,20170830153,2017,8,30,15,2,0,3,35,242,17.42
2017-08-30 16:00:00,3,20170830163,2017,8,30,16,2,0,3,35,242,17.22
2017-08-30 17:00:00,3,20170830173,2017,8,30,17,2,0,3,35,242,16.81
2017-08-30 18:00:00,3,20170830183,2017,8,30,18,2,0,3,35,242,16.1
2017-08-30 19:00:00,3,20170830193,2017,8,30,19,2,0,3,35,242,16.58
2017-08-30 20:00:00,3,20170830203,2017,8,30,20,2,0,3,35,242,14.68
2017-08-30 21:00:00,3,20170830213,2017,8,30,21,2,0,3,35,242,15.7
2017-08-30 22:00:00,3,20170830223,2017,8,30,22,2,0,3,35,242,15.67
2017-08-30 23:00:00,3,20170830233,2017,8,30,23,2,0,3,35,242,13.53
2017-08-31 00:00:00,3,20170831003,2017,8,31,0,3,0,3,35,243,13.32
2017-08-31 01:00:00,3,20170831013,2017,8,31,1,3,0,3,35,243,11.16
2017-08-31 02:00:00,3,20170831023,2017,8,31,2,3,0,3,35,243,7.74
2017-08-31 03:00:00,3,20170831033,2017,8,31,3,3,0,3,35,243,7.28
2017-08-31 04:00:00,3,20170831043,2017,8,31,4,3,0,3,35,243,6.77
2017-08-31 05:00:00,3,20170831053,2017,8,31,5,3,0,3,35,243,6.71
2017-08-31 06:00:00,3,20170831063,2017,8,31,6,3,0,3,35,243,6.64
2017-08-31 07:00:00,3,20170831073,2017,8,31,7,3,0,3,35,243,6.79
2017-08-31 08:00:00,3,20170831083,2017,8,31,8,3,0,3,35,243,8.35
2017-08-31 09:00:00,3,20170831093,2017,8,31,9,3,0,3,35,243,10.19
2017-08-31 10:00:00,3,20170831103,2017,8,31,10,3,0,3,35,243,13.72
2017-08-31 11:00:00,3,20170831113,2017,8,31,11,3,0,3,35,243,14.42
2017-08-31 12:00:00,3,20170831123,2017,8,31,12,3,0,3,35,243,14.84
2017-08-31 13:00:00,3,20170831133,2017,8,31,13,3,0,3,35,243,11.38
2017-08-31 14:00:00,3,20170831143,2017,8,31,14,3,0,3,35,243,13.72
2017-08-31 15:00:00,3,20170831153,2017,8,31,15,3,0,3,35,243,14.85
2017-08-31 16:00:00,3,20170831163,2017,8,31,16,3,0,3,35,243,14.27
2017-08-31 17:00:00,3,20170831173,2017,8,31,17,3,0,3,35,243,14.56
2017-08-31 18:00:00,3,20170831183,2017,8,31,18,3,0,3,35,243,13.78
2017-08-31 19:00:00,3,20170831193,2017,8,31,19,3,0,3,35,243,13.09
2017-08-31 20:00:00,3,20170831203,2017,8,31,20,3,0,3,35,243,13.48
2017-08-31 21:00:00,3,20170831213,2017,8,31,21,3,0,3,35,243,14.41
2017-08-31 22:00:00,3,20170831223,2017,8,31,22,3,0,3,35,243,14.94
2017-08-31 23:00:00,3,20170831233,2017,8,31,23,3,0,3,35,243,13.87
2017-09-01 00:00:00,3,20170901003,2017,9,1,0,4,0,3,35,244,17.65
2017-09-01 01:00:00,3,20170901013,2017,9,1,1,4,0,3,35,244,14.39
2017-09-01 02:00:00,3,20170901023,2017,9,1,2,4,0,3,35,244,8.05
2017-09-01 03:00:00,3,20170901033,2017,9,1,3,4,0,3,35,244,7.83
2017-09-01 04:00:00,3,20170901043,2017,9,1,4,4,0,3,35,244,4.85
2017-09-01 05:00:00,3,20170901053,2017,9,1,5,4,0,3,35,244,7.26
2017-09-01 06:00:00,3,20170901063,2017,9,1,6,4,0,3,35,244,5.96
2017-09-01 07:00:00,3,20170901073,2017,9,1,7,4,0,3,35,244,7.06
2017-09-01 08:00:00,3,20170901083,2017,9,1,8,4,0,3,35,244,10.36
2017-09-01 09:00:00,3,20170901093,2017,9,1,9,4,0,3,35,244,17.19
2017-09-01 10:00:00,3,20170901103,2017,9,1,10,4,0,3,35,244,21.98
2017-09-01 11:00:00,3,20170901113,2017,9,1,11,4,0,3,35,244,21.88
2017-09-01 12:00:00,3,20170901123,2017,9,1,12,4,0,3,35,244,22.79
2017-09-01 13:00:00,3,20170901133,2017,9,1,13,4,0,3,35,244,23.28
2017-09-01 14:00:00,3,20170901143,2017,9,1,14,4,0,3,35,244,23.86
2017-09-01 15:00:00,3,20170901153,2017,9,1,15,4,0,3,35,244,23.71
2017-09-01 16:00:00,3,20170901163,2017,9,1,16,4,0,3,35,244,20.58
2017-09-01 17:00:00,3,20170901173,2017,9,1,17,4,0,3,35,244,20.83
2017-09-01 18:00:00,3,20170901183,2017,9,1,18,4,0,3,35,244,19.23
2017-09-01 19:00:00,3,20170901193,2017,9,1,19,4,0,3,35,244,21.16
2017-09-01 20:00:00,3,20170901203,2017,9,1,20,4,0,3,35,244,20.53
2017-09-01 21:00:00,3,20170901213,2017,9,1,21,4,0,3,35,244,23.91
2017-09-01 22:00:00,3,20170901223,2017,9,1,22,4,0,3,35,244,31.17
2017-09-01 23:00:00,3,20170901233,2017,9,1,23,4,0,3,35,244,26.98
2017-09-02 00:00:00,3,20170902003,2017,9,2,0,5,1,3,35,245,17.57
2017-09-02 01:00:00,3,20170902013,2017,9,2,1,5,1,3,35,245,12.5
2017-09-02 02:00:00,3,20170902023,2017,9,2,2,5,1,3,35,245,8.96
2017-09-02 03:00:00,3,20170902033,2017,9,2,3,5,1,3,35,245,7.94
2017-09-02 04:00:00,3,20170902043,2017,9,2,4,5,1,3,35,245,4.98
2017-09-02 05:00:00,3,20170902053,2017,9,2,5,5,1,3,35,245,6.97
2017-09-02 06:00:00,3,20170902063,2017,9,2,6,5,1,3,35,245,5.54
2017-09-02 07:00:00,3,20170902073,2017,9,2,7,5,1,3,35,245,6.39
2017-09-02 08:00:00,3,20170902083,2017,9,2,8,5,1,3,35,245,8.79
2017-09-02 09:00:00,3,20170902093,2017,9,2,9,5,1,3,35,245,13.72
2017-09-02 10:00:00,3,20170902103,2017,9,2,10,5,1,3,35,245,15.63
2017-09-02 11:00:00,3,20170902113,2017,9,2,11,5,1,3,35,245,14.95
2017-09-02 12:00:00,3,20170902123,2017,9,2,12,5,1,3,35,245,16.83
2017-09-02 13:00:00,3,20170902133,2017,9,2,13,5,1,3,35,245,17.58
2017-09-02 14:00:00,3,20170902143,2017,9,2,14,5,1,3,35,245,19.0
2017-09-02 15:00:00,3,20170902153,2017,9,2,15,5,1,3,35,245,14.8
2017-09-02 16:00:00,3,20170902163,2017,9,2,16,5,1,3,35,245,14.32
2017-09-02 17:00:00,3,20170902173,2017,9,2,17,5,1,3,35,245,15.15
2017-09-02 18:00:00,3,20170902183,2017,9,2,18,5,1,3,35,245,14.27
2017-09-02 19:00:00,3,20170902193,2017,9,2,19,5,1,3,35,245,16.35
2017-09-02 20:00:00,3,20170902203,2017,9,2,20,5,1,3,35,245,16.75
2017-09-02 21:00:00,3,20170902213,2017,9,2,21,5,1,3,35,245,16.47
2017-09-02 22:00:00,3,20170902223,2017,9,2,22,5,1,3,35,245,18.42
2017-09-02 23:00:00,3,20170902233,2017,9,2,23,5,1,3,35,245,17.34
2017-09-03 00:00:00,3,20170903003,2017,9,3,0,6,1,3,35,246,16.99
2017-09-03 01:00:00,3,20170903013,2017,9,3,1,6,1,3,35,246,10.66
2017-09-03 02:00:00,3,20170903023,2017,9,3,2,6,1,3,35,246,8.42
2017-09-03 03:00:00,3,20170903033,2017,9,3,3,6,1,3,35,246,6.3
2017-09-03 04:00:00,3,20170903043,2017,9,3,4,6,1,3,35,246,5.31
2017-09-03 05:00:00,3,20170903053,2017,9,3,5,6,1,3,35,246,6.67
2017-09-03 06:00:00,3,20170903063,2017,9,3,6,6,1,3,35,246,5.31
2017-09-03 07:00:00,3,20170903073,2017,9,3,7,6,1,3,35,246,6.26
2017-09-03 08:00:00,3,20170903083,2017,9,3,8,6,1,3,35,246,7.23
2017-09-03 09:00:00,3,20170903093,2017,9,3,9,6,1,3,35,246,9.92
2017-09-03 10:00:00,3,20170903103,2017,9,3,10,6,1,3,35,246,12.59
2017-09-03 11:00:00,3,20170903113,2017,9,3,11,6,1,3,35,246,12.19
2017-09-03 12:00:00,3,20170903123,2017,9,3,12,6,1,3,35,246,14.11
2017-09-03 13:00:00,3,20170903133,2017,9,3,13,6,1,3,35,246,14.53
2017-09-03 14:00:00,3,20170903143,2017,9,3,14,6,1,3,35,246,16.52
2017-09-03 15:00:00,3,20170903153,2017,9,3,15,6,1,3,35,246,10.92
2017-09-03 16:00:00,3,20170903163,2017,9,3,16,6,1,3,35,246,12.13
2017-09-03 17:00:00,3,20170903173,2017,9,3,17,6,1,3,35,246,13.38
2017-09-03 18:00:00,3,20170903183,2017,9,3,18,6,1,3,35,246,12.81
2017-09-03 19:00:00,3,20170903193,2017,9,3,19,6,1,3,35,246,14.22
2017-09-03 20:00:00,3,20170903203,2017,9,3,20,6,1,3,35,246,15.18
2017-09-03 21:00:00,3,20170903213,2017,9,3,21,6,1,3,35,246,14.4
2017-09-03 22:00:00,3,20170903223,2017,9,3,22,6,1,3,35,246,14.7
2017-09-03 23:00:00,3,20170903233,2017,9,3,23,6,1,3,35,246,14.85
2017-09-04 00:00:00,3,20170904003,2017,9,4,0,0,0,3,36,247,15.25
2017-09-04 01:00:00,3,20170904013,2017,9,4,1,0,0,3,36,247,11.63
2017-09-04 02:00:00,3,20170904023,2017,9,4,2,0,0,3,36,247,7.64
2017-09-04 03:00:00,3,20170904033,2017,9,4,3,0,0,3,36,247,5.59
2017-09-04 04:00:00,3,20170904043,2017,9,4,4,0,0,3,36,247,6.43
2017-09-04 05:00:00,3,20170904053,2017,9,4,5,0,0,3,36,247,5.49
2017-09-04 06:00:00,3,20170904063,2017,9,4,6,0,0,3,36,247,5.62
2017-09-04 07:00:00,3,20170904073,2017,9,4,7,0,0,3,36,247,8.71
2017-09-04 08:00:00,3,20170904083,2017,9,4,8,0,0,3,36,247,8.97
2017-09-04 09:00:00,3,20170904093,2017,9,4,9,0,0,3,36,247,9.85
2017-09-04 10:00:00,3,20170904103,2017,9,4,10,0,0,3,36,247,14.32
2017-09-04 11:00:00,3,20170904113,2017,9,4,11,0,0,3,36,247,13.76
2017-09-04 12:00:00,3,20170904123,2017,9,4,12,0,0,3,36,247,15.88
2017-09-04 13:00:00,3,20170904133,2017,9,4,13,0,0,3,36,247,15.64
2017-09-04 14:00:00,3,20170904143,2017,9,4,14,0,0,3,36,247,15.24
2017-09-04 15:00:00,3,20170904153,2017,9,4,15,0,0,3,36,247,15.43
2017-09-04 16:00:00,3,20170904163,2017,9,4,16,0,0,3,36,247,15.36
2017-09-04 17:00:00,3,20170904173,2017,9,4,17,0,0,3,36,247,13.59
2017-09-04 18:00:00,3,20170904183,2017,9,4,18,0,0,3,36,247,15.62
2017-09-04 19:00:00,3,20170904193,2017,9,4,19,0,0,3,36,247,16.2
2017-09-04 20:00:00,3,20170904203,2017,9,4,20,0,0,3,36,247,14.77
2017-09-04 21:00:00,3,20170904213,2017,9,4,21,0,0,3,36,247,13.25
2017-09-04 22:00:00,3,20170904223,2017,9,4,22,0,0,3,36,247,13.96
2017-09-04 23:00:00,3,20170904233,2017,9,4,23,0,0,3,36,247,17.21
2017-09-05 00:00:00,3,20170905003,2017,9,5,0,1,0,3,36,248,13.51
2017-09-05 01:00:00,3,20170905013,2017,9,5,1,1,0,3,36,248,10.83
2017-09-05 02:00:00,3,20170905023,2017,9,5,2,1,0,3,36,248,7.45
2017-09-05 03:00:00,3,20170905033,2017,9,5,3,1,0,3,36,248,4.82
2017-09-05 04:00:00,3,20170905043,2017,9,5,4,1,0,3,36,248,6.34
2017-09-05 05:00:00,3,20170905053,2017,9,5,5,1,0,3,36,248,5.0
2017-09-05 06:00:00,3,20170905063,2017,9,5,6,1,0,3,36,248,5.68
2017-09-05 07:00:00,3,20170905073,2017,9,5,7,1,0,3,36,248,7.42
2017-09-05 08:00:00,3,20170905083,2017,9,5,8,1,0,3,36,248,8.6
2017-09-05 09:00:00,3,20170905093,2017,9,5,9,1,0,3,36,248,9.22
2017-09-05 10:00:00,3,20170905103,2017,9,5,10,1,0,3,36,248,15.37
2017-09-05 11:00:00,3,20170905113,2017,9,5,11,1,0,3,36,248,17.61
2017-09-05 12:00:00,3,20170905123,2017,9,5,12,1,0,3,36,248,19.34
2017-09-05 13:00:00,3,20170905133,2017,9,5,13,1,0,3,36,248,17.98
2017-09-05 14:00:00,3,20170905143,2017,9,5,14,1,0,3,36,248,18.81
2017-09-05 15:00:00,3,20170905153,2017,9,5,15,1,0,3,36,248,19.02
2017-09-05 16:00:00,3,20170905163,2017,9,5,16,1,0,3,36,248,17.31
2017-09-05 17:00:00,3,20170905173,2017,9,5,17,1,0,3,36,248,17.55
2017-09-05 18:00:00,3,20170905183,2017,9,5,18,1,0,3,36,248,17.49
2017-09-05 19:00:00,3,20170905193,2017,9,5,19,1,0,3,36,248,17.06
2017-09-05 20:00:00,3,20170905203,2017,9,5,20,1,0,3,36,248,17.14
2017-09-05 21:00:00,3,20170905213,2017,9,5,21,1,0,3,36,248,17.67
2017-09-05 22:00:00,3,20170905223,2017,9,5,22,1,0,3,36,248,19.12
2017-09-05 23:00:00,3,20170905233,2017,9,5,23,1,0,3,36,248,18.78
2017-09-06 00:00:00,3,20170906003,2017,9,6,0,2,0,3,36,249,14.07
2017-09-06 01:00:00,3,20170906013,2017,9,6,1,2,0,3,36,249,11.08
2017-09-06 02:00:00,3,20170906023,2017,9,6,2,2,0,3,36,249,8.29
2017-09-06 03:00:00,3,20170906033,2017,9,6,3,2,0,3,36,249,5.11
2017-09-06 04:00:00,3,20170906043,2017,9,6,4,2,0,3,36,249,6.06
2017-09-06 05:00:00,3,20170906053,2017,9,6,5,2,0,3,36,249,5.43
2017-09-06 06:00:00,3,20170906063,2017,9,6,6,2,0,3,36,249,5.87
2017-09-06 07:00:00,3,20170906073,2017,9,6,7,2,0,3,36,249,7.62
2017-09-06 08:00:00,3,20170906083,2017,9,6,8,2,0,3,36,249,8.59
2017-09-06 09:00:00,3,20170906093,2017,9,6,9,2,0,3,36,249,9.25
2017-09-06 10:00:00,3,20170906103,2017,9,6,10,2,0,3,36,249,15.12
2017-09-06 11:00:00,3,20170906113,2017,9,6,11,2,0,3,36,249,17.76
2017-09-06 12:00:00,3,20170906123,2017,9,6,12,2,0,3,36,249,20.14
2017-09-06 13:00:00,3,20170906133,2017,9,6,13,2,0,3,36,249,18.96
2017-09-06 14:00:00,3,20170906143,2017,9,6,14,2,0,3,36,249,20.52
2017-09-06 15:00:00,3,20170906153,2017,9,6,15,2,0,3,36,249,20.27
2017-09-06 16:00:00,3,20170906163,2017,9,6,16,2,0,3,36,249,18.54
2017-09-06 17:00:00,3,20170906173,2017,9,6,17,2,0,3,36,249,19.37
2017-09-06 18:00:00,3,20170906183,2017,9,6,18,2,0,3,36,249,19.44
2017-09-06 19:00:00,3,20170906193,2017,9,6,19,2,0,3,36,249,18.24
2017-09-06 20:00:00,3,20170906203,2017,9,6,20,2,0,3,36,249,19.11
2017-09-06 21:00:00,3,20170906213,2017,9,6,21,2,0,3,36,249,20.66
2017-09-06 22:00:00,3,20170906223,2017,9,6,22,2,0,3,36,249,22.1
2017-09-06 23:00:00,3,20170906233,2017,9,6,23,2,0,3,36,249,20.16
2017-09-07 00:00:00,3,20170907003,2017,9,7,0,3,0,3,36,250,16.14
2017-09-07 01:00:00,3,20170907013,2017,9,7,1,3,0,3,36,250,11.8
2017-09-07 02:00:00,3,20170907023,2017,9,7,2,3,0,3,36,250,8.55
2017-09-07 03:00:00,3,20170907033,2017,9,7,3,3,0,3,36,250,6.09
2017-09-07 04:00:00,3,20170907043,2017,9,7,4,3,0,3,36,250,6.09
2017-09-07 05:00:00,3,20170907053,2017,9,7,5,3,0,3,36,250,5.51
2017-09-07 06:00:00,3,20170907063,2017,9,7,6,3,0,3,36,250,5.72
2017-09-07 07:00:00,3,20170907073,2017,9,7,7,3,0,3,36,250,7.53
2017-09-07 08:00:00,3,20170907083,2017,9,7,8,3,0,3,36,250,9.11
2017-09-07 09:00:00,3,20170907093,2017,9,7,9,3,0,3,36,250,10.48
2017-09-07 10:00:00,3,20170907103,2017,9,7,10,3,0,3,36,250,16.08
2017-09-07 11:00:00,3,20170907113,2017,9,7,11,3,0,3,36,250,18.71
2017-09-07 12:00:00,3,20170907123,2017,9,7,12,3,0,3,36,250,21.12
2017-09-07 13:00:00,3,20170907133,2017,9,7,13,3,0,3,36,250,20.6
2017-09-07 14:00:00,3,20170907143,2017,9,7,14,3,0,3,36,250,22.17
2017-09-07 15:00:00,3,20170907153,2017,9,7,15,3,0,3,36,250,22.11
2017-09-07 16:00:00,3,20170907163,2017,9,7,16,3,0,3,36,250,20.89
2017-09-07 17:00:00,3,20170907173,2017,9,7,17,3,0,3,36,250,20.28
2017-09-07 18:00:00,3,20170907183,2017,9,7,18,3,0,3,36,250,20.63
2017-09-07 19:00:00,3,20170907193,2017,9,7,19,3,0,3,36,250,19.66
2017-09-07 20:00:00,3,20170907203,2017,9,7,20,3,0,3,36,250,20.59
2017-09-07 21:00:00,3,20170907213,2017,9,7,21,3,0,3,36,250,21.85
2017-09-07 22:00:00,3,20170907223,2017,9,7,22,3,0,3,36,250,22.79
2017-09-07 23:00:00,3,20170907233,2017,9,7,23,3,0,3,36,250,20.31
2017-09-08 00:00:00,3,20170908003,2017,9,8,0,4,0,3,36,251,16.75
2017-09-08 01:00:00,3,20170908013,2017,9,8,1,4,0,3,36,251,11.74
2017-09-08 02:00:00,3,20170908023,2017,9,8,2,4,0,3,36,251,6.81
2017-09-08 03:00:00,3,20170908033,2017,9,8,3,4,0,3,36,251,7.07
2017-09-08 04:00:00,3,20170908043,2017,9,8,4,4,0,3,36,251,5.89
2017-09-08 05:00:00,3,20170908053,2017,9,8,5,4,0,3,36,251,5.56
2017-09-08 06:00:00,3,20170908063,2017,9,8,6,4,0,3,36,251,5.85
2017-09-08 07:00:00,3,20170908073,2017,9,8,7,4,0,3,36,251,8.41
2017-09-08 08:00:00,3,20170908083,2017,9,8,8,4,0,3,36,251,9.2
2017-09-08 09:00:00,3,20170908093,2017,9,8,9,4,0,3,36,251,10.26
2017-09-08 10:00:00,3,20170908103,2017,9,8,10,4,0,3,36,251,16.55
2017-09-08 11:00:00,3,20170908113,2017,9,8,11,4,0,3,36,251,18.53
2017-09-08 12:00:00,3,20170908123,2017,9,8,12,4,0,3,36,251,20.13
2017-09-08 13:00:00,3,20170908133,2017,9,8,13,4,0,3,36,251,19.56
2017-09-08 14:00:00,3,20170908143,2017,9,8,14,4,0,3,36,251,20.06
2017-09-08 15:00:00,3,20170908153,2017,9,8,15,4,0,3,36,251,20.78
2017-09-08 16:00:00,3,20170908163,2017,9,8,16,4,0,3,36,251,20.68
2017-09-08 17:00:00,3,20170908173,2017,9,8,17,4,0,3,36,251,19.62
2017-09-08 18:00:00,3,20170908183,2017,9,8,18,4,0,3,36,251,18.58
2017-09-08 19:00:00,3,20170908193,2017,9,8,19,4,0,3,36,251,18.15
2017-09-08 20:00:00,3,20170908203,2017,9,8,20,4,0,3,36,251,17.96
2017-09-08 21:00:00,3,20170908213,2017,9,8,21,4,0,3,36,251,18.19
2017-09-08 22:00:00,3,20170908223,2017,9,8,22,4,0,3,36,251,17.07
2017-09-08 23:00:00,3,20170908233,2017,9,8,23,4,0,3,36,251,17.41
2017-09-09 00:00:00,3,20170909003,2017,9,9,0,5,1,3,36,252,17.52
2017-09-09 01:00:00,3,20170909013,2017,9,9,1,5,1,3,36,252,10.72
2017-09-09 02:00:00,3,20170909023,2017,9,9,2,5,1,3,36,252,7.72
2017-09-09 03:00:00,3,20170909033,2017,9,9,3,5,1,3,36,252,6.77
2017-09-09 04:00:00,3,20170909043,2017,9,9,4,5,1,3,36,252,6.01
2017-09-09 05:00:00,3,20170909053,2017,9,9,5,5,1,3,36,252,5.62
2017-09-09 06:00:00,3,20170909063,2017,9,9,6,5,1,3,36,252,6.19
2017-09-09 07:00:00,3,20170909073,2017,9,9,7,5,1,3,36,252,9.53
2017-09-09 08:00:00,3,20170909083,2017,9,9,8,5,1,3,36,252,9.9
2017-09-09 09:00:00,3,20170909093,2017,9,9,9,5,1,3,36,252,10.87
2017-09-09 10:00:00,3,20170909103,2017,9,9,10,5,1,3,36,252,15.17
2017-09-09 11:00:00,3,20170909113,2017,9,9,11,5,1,3,36,252,16.81
2017-09-09 12:00:00,3,20170909123,2017,9,9,12,5,1,3,36,252,18.43
2017-09-09 13:00:00,3,20170909133,2017,9,9,13,5,1,3,36,252,17.7
2017-09-09 14:00:00,3,20170909143,2017,9,9,14,5,1,3,36,252,19.23
2017-09-09 15:00:00,3,20170909153,2017,9,9,15,5,1,3,36,252,17.01
2017-09-09 16:00:00,3,20170909163,2017,9,9,16,5,1,3,36,252,24.09
2017-09-09 17:00:00,3,20170909173,2017,9,9,17,5,1,3,36,252,25.02
2017-09-09 18:00:00,3,20170909183,2017,9,9,18,5,1,3,36,252,22.21
2017-09-09 19:00:00,3,20170909193,2017,9,9,19,5,1,3,36,252,21.99
2017-09-09 20:00:00,3,20170909203,2017,9,9,20,5,1,3,36,252,21.9
2017-09-09 21:00:00,3,20170909213,2017,9,9,21,5,1,3,36,252,20.76
2017-09-09 22:00:00,3,20170909223,2017,9,9,22,5,1,3,36,252,18.83
2017-09-09 23:00:00,3,20170909233,2017,9,9,23,5,1,3,36,252,18.69
2017-09-10 00:00:00,3,20170910003,2017,9,10,0,6,1,3,36,253,15.97
2017-09-10 01:00:00,3,20170910013,2017,9,10,1,6,1,3,36,253,10.0
2017-09-10 02:00:00,3,20170910023,2017,9,10,2,6,1,3,36,253,8.4
2017-09-10 03:00:00,3,20170910033,2017,9,10,3,6,1,3,36,253,6.12
2017-09-10 04:00:00,3,20170910043,2017,9,10,4,6,1,3,36,253,5.87
2017-09-10 05:00:00,3,20170910053,2017,9,10,5,6,1,3,36,253,5.34
2017-09-10 06:00:00,3,20170910063,2017,9,10,6,6,1,3,36,253,5.81
2017-09-10 07:00:00,3,20170910073,2017,9,10,7,6,1,3,36,253,8.85
2017-09-10 08:00:00,3,20170910083,2017,9,10,8,6,1,3,36,253,9.4
2017-09-10 09:00:00,3,20170910093,2017,9,10,9,6,1,3,36,253,12.09
2017-09-10 10:00:00,3,20170910103,2017,9,10,10,6,1,3,36,253,16.43
2017-09-10 11:00:00,3,20170910113,2017,9,10,11,6,1,3,36,253,19.27
2017-09-10 12:00:00,3,20170910123,2017,9,10,12,6,1,3,36,253,23.21
2017-09-10 13:00:00,3,20170910133,2017,9,10,13,6,1,3,36,253,22.69
2017-09-10 14:00:00,3,20170910143,2017,9,10,14,6,1,3,36,253,26.51
2017-09-10 15:00:00,3,20170910153,2017,9,10,15,6,1,3,36,253,25.71
2017-09-10 16:00:00,3,20170910163,2017,9,10,16,6,1,3,36,253,33.2
2017-09-10 17:00:00,3,20170910173,2017,9,10,17,6,1,3,36,253,28.88
2017-09-10 18:00:00,3,20170910183,2017,9,10,18,6,1,3,36,253,30.52
2017-09-10 19:00:00,3,20170910193,2017,9,10,19,6,1,3,36,253,37.02
2017-09-10 20:00:00,3,20170910203,2017,9,10,20,6,1,3,36,253,51.85
2017-09-10 21:00:00,3,20170910213,2017,9,10,21,6,1,3,36,253,49.97
2017-09-10 22:00:00,3,20170910223,2017,9,10,22,6,1,3,36,253,39.05
2017-09-10 23:00:00,3,20170910233,2017,9,10,23,6,1,3,36,253,34.15
2017-09-11 00:00:00,3,20170911003,2017,9,11,0,0,0,3,37,254,18.16
2017-09-11 01:00:00,3,20170911013,2017,9,11,1,0,0,3,37,254,10.61
2017-09-11 02:00:00,3,20170911023,2017,9,11,2,0,0,3,37,254,8.08
2017-09-11 03:00:00,3,20170911033,2017,9,11,3,0,0,3,37,254,8.31
2017-09-11 04:00:00,3,20170911043,2017,9,11,4,0,0,3,37,254,5.48
2017-09-11 05:00:00,3,20170911053,2017,9,11,5,0,0,3,37,254,5.51
2017-09-11 06:00:00,3,20170911063,2017,9,11,6,0,0,3,37,254,6.2
2017-09-11 07:00:00,3,20170911073,2017,9,11,7,0,0,3,37,254,9.33
2017-09-11 08:00:00,3,20170911083,2017,9,11,8,0,0,3,37,254,10.47
2017-09-11 09:00:00,3,20170911093,2017,9,11,9,0,0,3,37,254,13.98
2017-09-11 10:00:00,3,20170911103,2017,9,11,10,0,0,3,37,254,20.01
2017-09-11 11:00:00,3,20170911113,2017,9,11,11,0,0,3,37,254,23.9
2017-09-11 12:00:00,3,20170911123,2017,9,11,12,0,0,3,37,254,26.06
2017-09-11 13:00:00,3,20170911133,2017,9,11,13,0,0,3,37,254,29.69
2017-09-11 14:00:00,3,20170911143,2017,9,11,14,0,0,3,37,254,28.52
2017-09-11 15:00:00,3,20170911153,2017,9,11,15,0,0,3,37,254,26.75
2017-09-11 16:00:00,3,20170911163,2017,9,11,16,0,0,3,37,254,25.56
2017-09-11 17:00:00,3,20170911173,2017,9,11,17,0,0,3,37,254,23.02
2017-09-11 18:00:00,3,20170911183,2017,9,11,18,0,0,3,37,254,22.52
2017-09-11 19:00:00,3,20170911193,2017,9,11,19,0,0,3,37,254,27.27
2017-09-11 20:00:00,3,20170911203,2017,9,11,20,0,0,3,37,254,25.68
2017-09-11 21:00:00,3,20170911213,2017,9,11,21,0,0,3,37,254,26.69
2017-09-11 22:00:00,3,20170911223,2017,9,11,22,0,0,3,37,254,25.5
2017-09-11 23:00:00,3,20170911233,2017,9,11,23,0,0,3,37,254,22.7
2017-09-12 00:00:00,3,20170912003,2017,9,12,0,1,0,3,37,255,18.21
2017-09-12 01:00:00,3,20170912013,2017,9,12,1,1,0,3,37,255,10.54
2017-09-12 02:00:00,3,20170912023,2017,9,12,2,1,0,3,37,255,7.85
2017-09-12 03:00:00,3,20170912033,2017,9,12,3,1,0,3,37,255,8.22
2017-09-12 04:00:00,3,20170912043,2017,9,12,4,1,0,3,37,255,5.25
2017-09-12 05:00:00,3,20170912053,2017,9,12,5,1,0,3,37,255,5.47
2017-09-12 06:00:00,3,20170912063,2017,9,12,6,1,0,3,37,255,6.04
2017-09-12 07:00:00,3,20170912073,2017,9,12,7,1,0,3,37,255,8.82
2017-09-12 08:00:00,3,20170912083,2017,9,12,8,1,0,3,37,255,10.97
2017-09-12 09:00:00,3,20170912093,2017,9,12,9,1,0,3,37,255,14.13
2017-09-12 10:00:00,3,20170912103,2017,9,12,10,1,0,3,37,255,19.73
2017-09-12 11:00:00,3,20170912113,2017,9,12,11,1,0,3,37,255,23.82
2017-09-12 12:00:00,3,20170912123,2017,9,12,12,1,0,3,37,255,25.04
2017-09-12 13:00:00,3,20170912133,2017,9,12,13,1,0,3,37,255,30.2
2017-09-12 14:00:00,3,20170912143,2017,9,12,14,1,0,3,37,255,28.16
2017-09-12 15:00:00,3,20170912153,2017,9,12,15,1,0,3,37,255,27.01
2017-09-12 16:00:00,3,20170912163,2017,9,12,16,1,0,3,37,255,25.48
2017-09-12 17:00:00,3,20170912173,2017,9,12,17,1,0,3,37,255,22.33
2017-09-12 18:00:00,3,20170912183,2017,9,12,18,1,0,3,37,255,22.75
2017-09-12 19:00:00,3,20170912193,2017,9,12,19,1,0,3,37,255,28.33
2017-09-12 20:00:00,3,20170912203,2017,9,12,20,1,0,3,37,255,26.46
2017-09-12 21:00:00,3,20170912213,2017,9,12,21,1,0,3,37,255,26.87
2017-09-12 22:00:00,3,20170912223,2017,9,12,22,1,0,3,37,255,25.58
2017-09-12 23:00:00,3,20170912233,2017,9,12,23,1,0,3,37,255,22.97
2017-09-13 00:00:00,3,20170913003,2017,9,13,0,2,0,3,37,256,17.09
2017-09-13 01:00:00,3,20170913013,2017,9,13,1,2,0,3,37,256,10.28
2017-09-13 02:00:00,3,20170913023,2017,9,13,2,2,0,3,37,256,7.98
2017-09-13 03:00:00,3,20170913033,2017,9,13,3,2,0,3,37,256,7.54
2017-09-13 04:00:00,3,20170913043,2017,9,13,4,2,0,3,37,256,5.15
2017-09-13 05:00:00,3,20170913053,2017,9,13,5,2,0,3,37,256,5.29
2017-09-13 06:00:00,3,20170913063,2017,9,13,6,2,0,3,37,256,6.03
2017-09-13 07:00:00,3,20170913073,2017,9,13,7,2,0,3,37,256,8.41
2017-09-13 08:00:00,3,20170913083,2017,9,13,8,2,0,3,37,256,10.56
2017-09-13 09:00:00,3,20170913093,2017,9,13,9,2,0,3,37,256,12.94
2017-09-13 10:00:00,3,20170913103,2017,9,13,10,2,0,3,37,256,20.32
2017-09-13 11:00:00,3,20170913113,2017,9,13,11,2,0,3,37,256,23.34
2017-09-13 12:00:00,3,20170913123,2017,9,13,12,2,0,3,37,256,23.95
2017-09-13 13:00:00,3,20170913133,2017,9,13,13,2,0,3,37,256,29.64
2017-09-13 14:00:00,3,20170913143,2017,9,13,14,2,0,3,37,256,26.39
2017-09-13 15:00:00,3,20170913153,2017,9,13,15,2,0,3,37,256,25.75
2017-09-13 16:00:00,3,20170913163,2017,9,13,16,2,0,3,37,256,24.27
2017-09-13 17:00:00,3,20170913173,2017,9,13,17,2,0,3,37,256,21.94
2017-09-13 18:00:00,3,20170913183,2017,9,13,18,2,0,3,37,256,22.16
2017-09-13 19:00:00,3,20170913193,2017,9,13,19,2,0,3,37,256,27.0
2017-09-13 20:00:00,3,20170913203,2017,9,13,20,2,0,3,37,256,24.46
2017-09-13 21:00:00,3,20170913213,2017,9,13,21,2,0,3,37,256,24.99
2017-09-13 22:00:00,3,20170913223,2017,9,13,22,2,0,3,37,256,23.89
2017-09-13 23:00:00,3,20170913233,2017,9,13,23,2,0,3,37,256,21.59
2017-09-14 00:00:00,3,20170914003,2017,9,14,0,3,0,3,37,257,16.33
2017-09-14 01:00:00,3,20170914013,2017,9,14,1,3,0,3,37,257,10.02
2017-09-14 02:00:00,3,20170914023,2017,9,14,2,3,0,3,37,257,8.08
2017-09-14 03:00:00,3,20170914033,2017,9,14,3,3,0,3,37,257,6.29
2017-09-14 04:00:00,3,20170914043,2017,9,14,4,3,0,3,37,257,4.08
2017-09-14 05:00:00,3,20170914053,2017,9,14,5,3,0,3,37,257,4.16
2017-09-14 06:00:00,3,20170914063,2017,9,14,6,3,0,3,37,257,4.97
2017-09-14 07:00:00,3,20170914073,2017,9,14,7,3,0,3,37,257,7.99
2017-09-14 08:00:00,3,20170914083,2017,9,14,8,3,0,3,37,257,9.72
2017-09-14 09:00:00,3,20170914093,2017,9,14,9,3,0,3,37,257,10.89
2017-09-14 10:00:00,3,20170914103,2017,9,14,10,3,0,3,37,257,15.01
2017-09-14 11:00:00,3,20170914113,2017,9,14,11,3,0,3,37,257,15.45
2017-09-14 12:00:00,3,20170914123,2017,9,14,12,3,0,3,37,257,18.3
2017-09-14 13:00:00,3,20170914133,2017,9,14,13,3,0,3,37,257,16.29
2017-09-14 14:00:00,3,20170914143,2017,9,14,14,3,0,3,37,257,15.63
2017-09-14 15:00:00,3,20170914153,2017,9,14,15,3,0,3,37,257,17.34
2017-09-14 16:00:00,3,20170914163,2017,9,14,16,3,0,3,37,257,16.78
2017-09-14 17:00:00,3,20170914173,2017,9,14,17,3,0,3,37,257,16.61
2017-09-14 18:00:00,3,20170914183,2017,9,14,18,3,0,3,37,257,15.44
2017-09-14 19:00:00,3,20170914193,2017,9,14,19,3,0,3,37,257,14.52
2017-09-14 20:00:00,3,20170914203,2017,9,14,20,3,0,3,37,257,15.11
2017-09-14 21:00:00,3,20170914213,2017,9,14,21,3,0,3,37,257,13.57
2017-09-14 22:00:00,3,20170914223,2017,9,14,22,3,0,3,37,257,14.73
2017-09-14 23:00:00,3,20170914233,2017,9,14,23,3,0,3,37,257,14.22
2017-09-15 00:00:00,3,20170915003,2017,9,15,0,4,0,3,37,258,13.05
2017-09-15 01:00:00,3,20170915013,2017,9,15,1,4,0,3,37,258,10.3
2017-09-15 02:00:00,3,20170915023,2017,9,15,2,4,0,3,37,258,6.06
2017-09-15 03:00:00,3,20170915033,2017,9,15,3,4,0,3,37,258,6.37
2017-09-15 04:00:00,3,20170915043,2017,9,15,4,4,0,3,37,258,4.47
2017-09-15 05:00:00,3,20170915053,2017,9,15,5,4,0,3,37,258,5.37
2017-09-15 06:00:00,3,20170915063,2017,9,15,6,4,0,3,37,258,4.39
2017-09-15 07:00:00,3,20170915073,2017,9,15,7,4,0,3,37,258,7.66
2017-09-15 08:00:00,3,20170915083,2017,9,15,8,4,0,3,37,258,8.42
2017-09-15 09:00:00,3,20170915093,2017,9,15,9,4,0,3,37,258,8.15
2017-09-15 10:00:00,3,20170915103,2017,9,15,10,4,0,3,37,258,13.46
2017-09-15 11:00:00,3,20170915113,2017,9,15,11,4,0,3,37,258,14.99
2017-09-15 12:00:00,3,20170915123,2017,9,15,12,4,0,3,37,258,16.45
2017-09-15 13:00:00,3,20170915133,2017,9,15,13,4,0,3,37,258,15.04
2017-09-15 14:00:00,3,20170915143,2017,9,15,14,4,0,3,37,258,13.97
2017-09-15 15:00:00,3,20170915153,2017,9,15,15,4,0,3,37,258,16.25
2017-09-15 16:00:00,3,20170915163,2017,9,15,16,4,0,3,37,258,16.87
2017-09-15 17:00:00,3,20170915173,2017,9,15,17,4,0,3,37,258,16.44
2017-09-15 18:00:00,3,20170915183,2017,9,15,18,4,0,3,37,258,14.4
2017-09-15 19:00:00,3,20170915193,2017,9,15,19,4,0,3,37,258,14.61
2017-09-15 20:00:00,3,20170915203,2017,9,15,20,4,0,3,37,258,14.49
2017-09-15 21:00:00,3,20170915213,2017,9,15,21,4,0,3,37,258,13.54
2017-09-15 22:00:00,3,20170915223,2017,9,15,22,4,0,3,37,258,13.64
2017-09-15 23:00:00,3,20170915233,2017,9,15,23,4,0,3,37,258,13.54
2017-09-16 00:00:00,3,20170916003,2017,9,16,0,5,1,3,37,259,13.99
2017-09-16 01:00:00,3,20170916013,2017,9,16,1,5,1,3,37,259,8.75
2017-09-16 02:00:00,3,20170916023,2017,9,16,2,5,1,3,37,259,7.5
2017-09-16 03:00:00,3,20170916033,2017,9,16,3,5,1,3,37,259,6.52
2017-09-16 04:00:00,3,20170916043,2017,9,16,4,5,1,3,37,259,4.97
2017-09-16 05:00:00,3,20170916053,2017,9,16,5,5,1,3,37,259,6.16
2017-09-16 06:00:00,3,20170916063,2017,9,16,6,5,1,3,37,259,4.42
2017-09-16 07:00:00,3,20170916073,2017,9,16,7,5,1,3,37,259,7.91
2017-09-16 08:00:00,3,20170916083,2017,9,16,8,5,1,3,37,259,9.43
2017-09-16 09:00:00,3,20170916093,2017,9,16,9,5,1,3,37,259,9.24
2017-09-16 10:00:00,3,20170916103,2017,9,16,10,5,1,3,37,259,11.93
2017-09-16 11:00:00,3,20170916113,2017,9,16,11,5,1,3,37,259,15.31
2017-09-16 12:00:00,3,20170916123,2017,9,16,12,5,1,3,37,259,15.41
2017-09-16 13:00:00,3,20170916133,2017,9,16,13,5,1,3,37,259,13.98
2017-09-16 14:00:00,3,20170916143,2017,9,16,14,5,1,3,37,259,13.47
2017-09-16 15:00:00,3,20170916153,2017,9,16,15,5,1,3,37,259,14.82
2017-09-16 16:00:00,3,20170916163,2017,9,16,16,5,1,3,37,259,16.85
2017-09-16 17:00:00,3,20170916173,2017,9,16,17,5,1,3,37,259,16.02
2017-09-16 18:00:00,3,20170916183,2017,9,16,18,5,1,3,37,259,15.86
2017-09-16 19:00:00,3,20170916193,2017,9,16,19,5,1,3,37,259,19.62
2017-09-16 20:00:00,3,20170916203,2017,9,16,20,5,1,3,37,259,20.81
2017-09-16 21:00:00,3,20170916213,2017,9,16,21,5,1,3,37,259,19.44
2017-09-16 22:00:00,3,20170916223,2017,9,16,22,5,1,3,37,259,16.09
2017-09-16 23:00:00,3,20170916233,2017,9,16,23,5,1,3,37,259,16.27
2017-09-17 00:00:00,3,20170917003,2017,9,17,0,6,1,3,37,260,13.14
2017-09-17 01:00:00,3,20170917013,2017,9,17,1,6,1,3,37,260,8.0
2017-09-17 02:00:00,3,20170917023,2017,9,17,2,6,1,3,37,260,8.01
2017-09-17 03:00:00,3,20170917033,2017,9,17,3,6,1,3,37,260,6.62
2017-09-17 04:00:00,3,20170917043,2017,9,17,4,6,1,3,37,260,5.2
2017-09-17 05:00:00,3,20170917053,2017,9,17,5,6,1,3,37,260,6.16
2017-09-17 06:00:00,3,20170917063,2017,9,17,6,6,1,3,37,260,4.96
2017-09-17 07:00:00,3,20170917073,2017,9,17,7,6,1,3,37,260,7.03
2017-09-17 08:00:00,3,20170917083,2017,9,17,8,6,1,3,37,260,8.94
2017-09-17 09:00:00,3,20170917093,2017,9,17,9,6,1,3,37,260,8.92
2017-09-17 10:00:00,3,20170917103,2017,9,17,10,6,1,3,37,260,11.17
2017-09-17 11:00:00,3,20170917113,2017,9,17,11,6,1,3,37,260,14.48
2017-09-17 12:00:00,3,20170917123,2017,9,17,12,6,1,3,37,260,14.73
2017-09-17 13:00:00,3,20170917133,2017,9,17,13,6,1,3,37,260,14.02
2017-09-17 14:00:00,3,20170917143,2017,9,17,14,6,1,3,37,260,15.68
2017-09-17 15:00:00,3,20170917153,2017,9,17,15,6,1,3,37,260,15.22
2017-09-17 16:00:00,3,20170917163,2017,9,17,16,6,1,3,37,260,16.79
2017-09-17 17:00:00,3,20170917173,2017,9,17,17,6,1,3,37,260,15.8
2017-09-17 18:00:00,3,20170917183,2017,9,17,18,6,1,3,37,260,14.45
2017-09-17 19:00:00,3,20170917193,2017,9,17,19,6,1,3,37,260,16.7
2017-09-17 20:00:00,3,20170917203,2017,9,17,20,6,1,3,37,260,16.94
2017-09-17 21:00:00,3,20170917213,2017,9,17,21,6,1,3,37,260,15.79
2017-09-17 22:00:00,3,20170917223,2017,9,17,22,6,1,3,37,260,13.62
2017-09-17 23:00:00,3,20170917233,2017,9,17,23,6,1,3,37,260,15.19
2017-09-18 00:00:00,3,20170918003,2017,9,18,0,0,0,3,38,261,12.66
2017-09-18 01:00:00,3,20170918013,2017,9,18,1,0,0,3,38,261,10.47
2017-09-18 02:00:00,3,20170918023,2017,9,18,2,0,0,3,38,261,7.74
2017-09-18 03:00:00,3,20170918033,2017,9,18,3,0,0,3,38,261,7.31
2017-09-18 04:00:00,3,20170918043,2017,9,18,4,0,0,3,38,261,5.84
2017-09-18 05:00:00,3,20170918053,2017,9,18,5,0,0,3,38,261,6.15
2017-09-18 06:00:00,3,20170918063,2017,9,18,6,0,0,3,38,261,6.62
2017-09-18 07:00:00,3,20170918073,2017,9,18,7,0,0,3,38,261,8.04
2017-09-18 08:00:00,3,20170918083,2017,9,18,8,0,0,3,38,261,7.39
2017-09-18 09:00:00,3,20170918093,2017,9,18,9,0,0,3,38,261,9.71
2017-09-18 10:00:00,3,20170918103,2017,9,18,10,0,0,3,38,261,16.79
2017-09-18 11:00:00,3,20170918113,2017,9,18,11,0,0,3,38,261,16.58
2017-09-18 12:00:00,3,20170918123,2017,9,18,12,0,0,3,38,261,16.82
2017-09-18 13:00:00,3,20170918133,2017,9,18,13,0,0,3,38,261,18.52
2017-09-18 14:00:00,3,20170918143,2017,9,18,14,0,0,3,38,261,17.51
2017-09-18 15:00:00,3,20170918153,2017,9,18,15,0,0,3,38,261,18.93
2017-09-18 16:00:00,3,20170918163,2017,9,18,16,0,0,3,38,261,17.83
2017-09-18 17:00:00,3,20170918173,2017,9,18,17,0,0,3,38,261,17.54
2017-09-18 18:00:00,3,20170918183,2017,9,18,18,0,0,3,38,261,15.65
2017-09-18 19:00:00,3,20170918193,2017,9,18,19,0,0,3,38,261,15.34
2017-09-18 20:00:00,3,20170918203,2017,9,18,20,0,0,3,38,261,17.57
2017-09-18 21:00:00,3,20170918213,2017,9,18,21,0,0,3,38,261,17.14
2017-09-18 22:00:00,3,20170918223,2017,9,18,22,0,0,3,38,261,16.35
2017-09-18 23:00:00,3,20170918233,2017,9,18,23,0,0,3,38,261,15.4
2017-09-19 00:00:00,3,20170919003,2017,9,19,0,1,0,3,38,262,13.15
2017-09-19 01:00:00,3,20170919013,2017,9,19,1,1,0,3,38,262,10.21
2017-09-19 02:00:00,3,20170919023,2017,9,19,2,1,0,3,38,262,7.92
2017-09-19 03:00:00,3,20170919033,2017,9,19,3,1,0,3,38,262,7.39
2017-09-19 04:00:00,3,20170919043,2017,9,19,4,1,0,3,38,262,6.61
2017-09-19 05:00:00,3,20170919053,2017,9,19,5,1,0,3,38,262,6.25
2017-09-19 06:00:00,3,20170919063,2017,9,19,6,1,0,3,38,262,7.36
2017-09-19 07:00:00,3,20170919073,2017,9,19,7,1,0,3,38,262,7.16
2017-09-19 08:00:00,3,20170919083,2017,9,19,8,1,0,3,38,262,7.9
2017-09-19 09:00:00,3,20170919093,2017,9,19,9,1,0,3,38,262,9.71
2017-09-19 10:00:00,3,20170919103,2017,9,19,10,1,0,3,38,262,16.97
2017-09-19 11:00:00,3,20170919113,2017,9,19,11,1,0,3,38,262,16.7
2017-09-19 12:00:00,3,20170919123,2017,9,19,12,1,0,3,38,262,18.48
2017-09-19 13:00:00,3,20170919133,2017,9,19,13,1,0,3,38,262,17.38
2017-09-19 14:00:00,3,20170919143,2017,9,19,14,1,0,3,38,262,17.52
2017-09-19 15:00:00,3,20170919153,2017,9,19,15,1,0,3,38,262,18.39
2017-09-19 16:00:00,3,20170919163,2017,9,19,16,1,0,3,38,262,16.81
2017-09-19 17:00:00,3,20170919173,2017,9,19,17,1,0,3,38,262,15.96
2017-09-19 18:00:00,3,20170919183,2017,9,19,18,1,0,3,38,262,15.19
2017-09-19 19:00:00,3,20170919193,2017,9,19,19,1,0,3,38,262,15.14
2017-09-19 20:00:00,3,20170919203,2017,9,19,20,1,0,3,38,262,17.95
2017-09-19 21:00:00,3,20170919213,2017,9,19,21,1,0,3,38,262,17.31
2017-09-19 22:00:00,3,20170919223,2017,9,19,22,1,0,3,38,262,16.63
2017-09-19 23:00:00,3,20170919233,2017,9,19,23,1,0,3,38,262,14.93
2017-09-20 00:00:00,3,20170920003,2017,9,20,0,2,0,3,38,263,12.87
2017-09-20 01:00:00,3,20170920013,2017,9,20,1,2,0,3,38,263,9.51
2017-09-20 02:00:00,3,20170920023,2017,9,20,2,2,0,3,38,263,8.57
2017-09-20 03:00:00,3,20170920033,2017,9,20,3,2,0,3,38,263,7.45
2017-09-20 04:00:00,3,20170920043,2017,9,20,4,2,0,3,38,263,6.87
2017-09-20 05:00:00,3,20170920053,2017,9,20,5,2,0,3,38,263,6.3
2017-09-20 06:00:00,3,20170920063,2017,9,20,6,2,0,3,38,263,7.43
2017-09-20 07:00:00,3,20170920073,2017,9,20,7,2,0,3,38,263,6.95
2017-09-20 08:00:00,3,20170920083,2017,9,20,8,2,0,3,38,263,8.32
2017-09-20 09:00:00,3,20170920093,2017,9,20,9,2,0,3,38,263,10.62
2017-09-20 10:00:00,3,20170920103,2017,9,20,10,2,0,3,38,263,15.81
2017-09-20 11:00:00,3,20170920113,2017,9,20,11,2,0,3,38,263,16.65
2017-09-20 12:00:00,3,20170920123,2017,9,20,12,2,0,3,38,263,19.54
2017-09-20 13:00:00,3,20170920133,2017,9,20,13,2,0,3,38,263,18.0
2017-09-20 14:00:00,3,20170920143,2017,9,20,14,2,0,3,38,263,17.94
2017-09-20 15:00:00,3,20170920153,2017,9,20,15,2,0,3,38,263,19.34
2017-09-20 16:00:00,3,20170920163,2017,9,20,16,2,0,3,38,263,17.65
2017-09-20 17:00:00,3,20170920173,2017,9,20,17,2,0,3,38,263,16.17
2017-09-20 18:00:00,3,20170920183,2017,9,20,18,2,0,3,38,263,16.57
2017-09-20 19:00:00,3,20170920193,2017,9,20,19,2,0,3,38,263,16.59
2017-09-20 20:00:00,3,20170920203,2017,9,20,20,2,0,3,38,263,18.58
2017-09-20 21:00:00,3,20170920213,2017,9,20,21,2,0,3,38,263,17.87
2017-09-20 22:00:00,3,20170920223,2017,9,20,22,2,0,3,38,263,17.81
2017-09-20 23:00:00,3,20170920233,2017,9,20,23,2,0,3,38,263,15.62
2017-09-21 00:00:00,3,20170921003,2017,9,21,0,3,0,3,38,264,13.89
2017-09-21 01:00:00,3,20170921013,2017,9,21,1,3,0,3,38,264,9.38
2017-09-21 02:00:00,3,20170921023,2017,9,21,2,3,0,3,38,264,10.18
2017-09-21 03:00:00,3,20170921033,2017,9,21,3,3,0,3,38,264,7.37
2017-09-21 04:00:00,3,20170921043,2017,9,21,4,3,0,3,38,264,7.21
2017-09-21 05:00:00,3,20170921053,2017,9,21,5,3,0,3,38,264,6.49
2017-09-21 06:00:00,3,20170921063,2017,9,21,6,3,0,3,38,264,6.89
2017-09-21 07:00:00,3,20170921073,2017,9,21,7,3,0,3,38,264,7.38
2017-09-21 08:00:00,3,20170921083,2017,9,21,8,3,0,3,38,264,10.53
2017-09-21 09:00:00,3,20170921093,2017,9,21,9,3,0,3,38,264,12.48
2017-09-21 10:00:00,3,20170921103,2017,9,21,10,3,0,3,38,264,14.7
2017-09-21 11:00:00,3,20170921113,2017,9,21,11,3,0,3,38,264,16.65
2017-09-21 12:00:00,3,20170921123,2017,9,21,12,3,0,3,38,264,18.02
2017-09-21 13:00:00,3,20170921133,2017,9,21,13,3,0,3,38,264,17.42
2017-09-21 14:00:00,3,20170921143,2017,9,21,14,3,0,3,38,264,17.66
2017-09-21 15:00:00,3,20170921153,2017,9,21,15,3,0,3,38,264,19.49
2017-09-21 16:00:00,3,20170921163,2017,9,21,16,3,0,3,38,264,18.79
2017-09-21 17:00:00,3,20170921173,2017,9,21,17,3,0,3,38,264,17.69
2017-09-21 18:00:00,3,20170921183,2017,9,21,18,3,0,3,38,264,18.64
2017-09-21 19:00:00,3,20170921193,2017,9,21,19,3,0,3,38,264,17.3
2017-09-21 20:00:00,3,20170921203,2017,9,21,20,3,0,3,38,264,17.57
2017-09-21 21:00:00,3,20170921213,2017,9,21,21,3,0,3,38,264,16.83
2017-09-21 22:00:00,3,20170921223,2017,9,21,22,3,0,3,38,264,18.13
2017-09-21 23:00:00,3,20170921233,2017,9,21,23,3,0,3,38,264,16.89
2017-09-22 00:00:00,3,20170922003,2017,9,22,0,4,0,3,38,265,15.95
2017-09-22 01:00:00,3,20170922013,2017,9,22,1,4,0,3,38,265,10.38
2017-09-22 02:00:00,3,20170922023,2017,9,22,2,4,0,3,38,265,9.85
2017-09-22 03:00:00,3,20170922033,2017,9,22,3,4,0,3,38,265,6.94
2017-09-22 04:00:00,3,20170922043,2017,9,22,4,4,0,3,38,265,6.92
2017-09-22 05:00:00,3,20170922053,2017,9,22,5,4,0,3,38,265,6.78
2017-09-22 06:00:00,3,20170922063,2017,9,22,6,4,0,3,38,265,6.78
2017-09-22 07:00:00,3,20170922073,2017,9,22,7,4,0,3,38,265,7.97
2017-09-22 08:00:00,3,20170922083,2017,9,22,8,4,0,3,38,265,10.08
2017-09-22 09:00:00,3,20170922093,2017,9,22,9,4,0,3,38,265,11.18
2017-09-22 10:00:00,3,20170922103,2017,9,22,10,4,0,3,38,265,15.21
2017-09-22 11:00:00,3,20170922113,2017,9,22,11,4,0,3,38,265,17.56
2017-09-22 12:00:00,3,20170922123,2017,9,22,12,4,0,3,38,265,17.75
2017-09-22 13:00:00,3,20170922133,2017,9,22,13,4,0,3,38,265,18.0
2017-09-22 14:00:00,3,20170922143,2017,9,22,14,4,0,3,38,265,18.04
2017-09-22 15:00:00,3,20170922153,2017,9,22,15,4,0,3,38,265,19.64
2017-09-22 16:00:00,3,20170922163,2017,9,22,16,4,0,3,38,265,19.84
2017-09-22 17:00:00,3,20170922173,2017,9,22,17,4,0,3,38,265,19.16
2017-09-22 18:00:00,3,20170922183,2017,9,22,18,4,0,3,38,265,20.86
2017-09-22 19:00:00,3,20170922193,2017,9,22,19,4,0,3,38,265,21.64
2017-09-22 20:00:00,3,20170922203,2017,9,22,20,4,0,3,38,265,20.05
2017-09-22 21:00:00,3,20170922213,2017,9,22,21,4,0,3,38,265,18.28
2017-09-22 22:00:00,3,20170922223,2017,9,22,22,4,0,3,38,265,19.98
2017-09-22 23:00:00,3,20170922233,2017,9,22,23,4,0,3,38,265,19.96
2017-09-23 00:00:00,3,20170923003,2017,9,23,0,5,1,3,38,266,22.67
2017-09-23 01:00:00,3,20170923013,2017,9,23,1,5,1,3,38,266,12.92
2017-09-23 02:00:00,3,20170923023,2017,9,23,2,5,1,3,38,266,10.65
2017-09-23 03:00:00,3,20170923033,2017,9,23,3,5,1,3,38,266,8.15
2017-09-23 04:00:00,3,20170923043,2017,9,23,4,5,1,3,38,266,7.64
2017-09-23 05:00:00,3,20170923053,2017,9,23,5,5,1,3,38,266,7.49
2017-09-23 06:00:00,3,20170923063,2017,9,23,6,5,1,3,38,266,7.95
2017-09-23 07:00:00,3,20170923073,2017,9,23,7,5,1,3,38,266,9.38
2017-09-23 08:00:00,3,20170923083,2017,9,23,8,5,1,3,38,266,10.38
2017-09-23 09:00:00,3,20170923093,2017,9,23,9,5,1,3,38,266,12.4
2017-09-23 10:00:00,3,20170923103,2017,9,23,10,5,1,3,38,266,21.39
2017-09-23 11:00:00,3,20170923113,2017,9,23,11,5,1,3,38,266,20.8
2017-09-23 12:00:00,3,20170923123,2017,9,23,12,5,1,3,38,266,22.16
2017-09-23 13:00:00,3,20170923133,2017,9,23,13,5,1,3,38,266,23.5
2017-09-23 14:00:00,3,20170923143,2017,9,23,14,5,1,3,38,266,22.46
2017-09-23 15:00:00,3,20170923153,2017,9,23,15,5,1,3,38,266,23.36
2017-09-23 16:00:00,3,20170923163,2017,9,23,16,5,1,3,38,266,22.59
2017-09-23 17:00:00,3,20170923173,2017,9,23,17,5,1,3,38,266,24.37
2017-09-23 18:00:00,3,20170923183,2017,9,23,18,5,1,3,38,266,46.16
2017-09-23 19:00:00,3,20170923193,2017,9,23,19,5,1,3,38,266,44.14
2017-09-23 20:00:00,3,20170923203,2017,9,23,20,5,1,3,38,266,46.34
2017-09-23 21:00:00,3,20170923213,2017,9,23,21,5,1,3,38,266,46.51
2017-09-23 22:00:00,3,20170923223,2017,9,23,22,5,1,3,38,266,38.36
2017-09-23 23:00:00,3,20170923233,2017,9,23,23,5,1,3,38,266,35.97
2017-09-24 00:00:00,3,20170924003,2017,9,24,0,6,1,3,38,267,32.04
2017-09-24 01:00:00,3,20170924013,2017,9,24,1,6,1,3,38,267,21.26
2017-09-24 02:00:00,3,20170924023,2017,9,24,2,6,1,3,38,267,14.9
2017-09-24 03:00:00,3,20170924033,2017,9,24,3,6,1,3,38,267,12.17
2017-09-24 04:00:00,3,20170924043,2017,9,24,4,6,1,3,38,267,10.7
2017-09-24 05:00:00,3,20170924053,2017,9,24,5,6,1,3,38,267,10.11
2017-09-24 06:00:00,3,20170924063,2017,9,24,6,6,1,3,38,267,9.88
2017-09-24 07:00:00,3,20170924073,2017,9,24,7,6,1,3,38,267,12.16
2017-09-24 08:00:00,3,20170924083,2017,9,24,8,6,1,3,38,267,13.13
2017-09-24 09:00:00,3,20170924093,2017,9,24,9,6,1,3,38,267,18.03
2017-09-24 10:00:00,3,20170924103,2017,9,24,10,6,1,3,38,267,23.85
2017-09-24 11:00:00,3,20170924113,2017,9,24,11,6,1,3,38,267,23.35
2017-09-24 12:00:00,3,20170924123,2017,9,24,12,6,1,3,38,267,24.86
2017-09-24 13:00:00,3,20170924133,2017,9,24,13,6,1,3,38,267,25.59
2017-09-24 14:00:00,3,20170924143,2017,9,24,14,6,1,3,38,267,24.62
2017-09-24 15:00:00,3,20170924153,2017,9,24,15,6,1,3,38,267,25.73
2017-09-24 16:00:00,3,20170924163,2017,9,24,16,6,1,3,38,267,23.99
2017-09-24 17:00:00,3,20170924173,2017,9,24,17,6,1,3,38,267,26.23
2017-09-24 18:00:00,3,20170924183,2017,9,24,18,6,1,3,38,267,50.91
2017-09-24 19:00:00,3,20170924193,2017,9,24,19,6,1,3,38,267,47.93
2017-09-24 20:00:00,3,20170924203,2017,9,24,20,6,1,3,38,267,53.28
2017-09-24 21:00:00,3,20170924213,2017,9,24,21,6,1,3,38,267,54.14
2017-09-24 22:00:00,3,20170924223,2017,9,24,22,6,1,3,38,267,42.59
2017-09-24 23:00:00,3,20170924233,2017,9,24,23,6,1,3,38,267,37.69
2017-09-25 00:00:00,3,20170925003,2017,9,25,0,0,0,3,39,268,30.37
2017-09-25 01:00:00,3,20170925013,2017,9,25,1,0,0,3,39,268,21.11
2017-09-25 02:00:00,3,20170925023,2017,9,25,2,0,0,3,39,268,16.6
2017-09-25 03:00:00,3,20170925033,2017,9,25,3,0,0,3,39,268,10.62
2017-09-25 04:00:00,3,20170925043,2017,9,25,4,0,0,3,39,268,9.77
2017-09-25 05:00:00,3,20170925053,2017,9,25,5,0,0,3,39,268,10.3
2017-09-25 06:00:00,3,20170925063,2017,9,25,6,0,0,3,39,268,9.25
2017-09-25 07:00:00,3,20170925073,2017,9,25,7,0,0,3,39,268,14.35
2017-09-25 08:00:00,3,20170925083,2017,9,25,8,0,0,3,39,268,15.22
2017-09-25 09:00:00,3,20170925093,2017,9,25,9,0,0,3,39,268,20.2
2017-09-25 10:00:00,3,20170925103,2017,9,25,10,0,0,3,39,268,27.21
2017-09-25 11:00:00,3,20170925113,2017,9,25,11,0,0,3,39,268,29.17
2017-09-25 12:00:00,3,20170925123,2017,9,25,12,0,0,3,39,268,30.54
2017-09-25 13:00:00,3,20170925133,2017,9,25,13,0,0,3,39,268,30.0
2017-09-25 14:00:00,3,20170925143,2017,9,25,14,0,0,3,39,268,29.41
2017-09-25 15:00:00,3,20170925153,2017,9,25,15,0,0,3,39,268,28.65
2017-09-25 16:00:00,3,20170925163,2017,9,25,16,0,0,3,39,268,25.86
2017-09-25 17:00:00,3,20170925173,2017,9,25,17,0,0,3,39,268,26.97
2017-09-25 18:00:00,3,20170925183,2017,9,25,18,0,0,3,39,268,29.29
2017-09-25 19:00:00,3,20170925193,2017,9,25,19,0,0,3,39,268,28.12
2017-09-25 20:00:00,3,20170925203,2017,9,25,20,0,0,3,39,268,28.88
2017-09-25 21:00:00,3,20170925213,2017,9,25,21,0,0,3,39,268,27.5
2017-09-25 22:00:00,3,20170925223,2017,9,25,22,0,0,3,39,268,27.16
2017-09-25 23:00:00,3,20170925233,2017,9,25,23,0,0,3,39,268,25.42
2017-09-26 00:00:00,3,20170926003,2017,9,26,0,1,0,3,39,269,26.51
2017-09-26 01:00:00,3,20170926013,2017,9,26,1,1,0,3,39,269,19.8
2017-09-26 02:00:00,3,20170926023,2017,9,26,2,1,0,3,39,269,16.64
2017-09-26 03:00:00,3,20170926033,2017,9,26,3,1,0,3,39,269,10.3
2017-09-26 04:00:00,3,20170926043,2017,9,26,4,1,0,3,39,269,10.07
2017-09-26 05:00:00,3,20170926053,2017,9,26,5,1,0,3,39,269,10.03
2017-09-26 06:00:00,3,20170926063,2017,9,26,6,1,0,3,39,269,8.64
2017-09-26 07:00:00,3,20170926073,2017,9,26,7,1,0,3,39,269,13.31
2017-09-26 08:00:00,3,20170926083,2017,9,26,8,1,0,3,39,269,13.89
2017-09-26 09:00:00,3,20170926093,2017,9,26,9,1,0,3,39,269,20.09
2017-09-26 10:00:00,3,20170926103,2017,9,26,10,1,0,3,39,269,25.43
2017-09-26 11:00:00,3,20170926113,2017,9,26,11,1,0,3,39,269,27.95
2017-09-26 12:00:00,3,20170926123,2017,9,26,12,1,0,3,39,269,29.5
2017-09-26 13:00:00,3,20170926133,2017,9,26,13,1,0,3,39,269,28.23
2017-09-26 14:00:00,3,20170926143,2017,9,26,14,1,0,3,39,269,27.22
2017-09-26 15:00:00,3,20170926153,2017,9,26,15,1,0,3,39,269,27.13
2017-09-26 16:00:00,3,20170926163,2017,9,26,16,1,0,3,39,269,25.95
2017-09-26 17:00:00,3,20170926173,2017,9,26,17,1,0,3,39,269,27.61
2017-09-26 18:00:00,3,20170926183,2017,9,26,18,1,0,3,39,269,28.46
2017-09-26 19:00:00,3,20170926193,2017,9,26,19,1,0,3,39,269,27.35
2017-09-26 20:00:00,3,20170926203,2017,9,26,20,1,0,3,39,269,29.01
2017-09-26 21:00:00,3,20170926213,2017,9,26,21,1,0,3,39,269,27.77
2017-09-26 22:00:00,3,20170926223,2017,9,26,22,1,0,3,39,269,28.15
2017-09-26 23:00:00,3,20170926233,2017,9,26,23,1,0,3,39,269,25.36
2017-09-27 00:00:00,3,20170927003,2017,9,27,0,2,0,3,39,270,24.86
2017-09-27 01:00:00,3,20170927013,2017,9,27,1,2,0,3,39,270,19.1
2017-09-27 02:00:00,3,20170927023,2017,9,27,2,2,0,3,39,270,15.55
2017-09-27 03:00:00,3,20170927033,2017,9,27,3,2,0,3,39,270,10.63
2017-09-27 04:00:00,3,20170927043,2017,9,27,4,2,0,3,39,270,9.34
2017-09-27 05:00:00,3,20170927053,2017,9,27,5,2,0,3,39,270,8.75
2017-09-27 06:00:00,3,20170927063,2017,9,27,6,2,0,3,39,270,8.73
2017-09-27 07:00:00,3,20170927073,2017,9,27,7,2,0,3,39,270,12.67
2017-09-27 08:00:00,3,20170927083,2017,9,27,8,2,0,3,39,270,13.19
2017-09-27 09:00:00,3,20170927093,2017,9,27,9,2,0,3,39,270,18.74
2017-09-27 10:00:00,3,20170927103,2017,9,27,10,2,0,3,39,270,23.35
2017-09-27 11:00:00,3,20170927113,2017,9,27,11,2,0,3,39,270,25.03
2017-09-27 12:00:00,3,20170927123,2017,9,27,12,2,0,3,39,270,26.07
2017-09-27 13:00:00,3,20170927133,2017,9,27,13,2,0,3,39,270,25.32
2017-09-27 14:00:00,3,20170927143,2017,9,27,14,2,0,3,39,270,24.39
2017-09-27 15:00:00,3,20170927153,2017,9,27,15,2,0,3,39,270,24.68
2017-09-27 16:00:00,3,20170927163,2017,9,27,16,2,0,3,39,270,25.01
2017-09-27 17:00:00,3,20170927173,2017,9,27,17,2,0,3,39,270,27.32
2017-09-27 18:00:00,3,20170927183,2017,9,27,18,2,0,3,39,270,27.83
2017-09-27 19:00:00,3,20170927193,2017,9,27,19,2,0,3,39,270,26.64
2017-09-27 20:00:00,3,20170927203,2017,9,27,20,2,0,3,39,270,28.31
2017-09-27 21:00:00,3,20170927213,2017,9,27,21,2,0,3,39,270,26.87
2017-09-27 22:00:00,3,20170927223,2017,9,27,22,2,0,3,39,270,27.98
2017-09-27 23:00:00,3,20170927233,2017,9,27,23,2,0,3,39,270,24.51
2017-09-28 00:00:00,3,20170928003,2017,9,28,0,3,0,3,39,271,23.29
2017-09-28 01:00:00,3,20170928013,2017,9,28,1,3,0,3,39,271,18.16
2017-09-28 02:00:00,3,20170928023,2017,9,28,2,3,0,3,39,271,13.42
2017-09-28 03:00:00,3,20170928033,2017,9,28,3,3,0,3,39,271,10.76
2017-09-28 04:00:00,3,20170928043,2017,9,28,4,3,0,3,39,271,8.06
2017-09-28 05:00:00,3,20170928053,2017,9,28,5,3,0,3,39,271,7.59
2017-09-28 06:00:00,3,20170928063,2017,9,28,6,3,0,3,39,271,7.57
2017-09-28 07:00:00,3,20170928073,2017,9,28,7,3,0,3,39,271,9.89
2017-09-28 08:00:00,3,20170928083,2017,9,28,8,3,0,3,39,271,12.11
2017-09-28 09:00:00,3,20170928093,2017,9,28,9,3,0,3,39,271,16.33
2017-09-28 10:00:00,3,20170928103,2017,9,28,10,3,0,3,39,271,21.53
2017-09-28 11:00:00,3,20170928113,2017,9,28,11,3,0,3,39,271,22.1
2017-09-28 12:00:00,3,20170928123,2017,9,28,12,3,0,3,39,271,21.9
2017-09-28 13:00:00,3,20170928133,2017,9,28,13,3,0,3,39,271,21.62
2017-09-28 14:00:00,3,20170928143,2017,9,28,14,3,0,3,39,271,21.91
2017-09-28 15:00:00,3,20170928153,2017,9,28,15,3,0,3,39,271,21.62
2017-09-28 16:00:00,3,20170928163,2017,9,28,16,3,0,3,39,271,22.78
2017-09-28 17:00:00,3,20170928173,2017,9,28,17,3,0,3,39,271,25.04
2017-09-28 18:00:00,3,20170928183,2017,9,28,18,3,0,3,39,271,25.75
2017-09-28 19:00:00,3,20170928193,2017,9,28,19,3,0,3,39,271,25.24
2017-09-28 20:00:00,3,20170928203,2017,9,28,20,3,0,3,39,271,26.08
2017-09-28 21:00:00,3,20170928213,2017,9,28,21,3,0,3,39,271,24.62
2017-09-28 22:00:00,3,20170928223,2017,9,28,22,3,0,3,39,271,25.09
2017-09-28 23:00:00,3,20170928233,2017,9,28,23,3,0,3,39,271,23.08
2017-09-29 00:00:00,3,20170929003,2017,9,29,0,4,0,3,39,272,22.94
2017-09-29 01:00:00,3,20170929013,2017,9,29,1,4,0,3,39,272,17.64
2017-09-29 02:00:00,3,20170929023,2017,9,29,2,4,0,3,39,272,12.87
2017-09-29 03:00:00,3,20170929033,2017,9,29,3,4,0,3,39,272,10.95
2017-09-29 04:00:00,3,20170929043,2017,9,29,4,4,0,3,39,272,7.71
2017-09-29 05:00:00,3,20170929053,2017,9,29,5,4,0,3,39,272,7.81
2017-09-29 06:00:00,3,20170929063,2017,9,29,6,4,0,3,39,272,7.5
2017-09-29 07:00:00,3,20170929073,2017,9,29,7,4,0,3,39,272,8.76
2017-09-29 08:00:00,3,20170929083,2017,9,29,8,4,0,3,39,272,12.0
2017-09-29 09:00:00,3,20170929093,2017,9,29,9,4,0,3,39,272,15.53
2017-09-29 10:00:00,3,20170929103,2017,9,29,10,4,0,3,39,272,21.16
2017-09-29 11:00:00,3,20170929113,2017,9,29,11,4,0,3,39,272,21.99
2017-09-29 12:00:00,3,20170929123,2017,9,29,12,4,0,3,39,272,21.22
2017-09-29 13:00:00,3,20170929133,2017,9,29,13,4,0,3,39,272,20.94
2017-09-29 14:00:00,3,20170929143,2017,9,29,14,4,0,3,39,272,23.24
2017-09-29 15:00:00,3,20170929153,2017,9,29,15,4,0,3,39,272,22.2
2017-09-29 16:00:00,3,20170929163,2017,9,29,16,4,0,3,39,272,21.58
2017-09-29 17:00:00,3,20170929173,2017,9,29,17,4,0,3,39,272,22.09
2017-09-29 18:00:00,3,20170929183,2017,9,29,18,4,0,3,39,272,22.55
2017-09-29 19:00:00,3,20170929193,2017,9,29,19,4,0,3,39,272,23.66
2017-09-29 20:00:00,3,20170929203,2017,9,29,20,4,0,3,39,272,23.23
2017-09-29 21:00:00,3,20170929213,2017,9,29,21,4,0,3,39,272,23.02
2017-09-29 22:00:00,3,20170929223,2017,9,29,22,4,0,3,39,272,22.32
2017-09-29 23:00:00,3,20170929233,2017,9,29,23,4,0,3,39,272,21.71
2017-09-30 00:00:00,3,20170930003,2017,9,30,0,5,1,3,39,273,25.74
2017-09-30 01:00:00,3,20170930013,2017,9,30,1,5,1,3,39,273,18.45
2017-09-30 02:00:00,3,20170930023,2017,9,30,2,5,1,3,39,273,13.37
2017-09-30 03:00:00,3,20170930033,2017,9,30,3,5,1,3,39,273,11.74
2017-09-30 04:00:00,3,20170930043,2017,9,30,4,5,1,3,39,273,9.25
2017-09-30 05:00:00,3,20170930053,2017,9,30,5,5,1,3,39,273,9.31
2017-09-30 06:00:00,3,20170930063,2017,9,30,6,5,1,3,39,273,8.88
2017-09-30 07:00:00,3,20170930073,2017,9,30,7,5,1,3,39,273,9.33
2017-09-30 08:00:00,3,20170930083,2017,9,30,8,5,1,3,39,273,12.38
2017-09-30 09:00:00,3,20170930093,2017,9,30,9,5,1,3,39,273,17.34
2017-09-30 10:00:00,3,20170930103,2017,9,30,10,5,1,3,39,273,20.41
2017-09-30 11:00:00,3,20170930113,2017,9,30,11,5,1,3,39,273,22.64
2017-09-30 12:00:00,3,20170930123,2017,9,30,12,5,1,3,39,273,23.27
2017-09-30 13:00:00,3,20170930133,2017,9,30,13,5,1,3,39,273,22.39
2017-09-30 14:00:00,3,20170930143,2017,9,30,14,5,1,3,39,273,22.4
2017-09-30 15:00:00,3,20170930153,2017,9,30,15,5,1,3,39,273,23.41
2017-09-30 16:00:00,3,20170930163,2017,9,30,16,5,1,3,39,273,20.8
2017-09-30 17:00:00,3,20170930173,2017,9,30,17,5,1,3,39,273,21.13
2017-09-30 18:00:00,3,20170930183,2017,9,30,18,5,1,3,39,273,28.41
2017-09-30 19:00:00,3,20170930193,2017,9,30,19,5,1,3,39,273,33.82
2017-09-30 20:00:00,3,20170930203,2017,9,30,20,5,1,3,39,273,45.57
2017-09-30 21:00:00,3,20170930213,2017,9,30,21,5,1,3,39,273,46.33
2017-09-30 22:00:00,3,20170930223,2017,9,30,22,5,1,3,39,273,35.05
2017-09-30 23:00:00,3,20170930233,2017,9,30,23,5,1,3,39,273,28.82
2017-10-01 00:00:00,3,20171001003,2017,10,1,0,6,1,4,39,274,21.17
2017-10-01 01:00:00,3,20171001013,2017,10,1,1,6,1,4,39,274,14.34
2017-10-01 02:00:00,3,20171001023,2017,10,1,2,6,1,4,39,274,11.68
2017-10-01 03:00:00,3,20171001033,2017,10,1,3,6,1,4,39,274,11.33
2017-10-01 04:00:00,3,20171001043,2017,10,1,4,6,1,4,39,274,8.92
2017-10-01 05:00:00,3,20171001053,2017,10,1,5,6,1,4,39,274,8.35
2017-10-01 06:00:00,3,20171001063,2017,10,1,6,6,1,4,39,274,8.25
2017-10-01 07:00:00,3,20171001073,2017,10,1,7,6,1,4,39,274,8.24
2017-10-01 08:00:00,3,20171001083,2017,10,1,8,6,1,4,39,274,9.51
2017-10-01 09:00:00,3,20171001093,2017,10,1,9,6,1,4,39,274,13.61
2017-10-01 10:00:00,3,20171001103,2017,10,1,10,6,1,4,39,274,16.91
2017-10-01 11:00:00,3,20171001113,2017,10,1,11,6,1,4,39,274,18.48
2017-10-01 12:00:00,3,20171001123,2017,10,1,12,6,1,4,39,274,16.44
2017-10-01 13:00:00,3,20171001133,2017,10,1,13,6,1,4,39,274,17.75
2017-10-01 14:00:00,3,20171001143,2017,10,1,14,6,1,4,39,274,18.61
2017-10-01 15:00:00,3,20171001153,2017,10,1,15,6,1,4,39,274,18.02
2017-10-01 16:00:00,3,20171001163,2017,10,1,16,6,1,4,39,274,17.97
2017-10-01 17:00:00,3,20171001173,2017,10,1,17,6,1,4,39,274,19.25
2017-10-01 18:00:00,3,20171001183,2017,10,1,18,6,1,4,39,274,22.33
2017-10-01 19:00:00,3,20171001193,2017,10,1,19,6,1,4,39,274,21.01
2017-10-01 20:00:00,3,20171001203,2017,10,1,20,6,1,4,39,274,20.18
2017-10-01 21:00:00,3,20171001213,2017,10,1,21,6,1,4,39,274,23.62
2017-10-01 22:00:00,3,20171001223,2017,10,1,22,6,1,4,39,274,30.59
2017-10-01 23:00:00,3,20171001233,2017,10,1,23,6,1,4,39,274,30.99
2017-10-02 00:00:00,3,20171002003,2017,10,2,0,0,0,4,40,275,27.08
2017-10-02 01:00:00,3,20171002013,2017,10,2,1,0,0,4,40,275,18.22
2017-10-02 02:00:00,3,20171002023,2017,10,2,2,0,0,4,40,275,13.84
2017-10-02 03:00:00,3,20171002033,2017,10,2,3,0,0,4,40,275,10.44
2017-10-02 04:00:00,3,20171002043,2017,10,2,4,0,0,4,40,275,7.91
2017-10-02 05:00:00,3,20171002053,2017,10,2,5,0,0,4,40,275,6.38
2017-10-02 06:00:00,3,20171002063,2017,10,2,6,0,0,4,40,275,8.62
2017-10-02 07:00:00,3,20171002073,2017,10,2,7,0,0,4,40,275,8.67
2017-10-02 08:00:00,3,20171002083,2017,10,2,8,0,0,4,40,275,11.72
2017-10-02 09:00:00,3,20171002093,2017,10,2,9,0,0,4,40,275,16.65
2017-10-02 10:00:00,3,20171002103,2017,10,2,10,0,0,4,40,275,20.23
2017-10-02 11:00:00,3,20171002113,2017,10,2,11,0,0,4,40,275,22.19
2017-10-02 12:00:00,3,20171002123,2017,10,2,12,0,0,4,40,275,19.69
2017-10-02 13:00:00,3,20171002133,2017,10,2,13,0,0,4,40,275,19.14
2017-10-02 14:00:00,3,20171002143,2017,10,2,14,0,0,4,40,275,20.01
2017-10-02 15:00:00,3,20171002153,2017,10,2,15,0,0,4,40,275,18.63
2017-10-02 16:00:00,3,20171002163,2017,10,2,16,0,0,4,40,275,18.13
2017-10-02 17:00:00,3,20171002173,2017,10,2,17,0,0,4,40,275,19.41
2017-10-02 18:00:00,3,20171002183,2017,10,2,18,0,0,4,40,275,19.31
2017-10-02 19:00:00,3,20171002193,2017,10,2,19,0,0,4,40,275,17.94
2017-10-02 20:00:00,3,20171002203,2017,10,2,20,0,0,4,40,275,19.52
2017-10-02 21:00:00,3,20171002213,2017,10,2,21,0,0,4,40,275,21.34
2017-10-02 22:00:00,3,20171002223,2017,10,2,22,0,0,4,40,275,25.63
2017-10-02 23:00:00,3,20171002233,2017,10,2,23,0,0,4,40,275,24.04
2017-10-03 00:00:00,3,20171003003,2017,10,3,0,1,0,4,40,276,24.33
2017-10-03 01:00:00,3,20171003013,2017,10,3,1,1,0,4,40,276,16.99
2017-10-03 02:00:00,3,20171003023,2017,10,3,2,1,0,4,40,276,12.93
2017-10-03 03:00:00,3,20171003033,2017,10,3,3,1,0,4,40,276,10.55
2017-10-03 04:00:00,3,20171003043,2017,10,3,4,1,0,4,40,276,8.0
2017-10-03 05:00:00,3,20171003053,2017,10,3,5,1,0,4,40,276,6.22
2017-10-03 06:00:00,3,20171003063,2017,10,3,6,1,0,4,40,276,8.88
2017-10-03 07:00:00,3,20171003073,2017,10,3,7,1,0,4,40,276,8.32
2017-10-03 08:00:00,3,20171003083,2017,10,3,8,1,0,4,40,276,11.94
2017-10-03 09:00:00,3,20171003093,2017,10,3,9,1,0,4,40,276,15.68
2017-10-03 10:00:00,3,20171003103,2017,10,3,10,1,0,4,40,276,20.85
2017-10-03 11:00:00,3,20171003113,2017,10,3,11,1,0,4,40,276,23.41
2017-10-03 12:00:00,3,20171003123,2017,10,3,12,1,0,4,40,276,20.59
2017-10-03 13:00:00,3,20171003133,2017,10,3,13,1,0,4,40,276,19.2
2017-10-03 14:00:00,3,20171003143,2017,10,3,14,1,0,4,40,276,20.36
2017-10-03 15:00:00,3,20171003153,2017,10,3,15,1,0,4,40,276,18.03
2017-10-03 16:00:00,3,20171003163,2017,10,3,16,1,0,4,40,276,17.55
2017-10-03 17:00:00,3,20171003173,2017,10,3,17,1,0,4,40,276,19.0
2017-10-03 18:00:00,3,20171003183,2017,10,3,18,1,0,4,40,276,17.76
2017-10-03 19:00:00,3,20171003193,2017,10,3,19,1,0,4,40,276,16.89
2017-10-03 20:00:00,3,20171003203,2017,10,3,20,1,0,4,40,276,19.55
2017-10-03 21:00:00,3,20171003213,2017,10,3,21,1,0,4,40,276,19.97
2017-10-03 22:00:00,3,20171003223,2017,10,3,22,1,0,4,40,276,21.19
2017-10-03 23:00:00,3,20171003233,2017,10,3,23,1,0,4,40,276,20.65
2017-10-04 00:00:00,3,20171004003,2017,10,4,0,2,0,4,40,277,16.31
2017-10-04 01:00:00,3,20171004013,2017,10,4,1,2,0,4,40,277,14.71
2017-10-04 02:00:00,3,20171004023,2017,10,4,2,2,0,4,40,277,12.16
2017-10-04 03:00:00,3,20171004033,2017,10,4,3,2,0,4,40,277,9.98
2017-10-04 04:00:00,3,20171004043,2017,10,4,4,2,0,4,40,277,6.71
2017-10-04 05:00:00,3,20171004053,2017,10,4,5,2,0,4,40,277,5.87
2017-10-04 06:00:00,3,20171004063,2017,10,4,6,2,0,4,40,277,7.63
2017-10-04 07:00:00,3,20171004073,2017,10,4,7,2,0,4,40,277,8.33
2017-10-04 08:00:00,3,20171004083,2017,10,4,8,2,0,4,40,277,11.31
2017-10-04 09:00:00,3,20171004093,2017,10,4,9,2,0,4,40,277,13.07
2017-10-04 10:00:00,3,20171004103,2017,10,4,10,2,0,4,40,277,18.15
2017-10-04 11:00:00,3,20171004113,2017,10,4,11,2,0,4,40,277,19.86
2017-10-04 12:00:00,3,20171004123,2017,10,4,12,2,0,4,40,277,19.46
2017-10-04 13:00:00,3,20171004133,2017,10,4,13,2,0,4,40,277,17.07
2017-10-04 14:00:00,3,20171004143,2017,10,4,14,2,0,4,40,277,20.16
2017-10-04 15:00:00,3,20171004153,2017,10,4,15,2,0,4,40,277,18.18
2017-10-04 16:00:00,3,20171004163,2017,10,4,16,2,0,4,40,277,17.28
2017-10-04 17:00:00,3,20171004173,2017,10,4,17,2,0,4,40,277,17.48
2017-10-04 18:00:00,3,20171004183,2017,10,4,18,2,0,4,40,277,16.01
2017-10-04 19:00:00,3,20171004193,2017,10,4,19,2,0,4,40,277,15.13
2017-10-04 20:00:00,3,20171004203,2017,10,4,20,2,0,4,40,277,16.5
2017-10-04 21:00:00,3,20171004213,2017,10,4,21,2,0,4,40,277,15.78
2017-10-04 22:00:00,3,20171004223,2017,10,4,22,2,0,4,40,277,17.21
2017-10-04 23:00:00,3,20171004233,2017,10,4,23,2,0,4,40,277,16.84
2017-10-05 00:00:00,3,20171005003,2017,10,5,0,3,0,4,40,278,13.74
2017-10-05 01:00:00,3,20171005013,2017,10,5,1,3,0,4,40,278,10.85
2017-10-05 02:00:00,3,20171005023,2017,10,5,2,3,0,4,40,278,7.23
2017-10-05 03:00:00,3,20171005033,2017,10,5,3,3,0,4,40,278,6.13
2017-10-05 04:00:00,3,20171005043,2017,10,5,4,3,0,4,40,278,4.54
2017-10-05 05:00:00,3,20171005053,2017,10,5,5,3,0,4,40,278,4.96
2017-10-05 06:00:00,3,20171005063,2017,10,5,6,3,0,4,40,278,5.63
2017-10-05 07:00:00,3,20171005073,2017,10,5,7,3,0,4,40,278,8.07
2017-10-05 08:00:00,3,20171005083,2017,10,5,8,3,0,4,40,278,9.39
2017-10-05 09:00:00,3,20171005093,2017,10,5,9,3,0,4,40,278,10.63
2017-10-05 10:00:00,3,20171005103,2017,10,5,10,3,0,4,40,278,15.24
2017-10-05 11:00:00,3,20171005113,2017,10,5,11,3,0,4,40,278,16.3
2017-10-05 12:00:00,3,20171005123,2017,10,5,12,3,0,4,40,278,18.17
2017-10-05 13:00:00,3,20171005133,2017,10,5,13,3,0,4,40,278,14.66
2017-10-05 14:00:00,3,20171005143,2017,10,5,14,3,0,4,40,278,17.59
2017-10-05 15:00:00,3,20171005153,2017,10,5,15,3,0,4,40,278,15.74
2017-10-05 16:00:00,3,20171005163,2017,10,5,16,3,0,4,40,278,15.37
2017-10-05 17:00:00,3,20171005173,2017,10,5,17,3,0,4,40,278,16.35
2017-10-05 18:00:00,3,20171005183,2017,10,5,18,3,0,4,40,278,14.84
2017-10-05 19:00:00,3,20171005193,2017,10,5,19,3,0,4,40,278,14.25
2017-10-05 20:00:00,3,20171005203,2017,10,5,20,3,0,4,40,278,13.46
2017-10-05 21:00:00,3,20171005213,2017,10,5,21,3,0,4,40,278,13.22
2017-10-05 22:00:00,3,20171005223,2017,10,5,22,3,0,4,40,278,15.46
2017-10-05 23:00:00,3,20171005233,2017,10,5,23,3,0,4,40,278,14.76
2017-10-06 00:00:00,3,20171006003,2017,10,6,0,4,0,4,40,279,12.82
2017-10-06 01:00:00,3,20171006013,2017,10,6,1,4,0,4,40,279,10.17
2017-10-06 02:00:00,3,20171006023,2017,10,6,2,4,0,4,40,279,5.74
2017-10-06 03:00:00,3,20171006033,2017,10,6,3,4,0,4,40,279,5.4
2017-10-06 04:00:00,3,20171006043,2017,10,6,4,4,0,4,40,279,4.89
2017-10-06 05:00:00,3,20171006053,2017,10,6,5,4,0,4,40,279,5.02
2017-10-06 06:00:00,3,20171006063,2017,10,6,6,4,0,4,40,279,4.78
2017-10-06 07:00:00,3,20171006073,2017,10,6,7,4,0,4,40,279,7.76
2017-10-06 08:00:00,3,20171006083,2017,10,6,8,4,0,4,40,279,7.81
2017-10-06 09:00:00,3,20171006093,2017,10,6,9,4,0,4,40,279,10.68
2017-10-06 10:00:00,3,20171006103,2017,10,6,10,4,0,4,40,279,11.18
2017-10-06 11:00:00,3,20171006113,2017,10,6,11,4,0,4,40,279,13.53
2017-10-06 12:00:00,3,20171006123,2017,10,6,12,4,0,4,40,279,17.02
2017-10-06 13:00:00,3,20171006133,2017,10,6,13,4,0,4,40,279,14.38
2017-10-06 14:00:00,3,20171006143,2017,10,6,14,4,0,4,40,279,14.88
2017-10-06 15:00:00,3,20171006153,2017,10,6,15,4,0,4,40,279,14.26
2017-10-06 16:00:00,3,20171006163,2017,10,6,16,4,0,4,40,279,14.22
2017-10-06 17:00:00,3,20171006173,2017,10,6,17,4,0,4,40,279,15.35
2017-10-06 18:00:00,3,20171006183,2017,10,6,18,4,0,4,40,279,13.39
2017-10-06 19:00:00,3,20171006193,2017,10,6,19,4,0,4,40,279,14.06
2017-10-06 20:00:00,3,20171006203,2017,10,6,20,4,0,4,40,279,11.47
2017-10-06 21:00:00,3,20171006213,2017,10,6,21,4,0,4,40,279,11.32
2017-10-06 22:00:00,3,20171006223,2017,10,6,22,4,0,4,40,279,13.85
2017-10-06 23:00:00,3,20171006233,2017,10,6,23,4,0,4,40,279,13.29
2017-10-07 00:00:00,3,20171007003,2017,10,7,0,5,1,4,40,280,13.23
2017-10-07 01:00:00,3,20171007013,2017,10,7,1,5,1,4,40,280,10.18
2017-10-07 02:00:00,3,20171007023,2017,10,7,2,5,1,4,40,280,6.57
2017-10-07 03:00:00,3,20171007033,2017,10,7,3,5,1,4,40,280,5.59
2017-10-07 04:00:00,3,20171007043,2017,10,7,4,5,1,4,40,280,5.57
2017-10-07 05:00:00,3,20171007053,2017,10,7,5,5,1,4,40,280,4.87
2017-10-07 06:00:00,3,20171007063,2017,10,7,6,5,1,4,40,280,4.18
2017-10-07 07:00:00,3,20171007073,2017,10,7,7,5,1,4,40,280,5.86
2017-10-07 08:00:00,3,20171007083,2017,10,7,8,5,1,4,40,280,7.76
2017-10-07 09:00:00,3,20171007093,2017,10,7,9,5,1,4,40,280,9.6
2017-10-07 10:00:00,3,20171007103,2017,10,7,10,5,1,4,40,280,9.92
2017-10-07 11:00:00,3,20171007113,2017,10,7,11,5,1,4,40,280,11.25
2017-10-07 12:00:00,3,20171007123,2017,10,7,12,5,1,4,40,280,15.59
2017-10-07 13:00:00,3,20171007133,2017,10,7,13,5,1,4,40,280,13.9
2017-10-07 14:00:00,3,20171007143,2017,10,7,14,5,1,4,40,280,16.85
2017-10-07 15:00:00,3,20171007153,2017,10,7,15,5,1,4,40,280,15.69
2017-10-07 16:00:00,3,20171007163,2017,10,7,16,5,1,4,40,280,15.03
2017-10-07 17:00:00,3,20171007173,2017,10,7,17,5,1,4,40,280,14.35
2017-10-07 18:00:00,3,20171007183,2017,10,7,18,5,1,4,40,280,13.62
2017-10-07 19:00:00,3,20171007193,2017,10,7,19,5,1,4,40,280,13.63
2017-10-07 20:00:00,3,20171007203,2017,10,7,20,5,1,4,40,280,14.58
2017-10-07 21:00:00,3,20171007213,2017,10,7,21,5,1,4,40,280,13.35
2017-10-07 22:00:00,3,20171007223,2017,10,7,22,5,1,4,40,280,14.14
2017-10-07 23:00:00,3,20171007233,2017,10,7,23,5,1,4,40,280,14.17
2017-10-08 00:00:00,3,20171008003,2017,10,8,0,6,1,4,40,281,13.17
2017-10-08 01:00:00,3,20171008013,2017,10,8,1,6,1,4,40,281,9.73
2017-10-08 02:00:00,3,20171008023,2017,10,8,2,6,1,4,40,281,7.58
2017-10-08 03:00:00,3,20171008033,2017,10,8,3,6,1,4,40,281,6.11
2017-10-08 04:00:00,3,20171008043,2017,10,8,4,6,1,4,40,281,5.81
2017-10-08 05:00:00,3,20171008053,2017,10,8,5,6,1,4,40,281,5.11
2017-10-08 06:00:00,3,20171008063,2017,10,8,6,6,1,4,40,281,4.79
2017-10-08 07:00:00,3,20171008073,2017,10,8,7,6,1,4,40,281,7.38
2017-10-08 08:00:00,3,20171008083,2017,10,8,8,6,1,4,40,281,8.7
2017-10-08 09:00:00,3,20171008093,2017,10,8,9,6,1,4,40,281,9.97
2017-10-08 10:00:00,3,20171008103,2017,10,8,10,6,1,4,40,281,9.94
2017-10-08 11:00:00,3,20171008113,2017,10,8,11,6,1,4,40,281,10.57
2017-10-08 12:00:00,3,20171008123,2017,10,8,12,6,1,4,40,281,14.24
2017-10-08 13:00:00,3,20171008133,2017,10,8,13,6,1,4,40,281,12.33
2017-10-08 14:00:00,3,20171008143,2017,10,8,14,6,1,4,40,281,15.35
2017-10-08 15:00:00,3,20171008153,2017,10,8,15,6,1,4,40,281,15.32
2017-10-08 16:00:00,3,20171008163,2017,10,8,16,6,1,4,40,281,12.86
2017-10-08 17:00:00,3,20171008173,2017,10,8,17,6,1,4,40,281,12.81
2017-10-08 18:00:00,3,20171008183,2017,10,8,18,6,1,4,40,281,13.39
2017-10-08 19:00:00,3,20171008193,2017,10,8,19,6,1,4,40,281,14.28
2017-10-08 20:00:00,3,20171008203,2017,10,8,20,6,1,4,40,281,14.65
2017-10-08 21:00:00,3,20171008213,2017,10,8,21,6,1,4,40,281,13.02
2017-10-08 22:00:00,3,20171008223,2017,10,8,22,6,1,4,40,281,14.59
2017-10-08 23:00:00,3,20171008233,2017,10,8,23,6,1,4,40,281,14.7
2017-10-09 00:00:00,3,20171009003,2017,10,9,0,0,0,4,41,282,12.5
2017-10-09 01:00:00,3,20171009013,2017,10,9,1,0,0,4,41,282,12.45
2017-10-09 02:00:00,3,20171009023,2017,10,9,2,0,0,4,41,282,7.78
2017-10-09 03:00:00,3,20171009033,2017,10,9,3,0,0,4,41,282,6.61
2017-10-09 04:00:00,3,20171009043,2017,10,9,4,0,0,4,41,282,6.53
2017-10-09 05:00:00,3,20171009053,2017,10,9,5,0,0,4,41,282,5.57
2017-10-09 06:00:00,3,20171009063,2017,10,9,6,0,0,4,41,282,4.22
2017-10-09 07:00:00,3,20171009073,2017,10,9,7,0,0,4,41,282,8.28
2017-10-09 08:00:00,3,20171009083,2017,10,9,8,0,0,4,41,282,8.02
2017-10-09 09:00:00,3,20171009093,2017,10,9,9,0,0,4,41,282,10.14
2017-10-09 10:00:00,3,20171009103,2017,10,9,10,0,0,4,41,282,14.06
2017-10-09 11:00:00,3,20171009113,2017,10,9,11,0,0,4,41,282,16.6
2017-10-09 12:00:00,3,20171009123,2017,10,9,12,0,0,4,41,282,20.86
2017-10-09 13:00:00,3,20171009133,2017,10,9,13,0,0,4,41,282,24.7
2017-10-09 14:00:00,3,20171009143,2017,10,9,14,0,0,4,41,282,22.18
2017-10-09 15:00:00,3,20171009153,2017,10,9,15,0,0,4,41,282,22.68
2017-10-09 16:00:00,3,20171009163,2017,10,9,16,0,0,4,41,282,20.98
2017-10-09 17:00:00,3,20171009173,2017,10,9,17,0,0,4,41,282,18.35
2017-10-09 18:00:00,3,20171009183,2017,10,9,18,0,0,4,41,282,18.41
2017-10-09 19:00:00,3,20171009193,2017,10,9,19,0,0,4,41,282,16.09
2017-10-09 20:00:00,3,20171009203,2017,10,9,20,0,0,4,41,282,17.42
2017-10-09 21:00:00,3,20171009213,2017,10,9,21,0,0,4,41,282,15.75
2017-10-09 22:00:00,3,20171009223,2017,10,9,22,0,0,4,41,282,17.31
2017-10-09 23:00:00,3,20171009233,2017,10,9,23,0,0,4,41,282,15.61
2017-10-10 00:00:00,3,20171010003,2017,10,10,0,1,0,4,41,283,12.82
2017-10-10 01:00:00,3,20171010013,2017,10,10,1,1,0,4,41,283,12.64
2017-10-10 02:00:00,3,20171010023,2017,10,10,2,1,0,4,41,283,8.2
2017-10-10 03:00:00,3,20171010033,2017,10,10,3,1,0,4,41,283,7.13
2017-10-10 04:00:00,3,20171010043,2017,10,10,4,1,0,4,41,283,6.6
2017-10-10 05:00:00,3,20171010053,2017,10,10,5,1,0,4,41,283,6.14
2017-10-10 06:00:00,3,20171010063,2017,10,10,6,1,0,4,41,283,5.95
2017-10-10 07:00:00,3,20171010073,2017,10,10,7,1,0,4,41,283,8.94
2017-10-10 08:00:00,3,20171010083,2017,10,10,8,1,0,4,41,283,8.76
2017-10-10 09:00:00,3,20171010093,2017,10,10,9,1,0,4,41,283,10.36
2017-10-10 10:00:00,3,20171010103,2017,10,10,10,1,0,4,41,283,13.46
2017-10-10 11:00:00,3,20171010113,2017,10,10,11,1,0,4,41,283,13.86
2017-10-10 12:00:00,3,20171010123,2017,10,10,12,1,0,4,41,283,15.56
2017-10-10 13:00:00,3,20171010133,2017,10,10,13,1,0,4,41,283,14.94
2017-10-10 14:00:00,3,20171010143,2017,10,10,14,1,0,4,41,283,15.13
2017-10-10 15:00:00,3,20171010153,2017,10,10,15,1,0,4,41,283,15.72
2017-10-10 16:00:00,3,20171010163,2017,10,10,16,1,0,4,41,283,14.92
2017-10-10 17:00:00,3,20171010173,2017,10,10,17,1,0,4,41,283,15.11
2017-10-10 18:00:00,3,20171010183,2017,10,10,18,1,0,4,41,283,14.81
2017-10-10 19:00:00,3,20171010193,2017,10,10,19,1,0,4,41,283,16.1
2017-10-10 20:00:00,3,20171010203,2017,10,10,20,1,0,4,41,283,13.15
2017-10-10 21:00:00,3,20171010213,2017,10,10,21,1,0,4,41,283,11.85
2017-10-10 22:00:00,3,20171010223,2017,10,10,22,1,0,4,41,283,14.08
2017-10-10 23:00:00,3,20171010233,2017,10,10,23,1,0,4,41,283,14.35
2017-10-11 00:00:00,3,20171011003,2017,10,11,0,2,0,4,41,284,12.63
2017-10-11 01:00:00,3,20171011013,2017,10,11,1,2,0,4,41,284,11.9
2017-10-11 02:00:00,3,20171011023,2017,10,11,2,2,0,4,41,284,8.08
2017-10-11 03:00:00,3,20171011033,2017,10,11,3,2,0,4,41,284,7.91
2017-10-11 04:00:00,3,20171011043,2017,10,11,4,2,0,4,41,284,5.88
2017-10-11 05:00:00,3,20171011053,2017,10,11,5,2,0,4,41,284,5.5
2017-10-11 06:00:00,3,20171011063,2017,10,11,6,2,0,4,41,284,5.81
2017-10-11 07:00:00,3,20171011073,2017,10,11,7,2,0,4,41,284,9.19
2017-10-11 08:00:00,3,20171011083,2017,10,11,8,2,0,4,41,284,9.56
2017-10-11 09:00:00,3,20171011093,2017,10,11,9,2,0,4,41,284,11.1
2017-10-11 10:00:00,3,20171011103,2017,10,11,10,2,0,4,41,284,13.21
2017-10-11 11:00:00,3,20171011113,2017,10,11,11,2,0,4,41,284,13.48
2017-10-11 12:00:00,3,20171011123,2017,10,11,12,2,0,4,41,284,15.07
2017-10-11 13:00:00,3,20171011133,2017,10,11,13,2,0,4,41,284,14.41
2017-10-11 14:00:00,3,20171011143,2017,10,11,14,2,0,4,41,284,14.16
2017-10-11 15:00:00,3,20171011153,2017,10,11,15,2,0,4,41,284,15.05
2017-10-11 16:00:00,3,20171011163,2017,10,11,16,2,0,4,41,284,14.0
2017-10-11 17:00:00,3,20171011173,2017,10,11,17,2,0,4,41,284,14.64
2017-10-11 18:00:00,3,20171011183,2017,10,11,18,2,0,4,41,284,13.97
2017-10-11 19:00:00,3,20171011193,2017,10,11,19,2,0,4,41,284,15.42
2017-10-11 20:00:00,3,20171011203,2017,10,11,20,2,0,4,41,284,12.5
2017-10-11 21:00:00,3,20171011213,2017,10,11,21,2,0,4,41,284,11.7
2017-10-11 22:00:00,3,20171011223,2017,10,11,22,2,0,4,41,284,14.05
2017-10-11 23:00:00,3,20171011233,2017,10,11,23,2,0,4,41,284,14.15
2017-10-12 00:00:00,3,20171012003,2017,10,12,0,3,0,4,41,285,13.04
2017-10-12 01:00:00,3,20171012013,2017,10,12,1,3,0,4,41,285,11.08
2017-10-12 02:00:00,3,20171012023,2017,10,12,2,3,0,4,41,285,8.99
2017-10-12 03:00:00,3,20171012033,2017,10,12,3,3,0,4,41,285,8.04
2017-10-12 04:00:00,3,20171012043,2017,10,12,4,3,0,4,41,285,6.04
2017-10-12 05:00:00,3,20171012053,2017,10,12,5,3,0,4,41,285,5.91
2017-10-12 06:00:00,3,20171012063,2017,10,12,6,3,0,4,41,285,6.09
2017-10-12 07:00:00,3,20171012073,2017,10,12,7,3,0,4,41,285,8.49
2017-10-12 08:00:00,3,20171012083,2017,10,12,8,3,0,4,41,285,10.13
2017-10-12 09:00:00,3,20171012093,2017,10,12,9,3,0,4,41,285,11.13
2017-10-12 10:00:00,3,20171012103,2017,10,12,10,3,0,4,41,285,13.51
2017-10-12 11:00:00,3,20171012113,2017,10,12,11,3,0,4,41,285,15.96
2017-10-12 12:00:00,3,20171012123,2017,10,12,12,3,0,4,41,285,16.12
2017-10-12 13:00:00,3,20171012133,2017,10,12,13,3,0,4,41,285,16.31
2017-10-12 14:00:00,3,20171012143,2017,10,12,14,3,0,4,41,285,16.36
2017-10-12 15:00:00,3,20171012153,2017,10,12,15,3,0,4,41,285,17.67
2017-10-12 16:00:00,3,20171012163,2017,10,12,16,3,0,4,41,285,14.62
2017-10-12 17:00:00,3,20171012173,2017,10,12,17,3,0,4,41,285,14.73
2017-10-12 18:00:00,3,20171012183,2017,10,12,18,3,0,4,41,285,14.98
2017-10-12 19:00:00,3,20171012193,2017,10,12,19,3,0,4,41,285,16.44
2017-10-12 20:00:00,3,20171012203,2017,10,12,20,3,0,4,41,285,14.27
2017-10-12 21:00:00,3,20171012213,2017,10,12,21,3,0,4,41,285,13.53
2017-10-12 22:00:00,3,20171012223,2017,10,12,22,3,0,4,41,285,14.67
2017-10-12 23:00:00,3,20171012233,2017,10,12,23,3,0,4,41,285,13.87
2017-10-13 00:00:00,3,20171013003,2017,10,13,0,4,0,4,41,286,13.47
2017-10-13 01:00:00,3,20171013013,2017,10,13,1,4,0,4,41,286,10.25
2017-10-13 02:00:00,3,20171013023,2017,10,13,2,4,0,4,41,286,9.35
2017-10-13 03:00:00,3,20171013033,2017,10,13,3,4,0,4,41,286,6.28
2017-10-13 04:00:00,3,20171013043,2017,10,13,4,4,0,4,41,286,6.42
2017-10-13 05:00:00,3,20171013053,2017,10,13,5,4,0,4,41,286,5.21
2017-10-13 06:00:00,3,20171013063,2017,10,13,6,4,0,4,41,286,5.14
2017-10-13 07:00:00,3,20171013073,2017,10,13,7,4,0,4,41,286,8.24
2017-10-13 08:00:00,3,20171013083,2017,10,13,8,4,0,4,41,286,10.17
2017-10-13 09:00:00,3,20171013093,2017,10,13,9,4,0,4,41,286,13.65
2017-10-13 10:00:00,3,20171013103,2017,10,13,10,4,0,4,41,286,12.83
2017-10-13 11:00:00,3,20171013113,2017,10,13,11,4,0,4,41,286,15.12
2017-10-13 12:00:00,3,20171013123,2017,10,13,12,4,0,4,41,286,14.62
2017-10-13 13:00:00,3,20171013133,2017,10,13,13,4,0,4,41,286,14.91
2017-10-13 14:00:00,3,20171013143,2017,10,13,14,4,0,4,41,286,15.94
2017-10-13 15:00:00,3,20171013153,2017,10,13,15,4,0,4,41,286,18.05
2017-10-13 16:00:00,3,20171013163,2017,10,13,16,4,0,4,41,286,14.08
2017-10-13 17:00:00,3,20171013173,2017,10,13,17,4,0,4,41,286,14.42
2017-10-13 18:00:00,3,20171013183,2017,10,13,18,4,0,4,41,286,14.56
2017-10-13 19:00:00,3,20171013193,2017,10,13,19,4,0,4,41,286,17.89
2017-10-13 20:00:00,3,20171013203,2017,10,13,20,4,0,4,41,286,15.36
2017-10-13 21:00:00,3,20171013213,2017,10,13,21,4,0,4,41,286,14.04
2017-10-13 22:00:00,3,20171013223,2017,10,13,22,4,0,4,41,286,14.03
2017-10-13 23:00:00,3,20171013233,2017,10,13,23,4,0,4,41,286,13.48
2017-10-14 00:00:00,3,20171014003,2017,10,14,0,5,1,4,41,287,15.52
2017-10-14 01:00:00,3,20171014013,2017,10,14,1,5,1,4,41,287,10.6
2017-10-14 02:00:00,3,20171014023,2017,10,14,2,5,1,4,41,287,10.54
2017-10-14 03:00:00,3,20171014033,2017,10,14,3,5,1,4,41,287,5.72
2017-10-14 04:00:00,3,20171014043,2017,10,14,4,5,1,4,41,287,6.66
2017-10-14 05:00:00,3,20171014053,2017,10,14,5,5,1,4,41,287,5.5
2017-10-14 06:00:00,3,20171014063,2017,10,14,6,5,1,4,41,287,6.14
2017-10-14 07:00:00,3,20171014073,2017,10,14,7,5,1,4,41,287,9.48
2017-10-14 08:00:00,3,20171014083,2017,10,14,8,5,1,4,41,287,11.59
2017-10-14 09:00:00,3,20171014093,2017,10,14,9,5,1,4,41,287,20.41
2017-10-14 10:00:00,3,20171014103,2017,10,14,10,5,1,4,41,287,18.54
2017-10-14 11:00:00,3,20171014113,2017,10,14,11,5,1,4,41,287,19.01
2017-10-14 12:00:00,3,20171014123,2017,10,14,12,5,1,4,41,287,18.68
2017-10-14 13:00:00,3,20171014133,2017,10,14,13,5,1,4,41,287,17.16
2017-10-14 14:00:00,3,20171014143,2017,10,14,14,5,1,4,41,287,18.83
2017-10-14 15:00:00,3,20171014153,2017,10,14,15,5,1,4,41,287,19.64
2017-10-14 16:00:00,3,20171014163,2017,10,14,16,5,1,4,41,287,16.58
2017-10-14 17:00:00,3,20171014173,2017,10,14,17,5,1,4,41,287,17.03
2017-10-14 18:00:00,3,20171014183,2017,10,14,18,5,1,4,41,287,19.17
2017-10-14 19:00:00,3,20171014193,2017,10,14,19,5,1,4,41,287,28.11
2017-10-14 20:00:00,3,20171014203,2017,10,14,20,5,1,4,41,287,32.66
2017-10-14 21:00:00,3,20171014213,2017,10,14,21,5,1,4,41,287,30.34
2017-10-14 22:00:00,3,20171014223,2017,10,14,22,5,1,4,41,287,21.01
2017-10-14 23:00:00,3,20171014233,2017,10,14,23,5,1,4,41,287,19.9
2017-10-15 00:00:00,3,20171015003,2017,10,15,0,6,1,4,41,288,17.82
2017-10-15 01:00:00,3,20171015013,2017,10,15,1,6,1,4,41,288,11.77
2017-10-15 02:00:00,3,20171015023,2017,10,15,2,6,1,4,41,288,10.68
2017-10-15 03:00:00,3,20171015033,2017,10,15,3,6,1,4,41,288,5.74
2017-10-15 04:00:00,3,20171015043,2017,10,15,4,6,1,4,41,288,5.68
2017-10-15 05:00:00,3,20171015053,2017,10,15,5,6,1,4,41,288,5.53
2017-10-15 06:00:00,3,20171015063,2017,10,15,6,6,1,4,41,288,6.96
2017-10-15 07:00:00,3,20171015073,2017,10,15,7,6,1,4,41,288,10.59
2017-10-15 08:00:00,3,20171015083,2017,10,15,8,6,1,4,41,288,11.19
2017-10-15 09:00:00,3,20171015093,2017,10,15,9,6,1,4,41,288,22.33
2017-10-15 10:00:00,3,20171015103,2017,10,15,10,6,1,4,41,288,26.88
2017-10-15 11:00:00,3,20171015113,2017,10,15,11,6,1,4,41,288,22.36
2017-10-15 12:00:00,3,20171015123,2017,10,15,12,6,1,4,41,288,23.81
2017-10-15 13:00:00,3,20171015133,2017,10,15,13,6,1,4,41,288,21.06
2017-10-15 14:00:00,3,20171015143,2017,10,15,14,6,1,4,41,288,19.99
2017-10-15 15:00:00,3,20171015153,2017,10,15,15,6,1,4,41,288,19.42
2017-10-15 16:00:00,3,20171015163,2017,10,15,16,6,1,4,41,288,18.66
2017-10-15 17:00:00,3,20171015173,2017,10,15,17,6,1,4,41,288,19.55
2017-10-15 18:00:00,3,20171015183,2017,10,15,18,6,1,4,41,288,22.92
2017-10-15 19:00:00,3,20171015193,2017,10,15,19,6,1,4,41,288,38.05
2017-10-15 20:00:00,3,20171015203,2017,10,15,20,6,1,4,41,288,51.36
2017-10-15 21:00:00,3,20171015213,2017,10,15,21,6,1,4,41,288,51.52
2017-10-15 22:00:00,3,20171015223,2017,10,15,22,6,1,4,41,288,32.51
2017-10-15 23:00:00,3,20171015233,2017,10,15,23,6,1,4,41,288,25.38
2017-10-16 00:00:00,3,20171016003,2017,10,16,0,0,0,4,42,289,12.77
2017-10-16 01:00:00,3,20171016013,2017,10,16,1,0,0,4,42,289,11.34
2017-10-16 02:00:00,3,20171016023,2017,10,16,2,0,0,4,42,289,8.63
2017-10-16 03:00:00,3,20171016033,2017,10,16,3,0,0,4,42,289,6.73
2017-10-16 04:00:00,3,20171016043,2017,10,16,4,0,0,4,42,289,5.49
2017-10-16 05:00:00,3,20171016053,2017,10,16,5,0,0,4,42,289,6.4
2017-10-16 06:00:00,3,20171016063,2017,10,16,6,0,0,4,42,289,6.77
2017-10-16 07:00:00,3,20171016073,2017,10,16,7,0,0,4,42,289,10.04
2017-10-16 08:00:00,3,20171016083,2017,10,16,8,0,0,4,42,289,8.2
2017-10-16 09:00:00,3,20171016093,2017,10,16,9,0,0,4,42,289,14.85
2017-10-16 10:00:00,3,20171016103,2017,10,16,10,0,0,4,42,289,21.17
2017-10-16 11:00:00,3,20171016113,2017,10,16,11,0,0,4,42,289,21.56
2017-10-16 12:00:00,3,20171016123,2017,10,16,12,0,0,4,42,289,24.07
2017-10-16 13:00:00,3,20171016133,2017,10,16,13,0,0,4,42,289,24.97
2017-10-16 14:00:00,3,20171016143,2017,10,16,14,0,0,4,42,289,24.32
2017-10-16 15:00:00,3,20171016153,2017,10,16,15,0,0,4,42,289,23.52
2017-10-16 16:00:00,3,20171016163,2017,10,16,16,0,0,4,42,289,21.12
2017-10-16 17:00:00,3,20171016173,2017,10,16,17,0,0,4,42,289,22.26
2017-10-16 18:00:00,3,20171016183,2017,10,16,18,0,0,4,42,289,22.49
2017-10-16 19:00:00,3,20171016193,2017,10,16,19,0,0,4,42,289,26.72
2017-10-16 20:00:00,3,20171016203,2017,10,16,20,0,0,4,42,289,31.19
2017-10-16 21:00:00,3,20171016213,2017,10,16,21,0,0,4,42,289,29.84
2017-10-16 22:00:00,3,20171016223,2017,10,16,22,0,0,4,42,289,22.49
2017-10-16 23:00:00,3,20171016233,2017,10,16,23,0,0,4,42,289,19.91
2017-10-17 00:00:00,3,20171017003,2017,10,17,0,1,0,4,42,290,14.79
2017-10-17 01:00:00,3,20171017013,2017,10,17,1,1,0,4,42,290,11.21
2017-10-17 02:00:00,3,20171017023,2017,10,17,2,1,0,4,42,290,9.11
2017-10-17 03:00:00,3,20171017033,2017,10,17,3,1,0,4,42,290,7.3
2017-10-17 04:00:00,3,20171017043,2017,10,17,4,1,0,4,42,290,6.12
2017-10-17 05:00:00,3,20171017053,2017,10,17,5,1,0,4,42,290,6.14
2017-10-17 06:00:00,3,20171017063,2017,10,17,6,1,0,4,42,290,6.78
2017-10-17 07:00:00,3,20171017073,2017,10,17,7,1,0,4,42,290,9.81
2017-10-17 08:00:00,3,20171017083,2017,10,17,8,1,0,4,42,290,8.98
2017-10-17 09:00:00,3,20171017093,2017,10,17,9,1,0,4,42,290,13.61
2017-10-17 10:00:00,3,20171017103,2017,10,17,10,1,0,4,42,290,16.86
2017-10-17 11:00:00,3,20171017113,2017,10,17,11,1,0,4,42,290,18.82
2017-10-17 12:00:00,3,20171017123,2017,10,17,12,1,0,4,42,290,21.05
2017-10-17 13:00:00,3,20171017133,2017,10,17,13,1,0,4,42,290,23.24
2017-10-17 14:00:00,3,20171017143,2017,10,17,14,1,0,4,42,290,22.15
2017-10-17 15:00:00,3,20171017153,2017,10,17,15,1,0,4,42,290,22.33
2017-10-17 16:00:00,3,20171017163,2017,10,17,16,1,0,4,42,290,20.93
2017-10-17 17:00:00,3,20171017173,2017,10,17,17,1,0,4,42,290,21.02
2017-10-17 18:00:00,3,20171017183,2017,10,17,18,1,0,4,42,290,21.2
2017-10-17 19:00:00,3,20171017193,2017,10,17,19,1,0,4,42,290,20.85
2017-10-17 20:00:00,3,20171017203,2017,10,17,20,1,0,4,42,290,19.49
2017-10-17 21:00:00,3,20171017213,2017,10,17,21,1,0,4,42,290,18.3
2017-10-17 22:00:00,3,20171017223,2017,10,17,22,1,0,4,42,290,19.29
2017-10-17 23:00:00,3,20171017233,2017,10,17,23,1,0,4,42,290,18.01
2017-10-18 00:00:00,3,20171018003,2017,10,18,0,2,0,4,42,291,15.27
2017-10-18 01:00:00,3,20171018013,2017,10,18,1,2,0,4,42,291,11.72
2017-10-18 02:00:00,3,20171018023,2017,10,18,2,2,0,4,42,291,9.53
2017-10-18 03:00:00,3,20171018033,2017,10,18,3,2,0,4,42,291,7.96
2017-10-18 04:00:00,3,20171018043,2017,10,18,4,2,0,4,42,291,6.19
2017-10-18 05:00:00,3,20171018053,2017,10,18,5,2,0,4,42,291,6.34
2017-10-18 06:00:00,3,20171018063,2017,10,18,6,2,0,4,42,291,7.17
2017-10-18 07:00:00,3,20171018073,2017,10,18,7,2,0,4,42,291,10.58
2017-10-18 08:00:00,3,20171018083,2017,10,18,8,2,0,4,42,291,9.41
2017-10-18 09:00:00,3,20171018093,2017,10,18,9,2,0,4,42,291,13.59
2017-10-18 10:00:00,3,20171018103,2017,10,18,10,2,0,4,42,291,17.46
2017-10-18 11:00:00,3,20171018113,2017,10,18,11,2,0,4,42,291,19.3
2017-10-18 12:00:00,3,20171018123,2017,10,18,12,2,0,4,42,291,20.86
2017-10-18 13:00:00,3,20171018133,2017,10,18,13,2,0,4,42,291,23.78
2017-10-18 14:00:00,3,20171018143,2017,10,18,14,2,0,4,42,291,22.58
2017-10-18 15:00:00,3,20171018153,2017,10,18,15,2,0,4,42,291,22.8
2017-10-18 16:00:00,3,20171018163,2017,10,18,16,2,0,4,42,291,21.45
2017-10-18 17:00:00,3,20171018173,2017,10,18,17,2,0,4,42,291,19.8
2017-10-18 18:00:00,3,20171018183,2017,10,18,18,2,0,4,42,291,21.9
2017-10-18 19:00:00,3,20171018193,2017,10,18,19,2,0,4,42,291,22.21
2017-10-18 20:00:00,3,20171018203,2017,10,18,20,2,0,4,42,291,22.97
2017-10-18 21:00:00,3,20171018213,2017,10,18,21,2,0,4,42,291,22.33
2017-10-18 22:00:00,3,20171018223,2017,10,18,22,2,0,4,42,291,22.47
2017-10-18 23:00:00,3,20171018233,2017,10,18,23,2,0,4,42,291,22.43
2017-10-19 00:00:00,3,20171019003,2017,10,19,0,3,0,4,42,292,17.43
2017-10-19 01:00:00,3,20171019013,2017,10,19,1,3,0,4,42,292,13.57
2017-10-19 02:00:00,3,20171019023,2017,10,19,2,3,0,4,42,292,10.33
2017-10-19 03:00:00,3,20171019033,2017,10,19,3,3,0,4,42,292,8.52
2017-10-19 04:00:00,3,20171019043,2017,10,19,4,3,0,4,42,292,7.29
2017-10-19 05:00:00,3,20171019053,2017,10,19,5,3,0,4,42,292,6.97
2017-10-19 06:00:00,3,20171019063,2017,10,19,6,3,0,4,42,292,8.03
2017-10-19 07:00:00,3,20171019073,2017,10,19,7,3,0,4,42,292,11.01
2017-10-19 08:00:00,3,20171019083,2017,10,19,8,3,0,4,42,292,10.37
2017-10-19 09:00:00,3,20171019093,2017,10,19,9,3,0,4,42,292,13.85
2017-10-19 10:00:00,3,20171019103,2017,10,19,10,3,0,4,42,292,19.58
2017-10-19 11:00:00,3,20171019113,2017,10,19,11,3,0,4,42,292,21.05
2017-10-19 12:00:00,3,20171019123,2017,10,19,12,3,0,4,42,292,19.56
2017-10-19 13:00:00,3,20171019133,2017,10,19,13,3,0,4,42,292,23.63
2017-10-19 14:00:00,3,20171019143,2017,10,19,14,3,0,4,42,292,24.67
2017-10-19 15:00:00,3,20171019153,2017,10,19,15,3,0,4,42,292,24.32
2017-10-19 16:00:00,3,20171019163,2017,10,19,16,3,0,4,42,292,21.66
2017-10-19 17:00:00,3,20171019173,2017,10,19,17,3,0,4,42,292,19.17
2017-10-19 18:00:00,3,20171019183,2017,10,19,18,3,0,4,42,292,22.68
2017-10-19 19:00:00,3,20171019193,2017,10,19,19,3,0,4,42,292,24.25
2017-10-19 20:00:00,3,20171019203,2017,10,19,20,3,0,4,42,292,34.24
2017-10-19 21:00:00,3,20171019213,2017,10,19,21,3,0,4,42,292,30.93
2017-10-19 22:00:00,3,20171019223,2017,10,19,22,3,0,4,42,292,29.26
2017-10-19 23:00:00,3,20171019233,2017,10,19,23,3,0,4,42,292,29.35
2017-10-20 00:00:00,3,20171020003,2017,10,20,0,4,0,4,42,293,27.86
2017-10-20 01:00:00,3,20171020013,2017,10,20,1,4,0,4,42,293,17.32
2017-10-20 02:00:00,3,20171020023,2017,10,20,2,4,0,4,42,293,11.6
2017-10-20 03:00:00,3,20171020033,2017,10,20,3,4,0,4,42,293,10.71
2017-10-20 04:00:00,3,20171020043,2017,10,20,4,4,0,4,42,293,9.19
2017-10-20 05:00:00,3,20171020053,2017,10,20,5,4,0,4,42,293,8.36
2017-10-20 06:00:00,3,20171020063,2017,10,20,6,4,0,4,42,293,10.58
2017-10-20 07:00:00,3,20171020073,2017,10,20,7,4,0,4,42,293,13.26
2017-10-20 08:00:00,3,20171020083,2017,10,20,8,4,0,4,42,293,12.49
2017-10-20 09:00:00,3,20171020093,2017,10,20,9,4,0,4,42,293,18.07
2017-10-20 10:00:00,3,20171020103,2017,10,20,10,4,0,4,42,293,32.79
2017-10-20 11:00:00,3,20171020113,2017,10,20,11,4,0,4,42,293,34.58
2017-10-20 12:00:00,3,20171020123,2017,10,20,12,4,0,4,42,293,32.34
2017-10-20 13:00:00,3,20171020133,2017,10,20,13,4,0,4,42,293,31.3
2017-10-20 14:00:00,3,20171020143,2017,10,20,14,4,0,4,42,293,32.91
2017-10-20 15:00:00,3,20171020153,2017,10,20,15,4,0,4,42,293,32.65
2017-10-20 16:00:00,3,20171020163,2017,10,20,16,4,0,4,42,293,28.87
2017-10-20 17:00:00,3,20171020173,2017,10,20,17,4,0,4,42,293,28.17
2017-10-20 18:00:00,3,20171020183,2017,10,20,18,4,0,4,42,293,30.39
2017-10-20 19:00:00,3,20171020193,2017,10,20,19,4,0,4,42,293,31.85
2017-10-20 20:00:00,3,20171020203,2017,10,20,20,4,0,4,42,293,34.56
2017-10-20 21:00:00,3,20171020213,2017,10,20,21,4,0,4,42,293,30.78
2017-10-20 22:00:00,3,20171020223,2017,10,20,22,4,0,4,42,293,31.04
2017-10-20 23:00:00,3,20171020233,2017,10,20,23,4,0,4,42,293,33.19
2017-10-21 00:00:00,3,20171021003,2017,10,21,0,5,1,4,42,294,32.86
2017-10-21 01:00:00,3,20171021013,2017,10,21,1,5,1,4,42,294,20.87
2017-10-21 02:00:00,3,20171021023,2017,10,21,2,5,1,4,42,294,14.25
2017-10-21 03:00:00,3,20171021033,2017,10,21,3,5,1,4,42,294,12.54
2017-10-21 04:00:00,3,20171021043,2017,10,21,4,5,1,4,42,294,11.08
2017-10-21 05:00:00,3,20171021053,2017,10,21,5,5,1,4,42,294,9.63
2017-10-21 06:00:00,3,20171021063,2017,10,21,6,5,1,4,42,294,11.27
2017-10-21 07:00:00,3,20171021073,2017,10,21,7,5,1,4,42,294,15.05
2017-10-21 08:00:00,3,20171021083,2017,10,21,8,5,1,4,42,294,18.05
2017-10-21 09:00:00,3,20171021093,2017,10,21,9,5,1,4,42,294,24.52
2017-10-21 10:00:00,3,20171021103,2017,10,21,10,5,1,4,42,294,32.29
2017-10-21 11:00:00,3,20171021113,2017,10,21,11,5,1,4,42,294,34.75
2017-10-21 12:00:00,3,20171021123,2017,10,21,12,5,1,4,42,294,34.02
2017-10-21 13:00:00,3,20171021133,2017,10,21,13,5,1,4,42,294,32.44
2017-10-21 14:00:00,3,20171021143,2017,10,21,14,5,1,4,42,294,31.45
2017-10-21 15:00:00,3,20171021153,2017,10,21,15,5,1,4,42,294,30.58
2017-10-21 16:00:00,3,20171021163,2017,10,21,16,5,1,4,42,294,30.53
2017-10-21 17:00:00,3,20171021173,2017,10,21,17,5,1,4,42,294,29.53
2017-10-21 18:00:00,3,20171021183,2017,10,21,18,5,1,4,42,294,29.5
2017-10-21 19:00:00,3,20171021193,2017,10,21,19,5,1,4,42,294,30.18
2017-10-21 20:00:00,3,20171021203,2017,10,21,20,5,1,4,42,294,34.9
2017-10-21 21:00:00,3,20171021213,2017,10,21,21,5,1,4,42,294,35.68
2017-10-21 22:00:00,3,20171021223,2017,10,21,22,5,1,4,42,294,33.07
2017-10-21 23:00:00,3,20171021233,2017,10,21,23,5,1,4,42,294,33.93
2017-10-22 00:00:00,3,20171022003,2017,10,22,0,6,1,4,42,295,38.45
2017-10-22 01:00:00,3,20171022013,2017,10,22,1,6,1,4,42,295,20.48
2017-10-22 02:00:00,3,20171022023,2017,10,22,2,6,1,4,42,295,15.59
2017-10-22 03:00:00,3,20171022033,2017,10,22,3,6,1,4,42,295,12.75
2017-10-22 04:00:00,3,20171022043,2017,10,22,4,6,1,4,42,295,11.32
2017-10-22 05:00:00,3,20171022053,2017,10,22,5,6,1,4,42,295,10.27
2017-10-22 06:00:00,3,20171022063,2017,10,22,6,6,1,4,42,295,10.25
2017-10-22 07:00:00,3,20171022073,2017,10,22,7,6,1,4,42,295,15.07
2017-10-22 08:00:00,3,20171022083,2017,10,22,8,6,1,4,42,295,19.94
2017-10-22 09:00:00,3,20171022093,2017,10,22,9,6,1,4,42,295,25.77
2017-10-22 10:00:00,3,20171022103,2017,10,22,10,6,1,4,42,295,31.61
2017-10-22 11:00:00,3,20171022113,2017,10,22,11,6,1,4,42,295,33.91
2017-10-22 12:00:00,3,20171022123,2017,10,22,12,6,1,4,42,295,34.78
2017-10-22 13:00:00,3,20171022133,2017,10,22,13,6,1,4,42,295,34.12
2017-10-22 14:00:00,3,20171022143,2017,10,22,14,6,1,4,42,295,31.56
2017-10-22 15:00:00,3,20171022153,2017,10,22,15,6,1,4,42,295,29.9
2017-10-22 16:00:00,3,20171022163,2017,10,22,16,6,1,4,42,295,32.08
2017-10-22 17:00:00,3,20171022173,2017,10,22,17,6,1,4,42,295,30.77
2017-10-22 18:00:00,3,20171022183,2017,10,22,18,6,1,4,42,295,30.05
2017-10-22 19:00:00,3,20171022193,2017,10,22,19,6,1,4,42,295,28.38
2017-10-22 20:00:00,3,20171022203,2017,10,22,20,6,1,4,42,295,29.9
2017-10-22 21:00:00,3,20171022213,2017,10,22,21,6,1,4,42,295,32.27
2017-10-22 22:00:00,3,20171022223,2017,10,22,22,6,1,4,42,295,33.15
2017-10-22 23:00:00,3,20171022233,2017,10,22,23,6,1,4,42,295,34.99
2017-10-23 00:00:00,3,20171023003,2017,10,23,0,0,0,4,43,296,33.9
2017-10-23 01:00:00,3,20171023013,2017,10,23,1,0,0,4,43,296,20.02
2017-10-23 02:00:00,3,20171023023,2017,10,23,2,0,0,4,43,296,11.71
2017-10-23 03:00:00,3,20171023033,2017,10,23,3,0,0,4,43,296,7.9
2017-10-23 04:00:00,3,20171023043,2017,10,23,4,0,0,4,43,296,6.83
2017-10-23 05:00:00,3,20171023053,2017,10,23,5,0,0,4,43,296,5.39
2017-10-23 06:00:00,3,20171023063,2017,10,23,6,0,0,4,43,296,7.47
2017-10-23 07:00:00,3,20171023073,2017,10,23,7,0,0,4,43,296,11.1
2017-10-23 08:00:00,3,20171023083,2017,10,23,8,0,0,4,43,296,16.64
2017-10-23 09:00:00,3,20171023093,2017,10,23,9,0,0,4,43,296,23.34
2017-10-23 10:00:00,3,20171023103,2017,10,23,10,0,0,4,43,296,28.88
2017-10-23 11:00:00,3,20171023113,2017,10,23,11,0,0,4,43,296,31.13
2017-10-23 12:00:00,3,20171023123,2017,10,23,12,0,0,4,43,296,28.64
2017-10-23 13:00:00,3,20171023133,2017,10,23,13,0,0,4,43,296,28.99
2017-10-23 14:00:00,3,20171023143,2017,10,23,14,0,0,4,43,296,29.95
2017-10-23 15:00:00,3,20171023153,2017,10,23,15,0,0,4,43,296,26.77
2017-10-23 16:00:00,3,20171023163,2017,10,23,16,0,0,4,43,296,24.54
2017-10-23 17:00:00,3,20171023173,2017,10,23,17,0,0,4,43,296,23.17
2017-10-23 18:00:00,3,20171023183,2017,10,23,18,0,0,4,43,296,22.06
2017-10-23 19:00:00,3,20171023193,2017,10,23,19,0,0,4,43,296,21.92
2017-10-23 20:00:00,3,20171023203,2017,10,23,20,0,0,4,43,296,22.46
2017-10-23 21:00:00,3,20171023213,2017,10,23,21,0,0,4,43,296,20.65
2017-10-23 22:00:00,3,20171023223,2017,10,23,22,0,0,4,43,296,21.03
2017-10-23 23:00:00,3,20171023233,2017,10,23,23,0,0,4,43,296,21.71
2017-10-24 00:00:00,3,20171024003,2017,10,24,0,1,0,4,43,297,28.13
2017-10-24 01:00:00,3,20171024013,2017,10,24,1,1,0,4,43,297,18.53
2017-10-24 02:00:00,3,20171024023,2017,10,24,2,1,0,4,43,297,11.37
2017-10-24 03:00:00,3,20171024033,2017,10,24,3,1,0,4,43,297,7.97
2017-10-24 04:00:00,3,20171024043,2017,10,24,4,1,0,4,43,297,6.56
2017-10-24 05:00:00,3,20171024053,2017,10,24,5,1,0,4,43,297,5.71
2017-10-24 06:00:00,3,20171024063,2017,10,24,6,1,0,4,43,297,7.64
2017-10-24 07:00:00,3,20171024073,2017,10,24,7,1,0,4,43,297,10.17
2017-10-24 08:00:00,3,20171024083,2017,10,24,8,1,0,4,43,297,15.46
2017-10-24 09:00:00,3,20171024093,2017,10,24,9,1,0,4,43,297,21.73
2017-10-24 10:00:00,3,20171024103,2017,10,24,10,1,0,4,43,297,27.28
2017-10-24 11:00:00,3,20171024113,2017,10,24,11,1,0,4,43,297,29.11
2017-10-24 12:00:00,3,20171024123,2017,10,24,12,1,0,4,43,297,27.68
2017-10-24 13:00:00,3,20171024133,2017,10,24,13,1,0,4,43,297,28.37
2017-10-24 14:00:00,3,20171024143,2017,10,24,14,1,0,4,43,297,28.97
2017-10-24 15:00:00,3,20171024153,2017,10,24,15,1,0,4,43,297,25.55
2017-10-24 16:00:00,3,20171024163,2017,10,24,16,1,0,4,43,297,23.36
2017-10-24 17:00:00,3,20171024173,2017,10,24,17,1,0,4,43,297,21.74
2017-10-24 18:00:00,3,20171024183,2017,10,24,18,1,0,4,43,297,20.51
2017-10-24 19:00:00,3,20171024193,2017,10,24,19,1,0,4,43,297,20.83
2017-10-24 20:00:00,3,20171024203,2017,10,24,20,1,0,4,43,297,19.35
2017-10-24 21:00:00,3,20171024213,2017,10,24,21,1,0,4,43,297,18.68
2017-10-24 22:00:00,3,20171024223,2017,10,24,22,1,0,4,43,297,19.3
2017-10-24 23:00:00,3,20171024233,2017,10,24,23,1,0,4,43,297,19.75
2017-10-25 00:00:00,3,20171025003,2017,10,25,0,2,0,4,43,298,25.12
2017-10-25 01:00:00,3,20171025013,2017,10,25,1,2,0,4,43,298,17.86
2017-10-25 02:00:00,3,20171025023,2017,10,25,2,2,0,4,43,298,10.3
2017-10-25 03:00:00,3,20171025033,2017,10,25,3,2,0,4,43,298,5.83
2017-10-25 04:00:00,3,20171025043,2017,10,25,4,2,0,4,43,298,4.99
2017-10-25 05:00:00,3,20171025053,2017,10,25,5,2,0,4,43,298,4.55
2017-10-25 06:00:00,3,20171025063,2017,10,25,6,2,0,4,43,298,6.17
2017-10-25 07:00:00,3,20171025073,2017,10,25,7,2,0,4,43,298,6.07
2017-10-25 08:00:00,3,20171025083,2017,10,25,8,2,0,4,43,298,14.66
2017-10-25 09:00:00,3,20171025093,2017,10,25,9,2,0,4,43,298,20.79
2017-10-25 10:00:00,3,20171025103,2017,10,25,10,2,0,4,43,298,27.03
2017-10-25 11:00:00,3,20171025113,2017,10,25,11,2,0,4,43,298,29.45
2017-10-25 12:00:00,3,20171025123,2017,10,25,12,2,0,4,43,298,27.43
2017-10-25 13:00:00,3,20171025133,2017,10,25,13,2,0,4,43,298,28.45
2017-10-25 14:00:00,3,20171025143,2017,10,25,14,2,0,4,43,298,29.38
2017-10-25 15:00:00,3,20171025153,2017,10,25,15,2,0,4,43,298,25.99
2017-10-25 16:00:00,3,20171025163,2017,10,25,16,2,0,4,43,298,23.31
2017-10-25 17:00:00,3,20171025173,2017,10,25,17,2,0,4,43,298,22.03
2017-10-25 18:00:00,3,20171025183,2017,10,25,18,2,0,4,43,298,20.64
2017-10-25 19:00:00,3,20171025193,2017,10,25,19,2,0,4,43,298,21.26
2017-10-25 20:00:00,3,20171025203,2017,10,25,20,2,0,4,43,298,21.95
2017-10-25 21:00:00,3,20171025213,2017,10,25,21,2,0,4,43,298,20.98
2017-10-25 22:00:00,3,20171025223,2017,10,25,22,2,0,4,43,298,21.01
2017-10-25 23:00:00,3,20171025233,2017,10,25,23,2,0,4,43,298,21.48
2017-10-26 00:00:00,3,20171026003,2017,10,26,0,3,0,4,43,299,19.88
2017-10-26 01:00:00,3,20171026013,2017,10,26,1,3,0,4,43,299,16.13
2017-10-26 02:00:00,3,20171026023,2017,10,26,2,3,0,4,43,299,9.17
2017-10-26 03:00:00,3,20171026033,2017,10,26,3,3,0,4,43,299,6.27
2017-10-26 04:00:00,3,20171026043,2017,10,26,4,3,0,4,43,299,6.45
2017-10-26 05:00:00,3,20171026053,2017,10,26,5,3,0,4,43,299,6.67
2017-10-26 06:00:00,3,20171026063,2017,10,26,6,3,0,4,43,299,7.55
2017-10-26 07:00:00,3,20171026073,2017,10,26,7,3,0,4,43,299,7.28
2017-10-26 08:00:00,3,20171026083,2017,10,26,8,3,0,4,43,299,11.35
2017-10-26 09:00:00,3,20171026093,2017,10,26,9,3,0,4,43,299,16.13
2017-10-26 10:00:00,3,20171026103,2017,10,26,10,3,0,4,43,299,12.69
2017-10-26 11:00:00,3,20171026113,2017,10,26,11,3,0,4,43,299,19.9
2017-10-26 12:00:00,3,20171026123,2017,10,26,12,3,0,4,43,299,21.05
2017-10-26 13:00:00,3,20171026133,2017,10,26,13,3,0,4,43,299,17.23
2017-10-26 14:00:00,3,20171026143,2017,10,26,14,3,0,4,43,299,17.9
2017-10-26 15:00:00,3,20171026153,2017,10,26,15,3,0,4,43,299,17.59
2017-10-26 16:00:00,3,20171026163,2017,10,26,16,3,0,4,43,299,16.61
2017-10-26 17:00:00,3,20171026173,2017,10,26,17,3,0,4,43,299,16.68
2017-10-26 18:00:00,3,20171026183,2017,10,26,18,3,0,4,43,299,17.55
2017-10-26 19:00:00,3,20171026193,2017,10,26,19,3,0,4,43,299,18.02
2017-10-26 20:00:00,3,20171026203,2017,10,26,20,3,0,4,43,299,17.34
2017-10-26 21:00:00,3,20171026213,2017,10,26,21,3,0,4,43,299,15.9
2017-10-26 22:00:00,3,20171026223,2017,10,26,22,3,0,4,43,299,15.28
2017-10-26 23:00:00,3,20171026233,2017,10,26,23,3,0,4,43,299,14.33
2017-10-27 00:00:00,3,20171027003,2017,10,27,0,4,0,4,43,300,15.19
2017-10-27 01:00:00,3,20171027013,2017,10,27,1,4,0,4,43,300,10.91
2017-10-27 02:00:00,3,20171027023,2017,10,27,2,4,0,4,43,300,8.65
2017-10-27 03:00:00,3,20171027033,2017,10,27,3,4,0,4,43,300,6.47
2017-10-27 04:00:00,3,20171027043,2017,10,27,4,4,0,4,43,300,7.1
2017-10-27 05:00:00,3,20171027053,2017,10,27,5,4,0,4,43,300,6.57
2017-10-27 06:00:00,3,20171027063,2017,10,27,6,4,0,4,43,300,7.18
2017-10-27 07:00:00,3,20171027073,2017,10,27,7,4,0,4,43,300,7.98
2017-10-27 08:00:00,3,20171027083,2017,10,27,8,4,0,4,43,300,11.6
2017-10-27 09:00:00,3,20171027093,2017,10,27,9,4,0,4,43,300,11.83
2017-10-27 10:00:00,3,20171027103,2017,10,27,10,4,0,4,43,300,13.04
2017-10-27 11:00:00,3,20171027113,2017,10,27,11,4,0,4,43,300,17.09
2017-10-27 12:00:00,3,20171027123,2017,10,27,12,4,0,4,43,300,17.08
2017-10-27 13:00:00,3,20171027133,2017,10,27,13,4,0,4,43,300,16.85
2017-10-27 14:00:00,3,20171027143,2017,10,27,14,4,0,4,43,300,16.37
2017-10-27 15:00:00,3,20171027153,2017,10,27,15,4,0,4,43,300,16.46
2017-10-27 16:00:00,3,20171027163,2017,10,27,16,4,0,4,43,300,15.14
2017-10-27 17:00:00,3,20171027173,2017,10,27,17,4,0,4,43,300,14.69
2017-10-27 18:00:00,3,20171027183,2017,10,27,18,4,0,4,43,300,16.19
2017-10-27 19:00:00,3,20171027193,2017,10,27,19,4,0,4,43,300,15.48
2017-10-27 20:00:00,3,20171027203,2017,10,27,20,4,0,4,43,300,15.53
2017-10-27 21:00:00,3,20171027213,2017,10,27,21,4,0,4,43,300,14.39
2017-10-27 22:00:00,3,20171027223,2017,10,27,22,4,0,4,43,300,11.3
2017-10-27 23:00:00,3,20171027233,2017,10,27,23,4,0,4,43,300,11.22
2017-10-28 00:00:00,3,20171028003,2017,10,28,0,5,1,4,43,301,17.82
2017-10-28 01:00:00,3,20171028013,2017,10,28,1,5,1,4,43,301,9.35
2017-10-28 02:00:00,3,20171028023,2017,10,28,2,5,1,4,43,301,7.02
2017-10-28 03:00:00,3,20171028033,2017,10,28,3,5,1,4,43,301,6.41
2017-10-28 04:00:00,3,20171028043,2017,10,28,4,5,1,4,43,301,6.37
2017-10-28 05:00:00,3,20171028053,2017,10,28,5,5,1,4,43,301,5.31
2017-10-28 06:00:00,3,20171028063,2017,10,28,6,5,1,4,43,301,5.77
2017-10-28 07:00:00,3,20171028073,2017,10,28,7,5,1,4,43,301,7.08
2017-10-28 08:00:00,3,20171028083,2017,10,28,8,5,1,4,43,301,11.15
2017-10-28 09:00:00,3,20171028093,2017,10,28,9,5,1,4,43,301,11.73
2017-10-28 10:00:00,3,20171028103,2017,10,28,10,5,1,4,43,301,10.6
2017-10-28 11:00:00,3,20171028113,2017,10,28,11,5,1,4,43,301,11.82
2017-10-28 12:00:00,3,20171028123,2017,10,28,12,5,1,4,43,301,11.53
2017-10-28 13:00:00,3,20171028133,2017,10,28,13,5,1,4,43,301,10.4
2017-10-28 14:00:00,3,20171028143,2017,10,28,14,5,1,4,43,301,9.26
2017-10-28 15:00:00,3,20171028153,2017,10,28,15,5,1,4,43,301,10.67
2017-10-28 16:00:00,3,20171028163,2017,10,28,16,5,1,4,43,301,8.95
2017-10-28 17:00:00,3,20171028173,2017,10,28,17,5,1,4,43,301,11.45
2017-10-28 18:00:00,3,20171028183,2017,10,28,18,5,1,4,43,301,15.32
2017-10-28 19:00:00,3,20171028193,2017,10,28,19,5,1,4,43,301,19.91
2017-10-28 20:00:00,3,20171028203,2017,10,28,20,5,1,4,43,301,24.86
2017-10-28 21:00:00,3,20171028213,2017,10,28,21,5,1,4,43,301,23.67
2017-10-28 22:00:00,3,20171028223,2017,10,28,22,5,1,4,43,301,18.05
2017-10-28 23:00:00,3,20171028233,2017,10,28,23,5,1,4,43,301,15.96
2017-10-29 00:00:00,3,20171029003,2017,10,29,0,6,1,4,43,302,18.54
2017-10-29 01:00:00,3,20171029013,2017,10,29,1,6,1,4,43,302,8.31
2017-10-29 02:00:00,3,20171029023,2017,10,29,2,6,1,4,43,302,8.64
2017-10-29 03:00:00,3,20171029033,2017,10,29,3,6,1,4,43,302,6.59
2017-10-29 04:00:00,3,20171029043,2017,10,29,4,6,1,4,43,302,5.73
2017-10-29 05:00:00,3,20171029053,2017,10,29,5,6,1,4,43,302,4.93
2017-10-29 06:00:00,3,20171029063,2017,10,29,6,6,1,4,43,302,5.12
2017-10-29 07:00:00,3,20171029073,2017,10,29,7,6,1,4,43,302,5.99
2017-10-29 08:00:00,3,20171029083,2017,10,29,8,6,1,4,43,302,10.76
2017-10-29 09:00:00,3,20171029093,2017,10,29,9,6,1,4,43,302,10.83
2017-10-29 10:00:00,3,20171029103,2017,10,29,10,6,1,4,43,302,8.21
2017-10-29 11:00:00,3,20171029113,2017,10,29,11,6,1,4,43,302,9.89
2017-10-29 12:00:00,3,20171029123,2017,10,29,12,6,1,4,43,302,9.34
2017-10-29 13:00:00,3,20171029133,2017,10,29,13,6,1,4,43,302,7.77
2017-10-29 14:00:00,3,20171029143,2017,10,29,14,6,1,4,43,302,6.7
2017-10-29 15:00:00,3,20171029153,2017,10,29,15,6,1,4,43,302,8.95
2017-10-29 16:00:00,3,20171029163,2017,10,29,16,6,1,4,43,302,7.12
2017-10-29 17:00:00,3,20171029173,2017,10,29,17,6,1,4,43,302,9.33
2017-10-29 18:00:00,3,20171029183,2017,10,29,18,6,1,4,43,302,9.64
2017-10-29 19:00:00,3,20171029193,2017,10,29,19,6,1,4,43,302,9.87
2017-10-29 20:00:00,3,20171029203,2017,10,29,20,6,1,4,43,302,9.74
2017-10-29 21:00:00,3,20171029213,2017,10,29,21,6,1,4,43,302,9.24
2017-10-29 22:00:00,3,20171029223,2017,10,29,22,6,1,4,43,302,9.81
2017-10-29 23:00:00,3,20171029233,2017,10,29,23,6,1,4,43,302,9.71
2017-10-30 00:00:00,3,20171030003,2017,10,30,0,0,0,4,44,303,15.2
2017-10-30 01:00:00,3,20171030013,2017,10,30,1,0,0,4,44,303,6.48
2017-10-30 02:00:00,3,20171030023,2017,10,30,2,0,0,4,44,303,7.61
2017-10-30 03:00:00,3,20171030033,2017,10,30,3,0,0,4,44,303,5.47
2017-10-30 04:00:00,3,20171030043,2017,10,30,4,0,0,4,44,303,6.04
2017-10-30 05:00:00,3,20171030053,2017,10,30,5,0,0,4,44,303,4.24
2017-10-30 06:00:00,3,20171030063,2017,10,30,6,0,0,4,44,303,4.15
2017-10-30 07:00:00,3,20171030073,2017,10,30,7,0,0,4,44,303,5.52
2017-10-30 08:00:00,3,20171030083,2017,10,30,8,0,0,4,44,303,7.84
2017-10-30 09:00:00,3,20171030093,2017,10,30,9,0,0,4,44,303,9.82
2017-10-30 10:00:00,3,20171030103,2017,10,30,10,0,0,4,44,303,13.11
2017-10-30 11:00:00,3,20171030113,2017,10,30,11,0,0,4,44,303,14.0
2017-10-30 12:00:00,3,20171030123,2017,10,30,12,0,0,4,44,303,13.98
2017-10-30 13:00:00,3,20171030133,2017,10,30,13,0,0,4,44,303,12.53
2017-10-30 14:00:00,3,20171030143,2017,10,30,14,0,0,4,44,303,14.2
2017-10-30 15:00:00,3,20171030153,2017,10,30,15,0,0,4,44,303,13.95
2017-10-30 16:00:00,3,20171030163,2017,10,30,16,0,0,4,44,303,13.65
2017-10-30 17:00:00,3,20171030173,2017,10,30,17,0,0,4,44,303,12.89
2017-10-30 18:00:00,3,20171030183,2017,10,30,18,0,0,4,44,303,12.59
2017-10-30 19:00:00,3,20171030193,2017,10,30,19,0,0,4,44,303,14.81
2017-10-30 20:00:00,3,20171030203,2017,10,30,20,0,0,4,44,303,15.0
2017-10-30 21:00:00,3,20171030213,2017,10,30,21,0,0,4,44,303,14.42
2017-10-30 22:00:00,3,20171030223,2017,10,30,22,0,0,4,44,303,11.5
2017-10-30 23:00:00,3,20171030233,2017,10,30,23,0,0,4,44,303,11.35
2017-10-31 00:00:00,3,20171031003,2017,10,31,0,1,0,4,44,304,11.15
2017-10-31 01:00:00,3,20171031013,2017,10,31,1,1,0,4,44,304,6.5
2017-10-31 02:00:00,3,20171031023,2017,10,31,2,1,0,4,44,304,7.74
2017-10-31 03:00:00,3,20171031033,2017,10,31,3,1,0,4,44,304,5.74
2017-10-31 04:00:00,3,20171031043,2017,10,31,4,1,0,4,44,304,6.02
2017-10-31 05:00:00,3,20171031053,2017,10,31,5,1,0,4,44,304,5.51
2017-10-31 06:00:00,3,20171031063,2017,10,31,6,1,0,4,44,304,5.47
2017-10-31 07:00:00,3,20171031073,2017,10,31,7,1,0,4,44,304,6.3
2017-10-31 08:00:00,3,20171031083,2017,10,31,8,1,0,4,44,304,7.13
2017-10-31 09:00:00,3,20171031093,2017,10,31,9,1,0,4,44,304,8.48
2017-10-31 10:00:00,3,20171031103,2017,10,31,10,1,0,4,44,304,11.71
2017-10-31 11:00:00,3,20171031113,2017,10,31,11,1,0,4,44,304,11.36
2017-10-31 12:00:00,3,20171031123,2017,10,31,12,1,0,4,44,304,11.59
2017-10-31 13:00:00,3,20171031133,2017,10,31,13,1,0,4,44,304,10.78
2017-10-31 14:00:00,3,20171031143,2017,10,31,14,1,0,4,44,304,13.21
2017-10-31 15:00:00,3,20171031153,2017,10,31,15,1,0,4,44,304,11.96
2017-10-31 16:00:00,3,20171031163,2017,10,31,16,1,0,4,44,304,11.96
2017-10-31 17:00:00,3,20171031173,2017,10,31,17,1,0,4,44,304,11.18
2017-10-31 18:00:00,3,20171031183,2017,10,31,18,1,0,4,44,304,10.62
2017-10-31 19:00:00,3,20171031193,2017,10,31,19,1,0,4,44,304,13.88
2017-10-31 20:00:00,3,20171031203,2017,10,31,20,1,0,4,44,304,14.34
2017-10-31 21:00:00,3,20171031213,2017,10,31,21,1,0,4,44,304,13.61
2017-10-31 22:00:00,3,20171031223,2017,10,31,22,1,0,4,44,304,10.65
2017-10-31 23:00:00,3,20171031233,2017,10,31,23,1,0,4,44,304,11.01
2017-07-01 00:00:00,4,20170701004,2017,7,1,0,5,1,3,26,182,10.43
2017-07-01 01:00:00,4,20170701014,2017,7,1,1,5,1,3,26,182,8.28
2017-07-01 02:00:00,4,20170701024,2017,7,1,2,5,1,3,26,182,5.77
2017-07-01 03:00:00,4,20170701034,2017,7,1,3,5,1,3,26,182,3.8
2017-07-01 04:00:00,4,20170701044,2017,7,1,4,5,1,3,26,182,4.32
2017-07-01 05:00:00,4,20170701054,2017,7,1,5,5,1,3,26,182,3.53
2017-07-01 06:00:00,4,20170701064,2017,7,1,6,5,1,3,26,182,4.2
2017-07-01 07:00:00,4,20170701074,2017,7,1,7,5,1,3,26,182,4.66
2017-07-01 08:00:00,4,20170701084,2017,7,1,8,5,1,3,26,182,5.21
2017-07-01 09:00:00,4,20170701094,2017,7,1,9,5,1,3,26,182,10.16
2017-07-01 10:00:00,4,20170701104,2017,7,1,10,5,1,3,26,182,6.81
2017-07-01 11:00:00,4,20170701114,2017,7,1,11,5,1,3,26,182,10.86
2017-07-01 12:00:00,4,20170701124,2017,7,1,12,5,1,3,26,182,10.71
2017-07-01 13:00:00,4,20170701134,2017,7,1,13,5,1,3,26,182,10.57
2017-07-01 14:00:00,4,20170701144,2017,7,1,14,5,1,3,26,182,8.77
2017-07-01 15:00:00,4,20170701154,2017,7,1,15,5,1,3,26,182,6.39
2017-07-01 16:00:00,4,20170701164,2017,7,1,16,5,1,3,26,182,5.8
2017-07-01 17:00:00,4,20170701174,2017,7,1,17,5,1,3,26,182,7.9
2017-07-01 18:00:00,4,20170701184,2017,7,1,18,5,1,3,26,182,8.76
2017-07-01 19:00:00,4,20170701194,2017,7,1,19,5,1,3,26,182,9.13
2017-07-01 20:00:00,4,20170701204,2017,7,1,20,5,1,3,26,182,9.39
2017-07-01 21:00:00,4,20170701214,2017,7,1,21,5,1,3,26,182,9.28
2017-07-01 22:00:00,4,20170701224,2017,7,1,22,5,1,3,26,182,9.4
2017-07-01 23:00:00,4,20170701234,2017,7,1,23,5,1,3,26,182,8.21
2017-07-02 00:00:00,4,20170702004,2017,7,2,0,6,1,3,26,183,11.67
2017-07-02 01:00:00,4,20170702014,2017,7,2,1,6,1,3,26,183,7.47
2017-07-02 02:00:00,4,20170702024,2017,7,2,2,6,1,3,26,183,6.89
2017-07-02 03:00:00,4,20170702034,2017,7,2,3,6,1,3,26,183,3.46
2017-07-02 04:00:00,4,20170702044,2017,7,2,4,6,1,3,26,183,4.39
2017-07-02 05:00:00,4,20170702054,2017,7,2,5,6,1,3,26,183,3.97
2017-07-02 06:00:00,4,20170702064,2017,7,2,6,6,1,3,26,183,4.13
2017-07-02 07:00:00,4,20170702074,2017,7,2,7,6,1,3,26,183,5.63
2017-07-02 08:00:00,4,20170702084,2017,7,2,8,6,1,3,26,183,6.33
2017-07-02 09:00:00,4,20170702094,2017,7,2,9,6,1,3,26,183,9.38
2017-07-02 10:00:00,4,20170702104,2017,7,2,10,6,1,3,26,183,6.26
2017-07-02 11:00:00,4,20170702114,2017,7,2,11,6,1,3,26,183,10.32
2017-07-02 12:00:00,4,20170702124,2017,7,2,12,6,1,3,26,183,9.96
2017-07-02 13:00:00,4,20170702134,2017,7,2,13,6,1,3,26,183,8.89
2017-07-02 14:00:00,4,20170702144,2017,7,2,14,6,1,3,26,183,8.19
2017-07-02 15:00:00,4,20170702154,2017,7,2,15,6,1,3,26,183,6.48
2017-07-02 16:00:00,4,20170702164,2017,7,2,16,6,1,3,26,183,5.94
2017-07-02 17:00:00,4,20170702174,2017,7,2,17,6,1,3,26,183,7.79
2017-07-02 18:00:00,4,20170702184,2017,7,2,18,6,1,3,26,183,9.02
2017-07-02 19:00:00,4,20170702194,2017,7,2,19,6,1,3,26,183,9.53
2017-07-02 20:00:00,4,20170702204,2017,7,2,20,6,1,3,26,183,9.09
2017-07-02 21:00:00,4,20170702214,2017,7,2,21,6,1,3,26,183,8.81
2017-07-02 22:00:00,4,20170702224,2017,7,2,22,6,1,3,26,183,9.2
2017-07-02 23:00:00,4,20170702234,2017,7,2,23,6,1,3,26,183,8.3
2017-07-03 00:00:00,4,20170703004,2017,7,3,0,0,0,3,27,184,8.19
2017-07-03 01:00:00,4,20170703014,2017,7,3,1,0,0,3,27,184,6.89
2017-07-03 02:00:00,4,20170703024,2017,7,3,2,0,0,3,27,184,4.47
2017-07-03 03:00:00,4,20170703034,2017,7,3,3,0,0,3,27,184,3.32
2017-07-03 04:00:00,4,20170703044,2017,7,3,4,0,0,3,27,184,3.59
2017-07-03 05:00:00,4,20170703054,2017,7,3,5,0,0,3,27,184,3.6
2017-07-03 06:00:00,4,20170703064,2017,7,3,6,0,0,3,27,184,4.46
2017-07-03 07:00:00,4,20170703074,2017,7,3,7,0,0,3,27,184,5.55
2017-07-03 08:00:00,4,20170703084,2017,7,3,8,0,0,3,27,184,6.06
2017-07-03 09:00:00,4,20170703094,2017,7,3,9,0,0,3,27,184,8.88
2017-07-03 10:00:00,4,20170703104,2017,7,3,10,0,0,3,27,184,9.56
2017-07-03 11:00:00,4,20170703114,2017,7,3,11,0,0,3,27,184,10.94
2017-07-03 12:00:00,4,20170703124,2017,7,3,12,0,0,3,27,184,11.07
2017-07-03 13:00:00,4,20170703134,2017,7,3,13,0,0,3,27,184,10.71
2017-07-03 14:00:00,4,20170703144,2017,7,3,14,0,0,3,27,184,10.89
2017-07-03 15:00:00,4,20170703154,2017,7,3,15,0,0,3,27,184,11.38
2017-07-03 16:00:00,4,20170703164,2017,7,3,16,0,0,3,27,184,12.58
2017-07-03 17:00:00,4,20170703174,2017,7,3,17,0,0,3,27,184,11.91
2017-07-03 18:00:00,4,20170703184,2017,7,3,18,0,0,3,27,184,10.02
2017-07-03 19:00:00,4,20170703194,2017,7,3,19,0,0,3,27,184,8.9
2017-07-03 20:00:00,4,20170703204,2017,7,3,20,0,0,3,27,184,8.79
2017-07-03 21:00:00,4,20170703214,2017,7,3,21,0,0,3,27,184,8.64
2017-07-03 22:00:00,4,20170703224,2017,7,3,22,0,0,3,27,184,7.99
2017-07-03 23:00:00,4,20170703234,2017,7,3,23,0,0,3,27,184,9.02
2017-07-04 00:00:00,4,20170704004,2017,7,4,0,1,0,3,27,185,8.56
2017-07-04 01:00:00,4,20170704014,2017,7,4,1,1,0,3,27,185,7.04
2017-07-04 02:00:00,4,20170704024,2017,7,4,2,1,0,3,27,185,4.23
2017-07-04 03:00:00,4,20170704034,2017,7,4,3,1,0,3,27,185,2.73
2017-07-04 04:00:00,4,20170704044,2017,7,4,4,1,0,3,27,185,3.11
2017-07-04 05:00:00,4,20170704054,2017,7,4,5,1,0,3,27,185,3.89
2017-07-04 06:00:00,4,20170704064,2017,7,4,6,1,0,3,27,185,4.06
2017-07-04 07:00:00,4,20170704074,2017,7,4,7,1,0,3,27,185,5.29
2017-07-04 08:00:00,4,20170704084,2017,7,4,8,1,0,3,27,185,5.71
2017-07-04 09:00:00,4,20170704094,2017,7,4,9,1,0,3,27,185,8.81
2017-07-04 10:00:00,4,20170704104,2017,7,4,10,1,0,3,27,185,8.89
2017-07-04 11:00:00,4,20170704114,2017,7,4,11,1,0,3,27,185,11.14
2017-07-04 12:00:00,4,20170704124,2017,7,4,12,1,0,3,27,185,11.4
2017-07-04 13:00:00,4,20170704134,2017,7,4,13,1,0,3,27,185,12.55
2017-07-04 14:00:00,4,20170704144,2017,7,4,14,1,0,3,27,185,12.39
2017-07-04 15:00:00,4,20170704154,2017,7,4,15,1,0,3,27,185,12.86
2017-07-04 16:00:00,4,20170704164,2017,7,4,16,1,0,3,27,185,14.26
2017-07-04 17:00:00,4,20170704174,2017,7,4,17,1,0,3,27,185,12.69
2017-07-04 18:00:00,4,20170704184,2017,7,4,18,1,0,3,27,185,10.04
2017-07-04 19:00:00,4,20170704194,2017,7,4,19,1,0,3,27,185,8.87
2017-07-04 20:00:00,4,20170704204,2017,7,4,20,1,0,3,27,185,8.66
2017-07-04 21:00:00,4,20170704214,2017,7,4,21,1,0,3,27,185,8.65
2017-07-04 22:00:00,4,20170704224,2017,7,4,22,1,0,3,27,185,8.28
2017-07-04 23:00:00,4,20170704234,2017,7,4,23,1,0,3,27,185,9.1
2017-07-05 00:00:00,4,20170705004,2017,7,5,0,2,0,3,27,186,8.76
2017-07-05 01:00:00,4,20170705014,2017,7,5,1,2,0,3,27,186,7.82
2017-07-05 02:00:00,4,20170705024,2017,7,5,2,2,0,3,27,186,4.45
2017-07-05 03:00:00,4,20170705034,2017,7,5,3,2,0,3,27,186,3.61
2017-07-05 04:00:00,4,20170705044,2017,7,5,4,2,0,3,27,186,4.04
2017-07-05 05:00:00,4,20170705054,2017,7,5,5,2,0,3,27,186,5.27
2017-07-05 06:00:00,4,20170705064,2017,7,5,6,2,0,3,27,186,4.32
2017-07-05 07:00:00,4,20170705074,2017,7,5,7,2,0,3,27,186,4.75
2017-07-05 08:00:00,4,20170705084,2017,7,5,8,2,0,3,27,186,4.71
2017-07-05 09:00:00,4,20170705094,2017,7,5,9,2,0,3,27,186,8.91
2017-07-05 10:00:00,4,20170705104,2017,7,5,10,2,0,3,27,186,8.71
2017-07-05 11:00:00,4,20170705114,2017,7,5,11,2,0,3,27,186,10.55
2017-07-05 12:00:00,4,20170705124,2017,7,5,12,2,0,3,27,186,11.96
2017-07-05 13:00:00,4,20170705134,2017,7,5,13,2,0,3,27,186,13.8
2017-07-05 14:00:00,4,20170705144,2017,7,5,14,2,0,3,27,186,13.33
2017-07-05 15:00:00,4,20170705154,2017,7,5,15,2,0,3,27,186,13.83
2017-07-05 16:00:00,4,20170705164,2017,7,5,16,2,0,3,27,186,14.62
2017-07-05 17:00:00,4,20170705174,2017,7,5,17,2,0,3,27,186,13.15
2017-07-05 18:00:00,4,20170705184,2017,7,5,18,2,0,3,27,186,10.48
2017-07-05 19:00:00,4,20170705194,2017,7,5,19,2,0,3,27,186,10.61
2017-07-05 20:00:00,4,20170705204,2017,7,5,20,2,0,3,27,186,9.21
2017-07-05 21:00:00,4,20170705214,2017,7,5,21,2,0,3,27,186,8.82
2017-07-05 22:00:00,4,20170705224,2017,7,5,22,2,0,3,27,186,9.87
2017-07-05 23:00:00,4,20170705234,2017,7,5,23,2,0,3,27,186,8.86
2017-07-06 00:00:00,4,20170706004,2017,7,6,0,3,0,3,27,187,8.3
2017-07-06 01:00:00,4,20170706014,2017,7,6,1,3,0,3,27,187,6.95
2017-07-06 02:00:00,4,20170706024,2017,7,6,2,3,0,3,27,187,4.92
2017-07-06 03:00:00,4,20170706034,2017,7,6,3,3,0,3,27,187,4.51
2017-07-06 04:00:00,4,20170706044,2017,7,6,4,3,0,3,27,187,4.28
2017-07-06 05:00:00,4,20170706054,2017,7,6,5,3,0,3,27,187,5.31
2017-07-06 06:00:00,4,20170706064,2017,7,6,6,3,0,3,27,187,4.77
2017-07-06 07:00:00,4,20170706074,2017,7,6,7,3,0,3,27,187,4.59
2017-07-06 08:00:00,4,20170706084,2017,7,6,8,3,0,3,27,187,5.08
2017-07-06 09:00:00,4,20170706094,2017,7,6,9,3,0,3,27,187,8.03
2017-07-06 10:00:00,4,20170706104,2017,7,6,10,3,0,3,27,187,8.63
2017-07-06 11:00:00,4,20170706114,2017,7,6,11,3,0,3,27,187,10.52
2017-07-06 12:00:00,4,20170706124,2017,7,6,12,3,0,3,27,187,11.74
2017-07-06 13:00:00,4,20170706134,2017,7,6,13,3,0,3,27,187,13.91
2017-07-06 14:00:00,4,20170706144,2017,7,6,14,3,0,3,27,187,13.81
2017-07-06 15:00:00,4,20170706154,2017,7,6,15,3,0,3,27,187,14.41
2017-07-06 16:00:00,4,20170706164,2017,7,6,16,3,0,3,27,187,13.6
2017-07-06 17:00:00,4,20170706174,2017,7,6,17,3,0,3,27,187,11.99
2017-07-06 18:00:00,4,20170706184,2017,7,6,18,3,0,3,27,187,10.17
2017-07-06 19:00:00,4,20170706194,2017,7,6,19,3,0,3,27,187,11.23
2017-07-06 20:00:00,4,20170706204,2017,7,6,20,3,0,3,27,187,9.48
2017-07-06 21:00:00,4,20170706214,2017,7,6,21,3,0,3,27,187,8.74
2017-07-06 22:00:00,4,20170706224,2017,7,6,22,3,0,3,27,187,10.63
2017-07-06 23:00:00,4,20170706234,2017,7,6,23,3,0,3,27,187,8.54
2017-07-07 00:00:00,4,20170707004,2017,7,7,0,4,0,3,27,188,7.64
2017-07-07 01:00:00,4,20170707014,2017,7,7,1,4,0,3,27,188,6.2
2017-07-07 02:00:00,4,20170707024,2017,7,7,2,4,0,3,27,188,4.94
2017-07-07 03:00:00,4,20170707034,2017,7,7,3,4,0,3,27,188,5.65
2017-07-07 04:00:00,4,20170707044,2017,7,7,4,4,0,3,27,188,3.57
2017-07-07 05:00:00,4,20170707054,2017,7,7,5,4,0,3,27,188,4.4
2017-07-07 06:00:00,4,20170707064,2017,7,7,6,4,0,3,27,188,4.34
2017-07-07 07:00:00,4,20170707074,2017,7,7,7,4,0,3,27,188,4.87
2017-07-07 08:00:00,4,20170707084,2017,7,7,8,4,0,3,27,188,6.37
2017-07-07 09:00:00,4,20170707094,2017,7,7,9,4,0,3,27,188,7.41
2017-07-07 10:00:00,4,20170707104,2017,7,7,10,4,0,3,27,188,9.16
2017-07-07 11:00:00,4,20170707114,2017,7,7,11,4,0,3,27,188,10.34
2017-07-07 12:00:00,4,20170707124,2017,7,7,12,4,0,3,27,188,10.84
2017-07-07 13:00:00,4,20170707134,2017,7,7,13,4,0,3,27,188,12.44
2017-07-07 14:00:00,4,20170707144,2017,7,7,14,4,0,3,27,188,13.32
2017-07-07 15:00:00,4,20170707154,2017,7,7,15,4,0,3,27,188,13.81
2017-07-07 16:00:00,4,20170707164,2017,7,7,16,4,0,3,27,188,12.06
2017-07-07 17:00:00,4,20170707174,2017,7,7,17,4,0,3,27,188,10.78
2017-07-07 18:00:00,4,20170707184,2017,7,7,18,4,0,3,27,188,10.69
2017-07-07 19:00:00,4,20170707194,2017,7,7,19,4,0,3,27,188,12.03
2017-07-07 20:00:00,4,20170707204,2017,7,7,20,4,0,3,27,188,8.95
2017-07-07 21:00:00,4,20170707214,2017,7,7,21,4,0,3,27,188,8.97
2017-07-07 22:00:00,4,20170707224,2017,7,7,22,4,0,3,27,188,9.55
2017-07-07 23:00:00,4,20170707234,2017,7,7,23,4,0,3,27,188,9.4
2017-07-08 00:00:00,4,20170708004,2017,7,8,0,5,1,3,27,189,7.29
2017-07-08 01:00:00,4,20170708014,2017,7,8,1,5,1,3,27,189,4.95
2017-07-08 02:00:00,4,20170708024,2017,7,8,2,5,1,3,27,189,4.77
2017-07-08 03:00:00,4,20170708034,2017,7,8,3,5,1,3,27,189,4.47
2017-07-08 04:00:00,4,20170708044,2017,7,8,4,5,1,3,27,189,3.19
2017-07-08 05:00:00,4,20170708054,2017,7,8,5,5,1,3,27,189,4.03
2017-07-08 06:00:00,4,20170708064,2017,7,8,6,5,1,3,27,189,3.88
2017-07-08 07:00:00,4,20170708074,2017,7,8,7,5,1,3,27,189,3.98
2017-07-08 08:00:00,4,20170708084,2017,7,8,8,5,1,3,27,189,7.99
2017-07-08 09:00:00,4,20170708094,2017,7,8,9,5,1,3,27,189,10.25
2017-07-08 10:00:00,4,20170708104,2017,7,8,10,5,1,3,27,189,16.78
2017-07-08 11:00:00,4,20170708114,2017,7,8,11,5,1,3,27,189,16.61
2017-07-08 12:00:00,4,20170708124,2017,7,8,12,5,1,3,27,189,14.67
2017-07-08 13:00:00,4,20170708134,2017,7,8,13,5,1,3,27,189,13.12
2017-07-08 14:00:00,4,20170708144,2017,7,8,14,5,1,3,27,189,12.52
2017-07-08 15:00:00,4,20170708154,2017,7,8,15,5,1,3,27,189,11.6
2017-07-08 16:00:00,4,20170708164,2017,7,8,16,5,1,3,27,189,10.89
2017-07-08 17:00:00,4,20170708174,2017,7,8,17,5,1,3,27,189,11.15
2017-07-08 18:00:00,4,20170708184,2017,7,8,18,5,1,3,27,189,10.72
2017-07-08 19:00:00,4,20170708194,2017,7,8,19,5,1,3,27,189,11.39
2017-07-08 20:00:00,4,20170708204,2017,7,8,20,5,1,3,27,189,11.32
2017-07-08 21:00:00,4,20170708214,2017,7,8,21,5,1,3,27,189,10.02
2017-07-08 22:00:00,4,20170708224,2017,7,8,22,5,1,3,27,189,10.23
2017-07-08 23:00:00,4,20170708234,2017,7,8,23,5,1,3,27,189,10.58
2017-07-09 00:00:00,4,20170709004,2017,7,9,0,6,1,3,27,190,8.94
2017-07-09 01:00:00,4,20170709014,2017,7,9,1,6,1,3,27,190,5.11
2017-07-09 02:00:00,4,20170709024,2017,7,9,2,6,1,3,27,190,4.57
2017-07-09 03:00:00,4,20170709034,2017,7,9,3,6,1,3,27,190,3.87
2017-07-09 04:00:00,4,20170709044,2017,7,9,4,6,1,3,27,190,3.45
2017-07-09 05:00:00,4,20170709054,2017,7,9,5,6,1,3,27,190,4.03
2017-07-09 06:00:00,4,20170709064,2017,7,9,6,6,1,3,27,190,3.47
2017-07-09 07:00:00,4,20170709074,2017,7,9,7,6,1,3,27,190,3.8
2017-07-09 08:00:00,4,20170709084,2017,7,9,8,6,1,3,27,190,8.42
2017-07-09 09:00:00,4,20170709094,2017,7,9,9,6,1,3,27,190,10.47
2017-07-09 10:00:00,4,20170709104,2017,7,9,10,6,1,3,27,190,13.42
2017-07-09 11:00:00,4,20170709114,2017,7,9,11,6,1,3,27,190,13.97
2017-07-09 12:00:00,4,20170709124,2017,7,9,12,6,1,3,27,190,12.19
2017-07-09 13:00:00,4,20170709134,2017,7,9,13,6,1,3,27,190,10.81
2017-07-09 14:00:00,4,20170709144,2017,7,9,14,6,1,3,27,190,11.15
2017-07-09 15:00:00,4,20170709154,2017,7,9,15,6,1,3,27,190,10.64
2017-07-09 16:00:00,4,20170709164,2017,7,9,16,6,1,3,27,190,10.17
2017-07-09 17:00:00,4,20170709174,2017,7,9,17,6,1,3,27,190,10.48
2017-07-09 18:00:00,4,20170709184,2017,7,9,18,6,1,3,27,190,11.0
2017-07-09 19:00:00,4,20170709194,2017,7,9,19,6,1,3,27,190,11.22
2017-07-09 20:00:00,4,20170709204,2017,7,9,20,6,1,3,27,190,10.55
2017-07-09 21:00:00,4,20170709214,2017,7,9,21,6,1,3,27,190,9.94
2017-07-09 22:00:00,4,20170709224,2017,7,9,22,6,1,3,27,190,9.6
2017-07-09 23:00:00,4,20170709234,2017,7,9,23,6,1,3,27,190,10.32
2017-07-10 00:00:00,4,20170710004,2017,7,10,0,0,0,3,28,191,6.27
2017-07-10 01:00:00,4,20170710014,2017,7,10,1,0,0,3,28,191,6.45
2017-07-10 02:00:00,4,20170710024,2017,7,10,2,0,0,3,28,191,5.13
2017-07-10 03:00:00,4,20170710034,2017,7,10,3,0,0,3,28,191,5.15
2017-07-10 04:00:00,4,20170710044,2017,7,10,4,0,0,3,28,191,4.93
2017-07-10 05:00:00,4,20170710054,2017,7,10,5,0,0,3,28,191,4.15
2017-07-10 06:00:00,4,20170710064,2017,7,10,6,0,0,3,28,191,4.59
2017-07-10 07:00:00,4,20170710074,2017,7,10,7,0,0,3,28,191,5.04
2017-07-10 08:00:00,4,20170710084,2017,7,10,8,0,0,3,28,191,12.37
2017-07-10 09:00:00,4,20170710094,2017,7,10,9,0,0,3,28,191,11.29
2017-07-10 10:00:00,4,20170710104,2017,7,10,10,0,0,3,28,191,15.15
2017-07-10 11:00:00,4,20170710114,2017,7,10,11,0,0,3,28,191,17.75
2017-07-10 12:00:00,4,20170710124,2017,7,10,12,0,0,3,28,191,15.29
2017-07-10 13:00:00,4,20170710134,2017,7,10,13,0,0,3,28,191,14.4
2017-07-10 14:00:00,4,20170710144,2017,7,10,14,0,0,3,28,191,16.37
2017-07-10 15:00:00,4,20170710154,2017,7,10,15,0,0,3,28,191,16.34
2017-07-10 16:00:00,4,20170710164,2017,7,10,16,0,0,3,28,191,14.89
2017-07-10 17:00:00,4,20170710174,2017,7,10,17,0,0,3,28,191,15.04
2017-07-10 18:00:00,4,20170710184,2017,7,10,18,0,0,3,28,191,11.8
2017-07-10 19:00:00,4,20170710194,2017,7,10,19,0,0,3,28,191,11.99
2017-07-10 20:00:00,4,20170710204,2017,7,10,20,0,0,3,28,191,11.78
2017-07-10 21:00:00,4,20170710214,2017,7,10,21,0,0,3,28,191,10.03
2017-07-10 22:00:00,4,20170710224,2017,7,10,22,0,0,3,28,191,10.69
2017-07-10 23:00:00,4,20170710234,2017,7,10,23,0,0,3,28,191,10.61
2017-07-11 00:00:00,4,20170711004,2017,7,11,0,1,0,3,28,192,7.62
2017-07-11 01:00:00,4,20170711014,2017,7,11,1,1,0,3,28,192,6.98
2017-07-11 02:00:00,4,20170711024,2017,7,11,2,1,0,3,28,192,5.82
2017-07-11 03:00:00,4,20170711034,2017,7,11,3,1,0,3,28,192,4.59
2017-07-11 04:00:00,4,20170711044,2017,7,11,4,1,0,3,28,192,4.81
2017-07-11 05:00:00,4,20170711054,2017,7,11,5,1,0,3,28,192,4.77
2017-07-11 06:00:00,4,20170711064,2017,7,11,6,1,0,3,28,192,4.88
2017-07-11 07:00:00,4,20170711074,2017,7,11,7,1,0,3,28,192,4.75
2017-07-11 08:00:00,4,20170711084,2017,7,11,8,1,0,3,28,192,9.23
2017-07-11 09:00:00,4,20170711094,2017,7,11,9,1,0,3,28,192,7.77
2017-07-11 10:00:00,4,20170711104,2017,7,11,10,1,0,3,28,192,14.27
2017-07-11 11:00:00,4,20170711114,2017,7,11,11,1,0,3,28,192,18.27
2017-07-11 12:00:00,4,20170711124,2017,7,11,12,1,0,3,28,192,15.81
2017-07-11 13:00:00,4,20170711134,2017,7,11,13,1,0,3,28,192,14.55
2017-07-11 14:00:00,4,20170711144,2017,7,11,14,1,0,3,28,192,16.82
2017-07-11 15:00:00,4,20170711154,2017,7,11,15,1,0,3,28,192,16.92
2017-07-11 16:00:00,4,20170711164,2017,7,11,16,1,0,3,28,192,16.3
2017-07-11 17:00:00,4,20170711174,2017,7,11,17,1,0,3,28,192,16.61
2017-07-11 18:00:00,4,20170711184,2017,7,11,18,1,0,3,28,192,12.84
2017-07-11 19:00:00,4,20170711194,2017,7,11,19,1,0,3,28,192,12.89
2017-07-11 20:00:00,4,20170711204,2017,7,11,20,1,0,3,28,192,12.86
2017-07-11 21:00:00,4,20170711214,2017,7,11,21,1,0,3,28,192,11.01
2017-07-11 22:00:00,4,20170711224,2017,7,11,22,1,0,3,28,192,11.16
2017-07-11 23:00:00,4,20170711234,2017,7,11,23,1,0,3,28,192,10.63
2017-07-12 00:00:00,4,20170712004,2017,7,12,0,2,0,3,28,193,7.59
2017-07-12 01:00:00,4,20170712014,2017,7,12,1,2,0,3,28,193,7.61
2017-07-12 02:00:00,4,20170712024,2017,7,12,2,2,0,3,28,193,6.22
2017-07-12 03:00:00,4,20170712034,2017,7,12,3,2,0,3,28,193,4.68
2017-07-12 04:00:00,4,20170712044,2017,7,12,4,2,0,3,28,193,5.16
2017-07-12 05:00:00,4,20170712054,2017,7,12,5,2,0,3,28,193,5.23
2017-07-12 06:00:00,4,20170712064,2017,7,12,6,2,0,3,28,193,5.17
2017-07-12 07:00:00,4,20170712074,2017,7,12,7,2,0,3,28,193,5.12
2017-07-12 08:00:00,4,20170712084,2017,7,12,8,2,0,3,28,193,8.33
2017-07-12 09:00:00,4,20170712094,2017,7,12,9,2,0,3,28,193,7.57
2017-07-12 10:00:00,4,20170712104,2017,7,12,10,2,0,3,28,193,12.25
2017-07-12 11:00:00,4,20170712114,2017,7,12,11,2,0,3,28,193,15.8
2017-07-12 12:00:00,4,20170712124,2017,7,12,12,2,0,3,28,193,14.04
2017-07-12 13:00:00,4,20170712134,2017,7,12,13,2,0,3,28,193,13.51
2017-07-12 14:00:00,4,20170712144,2017,7,12,14,2,0,3,28,193,15.24
2017-07-12 15:00:00,4,20170712154,2017,7,12,15,2,0,3,28,193,15.97
2017-07-12 16:00:00,4,20170712164,2017,7,12,16,2,0,3,28,193,15.58
2017-07-12 17:00:00,4,20170712174,2017,7,12,17,2,0,3,28,193,16.94
2017-07-12 18:00:00,4,20170712184,2017,7,12,18,2,0,3,28,193,12.37
2017-07-12 19:00:00,4,20170712194,2017,7,12,19,2,0,3,28,193,13.22
2017-07-12 20:00:00,4,20170712204,2017,7,12,20,2,0,3,28,193,13.13
2017-07-12 21:00:00,4,20170712214,2017,7,12,21,2,0,3,28,193,11.29
2017-07-12 22:00:00,4,20170712224,2017,7,12,22,2,0,3,28,193,11.86
2017-07-12 23:00:00,4,20170712234,2017,7,12,23,2,0,3,28,193,10.98
2017-07-13 00:00:00,4,20170713004,2017,7,13,0,3,0,3,28,194,8.48
2017-07-13 01:00:00,4,20170713014,2017,7,13,1,3,0,3,28,194,8.05
2017-07-13 02:00:00,4,20170713024,2017,7,13,2,3,0,3,28,194,6.31
2017-07-13 03:00:00,4,20170713034,2017,7,13,3,3,0,3,28,194,5.01
2017-07-13 04:00:00,4,20170713044,2017,7,13,4,3,0,3,28,194,4.94
2017-07-13 05:00:00,4,20170713054,2017,7,13,5,3,0,3,28,194,4.19
2017-07-13 06:00:00,4,20170713064,2017,7,13,6,3,0,3,28,194,5.0
2017-07-13 07:00:00,4,20170713074,2017,7,13,7,3,0,3,28,194,5.6
2017-07-13 08:00:00,4,20170713084,2017,7,13,8,3,0,3,28,194,7.57
2017-07-13 09:00:00,4,20170713094,2017,7,13,9,3,0,3,28,194,6.7
2017-07-13 10:00:00,4,20170713104,2017,7,13,10,3,0,3,28,194,13.14
2017-07-13 11:00:00,4,20170713114,2017,7,13,11,3,0,3,28,194,14.55
2017-07-13 12:00:00,4,20170713124,2017,7,13,12,3,0,3,28,194,13.44
2017-07-13 13:00:00,4,20170713134,2017,7,13,13,3,0,3,28,194,12.81
2017-07-13 14:00:00,4,20170713144,2017,7,13,14,3,0,3,28,194,14.14
2017-07-13 15:00:00,4,20170713154,2017,7,13,15,3,0,3,28,194,14.45
2017-07-13 16:00:00,4,20170713164,2017,7,13,16,3,0,3,28,194,17.48
2017-07-13 17:00:00,4,20170713174,2017,7,13,17,3,0,3,28,194,18.59
2017-07-13 18:00:00,4,20170713184,2017,7,13,18,3,0,3,28,194,14.0
2017-07-13 19:00:00,4,20170713194,2017,7,13,19,3,0,3,28,194,14.5
2017-07-13 20:00:00,4,20170713204,2017,7,13,20,3,0,3,28,194,13.61
2017-07-13 21:00:00,4,20170713214,2017,7,13,21,3,0,3,28,194,11.11
2017-07-13 22:00:00,4,20170713224,2017,7,13,22,3,0,3,28,194,11.01
2017-07-13 23:00:00,4,20170713234,2017,7,13,23,3,0,3,28,194,11.69
2017-07-14 00:00:00,4,20170714004,2017,7,14,0,4,0,3,28,195,12.07
2017-07-14 01:00:00,4,20170714014,2017,7,14,1,4,0,3,28,195,10.39
2017-07-14 02:00:00,4,20170714024,2017,7,14,2,4,0,3,28,195,6.15
2017-07-14 03:00:00,4,20170714034,2017,7,14,3,4,0,3,28,195,5.32
2017-07-14 04:00:00,4,20170714044,2017,7,14,4,4,0,3,28,195,4.8
2017-07-14 05:00:00,4,20170714054,2017,7,14,5,4,0,3,28,195,3.75
2017-07-14 06:00:00,4,20170714064,2017,7,14,6,4,0,3,28,195,4.72
2017-07-14 07:00:00,4,20170714074,2017,7,14,7,4,0,3,28,195,5.69
2017-07-14 08:00:00,4,20170714084,2017,7,14,8,4,0,3,28,195,8.21
2017-07-14 09:00:00,4,20170714094,2017,7,14,9,4,0,3,28,195,9.11
2017-07-14 10:00:00,4,20170714104,2017,7,14,10,4,0,3,28,195,13.72
2017-07-14 11:00:00,4,20170714114,2017,7,14,11,4,0,3,28,195,14.34
2017-07-14 12:00:00,4,20170714124,2017,7,14,12,4,0,3,28,195,13.15
2017-07-14 13:00:00,4,20170714134,2017,7,14,13,4,0,3,28,195,12.55
2017-07-14 14:00:00,4,20170714144,2017,7,14,14,4,0,3,28,195,14.04
2017-07-14 15:00:00,4,20170714154,2017,7,14,15,4,0,3,28,195,14.22
2017-07-14 16:00:00,4,20170714164,2017,7,14,16,4,0,3,28,195,18.02
2017-07-14 17:00:00,4,20170714174,2017,7,14,17,4,0,3,28,195,19.12
2017-07-14 18:00:00,4,20170714184,2017,7,14,18,4,0,3,28,195,14.83
2017-07-14 19:00:00,4,20170714194,2017,7,14,19,4,0,3,28,195,15.19
2017-07-14 20:00:00,4,20170714204,2017,7,14,20,4,0,3,28,195,13.85
2017-07-14 21:00:00,4,20170714214,2017,7,14,21,4,0,3,28,195,11.23
2017-07-14 22:00:00,4,20170714224,2017,7,14,22,4,0,3,28,195,10.35
2017-07-14 23:00:00,4,20170714234,2017,7,14,23,4,0,3,28,195,12.34
2017-07-15 00:00:00,4,20170715004,2017,7,15,0,5,1,3,28,196,19.35
2017-07-15 01:00:00,4,20170715014,2017,7,15,1,5,1,3,28,196,15.58
2017-07-15 02:00:00,4,20170715024,2017,7,15,2,5,1,3,28,196,6.44
2017-07-15 03:00:00,4,20170715034,2017,7,15,3,5,1,3,28,196,5.93
2017-07-15 04:00:00,4,20170715044,2017,7,15,4,5,1,3,28,196,5.51
2017-07-15 05:00:00,4,20170715054,2017,7,15,5,5,1,3,28,196,3.99
2017-07-15 06:00:00,4,20170715064,2017,7,15,6,5,1,3,28,196,4.8
2017-07-15 07:00:00,4,20170715074,2017,7,15,7,5,1,3,28,196,6.24
2017-07-15 08:00:00,4,20170715084,2017,7,15,8,5,1,3,28,196,13.28
2017-07-15 09:00:00,4,20170715094,2017,7,15,9,5,1,3,28,196,14.4
2017-07-15 10:00:00,4,20170715104,2017,7,15,10,5,1,3,28,196,17.72
2017-07-15 11:00:00,4,20170715114,2017,7,15,11,5,1,3,28,196,17.18
2017-07-15 12:00:00,4,20170715124,2017,7,15,12,5,1,3,28,196,16.48
2017-07-15 13:00:00,4,20170715134,2017,7,15,13,5,1,3,28,196,16.08
2017-07-15 14:00:00,4,20170715144,2017,7,15,14,5,1,3,28,196,16.75
2017-07-15 15:00:00,4,20170715154,2017,7,15,15,5,1,3,28,196,16.49
2017-07-15 16:00:00,4,20170715164,2017,7,15,16,5,1,3,28,196,20.32
2017-07-15 17:00:00,4,20170715174,2017,7,15,17,5,1,3,28,196,19.44
2017-07-15 18:00:00,4,20170715184,2017,7,15,18,5,1,3,28,196,28.41
2017-07-15 19:00:00,4,20170715194,2017,7,15,19,5,1,3,28,196,33.63
2017-07-15 20:00:00,4,20170715204,2017,7,15,20,5,1,3,28,196,32.12
2017-07-15 21:00:00,4,20170715214,2017,7,15,21,5,1,3,28,196,30.2
2017-07-15 22:00:00,4,20170715224,2017,7,15,22,5,1,3,28,196,25.83
2017-07-15 23:00:00,4,20170715234,2017,7,15,23,5,1,3,28,196,21.61
2017-07-16 00:00:00,4,20170716004,2017,7,16,0,6,1,3,28,197,28.94
2017-07-16 01:00:00,4,20170716014,2017,7,16,1,6,1,3,28,197,19.77
2017-07-16 02:00:00,4,20170716024,2017,7,16,2,6,1,3,28,197,9.06
2017-07-16 03:00:00,4,20170716034,2017,7,16,3,6,1,3,28,197,7.49
2017-07-16 04:00:00,4,20170716044,2017,7,16,4,6,1,3,28,197,9.2
2017-07-16 05:00:00,4,20170716054,2017,7,16,5,6,1,3,28,197,7.08
2017-07-16 06:00:00,4,20170716064,2017,7,16,6,6,1,3,28,197,7.19
2017-07-16 07:00:00,4,20170716074,2017,7,16,7,6,1,3,28,197,9.37
2017-07-16 08:00:00,4,20170716084,2017,7,16,8,6,1,3,28,197,13.1
2017-07-16 09:00:00,4,20170716094,2017,7,16,9,6,1,3,28,197,16.9
2017-07-16 10:00:00,4,20170716104,2017,7,16,10,6,1,3,28,197,22.64
2017-07-16 11:00:00,4,20170716114,2017,7,16,11,6,1,3,28,197,23.47
2017-07-16 12:00:00,4,20170716124,2017,7,16,12,6,1,3,28,197,24.66
2017-07-16 13:00:00,4,20170716134,2017,7,16,13,6,1,3,28,197,26.1
2017-07-16 14:00:00,4,20170716144,2017,7,16,14,6,1,3,28,197,25.25
2017-07-16 15:00:00,4,20170716154,2017,7,16,15,6,1,3,28,197,24.8
2017-07-16 16:00:00,4,20170716164,2017,7,16,16,6,1,3,28,197,23.75
2017-07-16 17:00:00,4,20170716174,2017,7,16,17,6,1,3,28,197,23.42
2017-07-16 18:00:00,4,20170716184,2017,7,16,18,6,1,3,28,197,53.34
2017-07-16 19:00:00,4,20170716194,2017,7,16,19,6,1,3,28,197,77.7
2017-07-16 20:00:00,4,20170716204,2017,7,16,20,6,1,3,28,197,90.46
2017-07-16 21:00:00,4,20170716214,2017,7,16,21,6,1,3,28,197,79.8
2017-07-16 22:00:00,4,20170716224,2017,7,16,22,6,1,3,28,197,71.99
2017-07-16 23:00:00,4,20170716234,2017,7,16,23,6,1,3,28,197,50.65
2017-07-17 00:00:00,4,20170717004,2017,7,17,0,0,0,3,29,198,14.7
2017-07-17 01:00:00,4,20170717014,2017,7,17,1,0,0,3,29,198,11.05
2017-07-17 02:00:00,4,20170717024,2017,7,17,2,0,0,3,29,198,7.41
2017-07-17 03:00:00,4,20170717034,2017,7,17,3,0,0,3,29,198,7.36
2017-07-17 04:00:00,4,20170717044,2017,7,17,4,0,0,3,29,198,7.86
2017-07-17 05:00:00,4,20170717054,2017,7,17,5,0,0,3,29,198,7.07
2017-07-17 06:00:00,4,20170717064,2017,7,17,6,0,0,3,29,198,5.48
2017-07-17 07:00:00,4,20170717074,2017,7,17,7,0,0,3,29,198,7.1
2017-07-17 08:00:00,4,20170717084,2017,7,17,8,0,0,3,29,198,8.36
2017-07-17 09:00:00,4,20170717094,2017,7,17,9,0,0,3,29,198,13.89
2017-07-17 10:00:00,4,20170717104,2017,7,17,10,0,0,3,29,198,22.42
2017-07-17 11:00:00,4,20170717114,2017,7,17,11,0,0,3,29,198,23.04
2017-07-17 12:00:00,4,20170717124,2017,7,17,12,0,0,3,29,198,24.08
2017-07-17 13:00:00,4,20170717134,2017,7,17,13,0,0,3,29,198,24.34
2017-07-17 14:00:00,4,20170717144,2017,7,17,14,0,0,3,29,198,22.0
2017-07-17 15:00:00,4,20170717154,2017,7,17,15,0,0,3,29,198,20.02
2017-07-17 16:00:00,4,20170717164,2017,7,17,16,0,0,3,29,198,18.3
2017-07-17 17:00:00,4,20170717174,2017,7,17,17,0,0,3,29,198,17.06
2017-07-17 18:00:00,4,20170717184,2017,7,17,18,0,0,3,29,198,35.06
2017-07-17 19:00:00,4,20170717194,2017,7,17,19,0,0,3,29,198,41.48
2017-07-17 20:00:00,4,20170717204,2017,7,17,20,0,0,3,29,198,42.34
2017-07-17 21:00:00,4,20170717214,2017,7,17,21,0,0,3,29,198,36.06
2017-07-17 22:00:00,4,20170717224,2017,7,17,22,0,0,3,29,198,34.37
2017-07-17 23:00:00,4,20170717234,2017,7,17,23,0,0,3,29,198,25.6
2017-07-18 00:00:00,4,20170718004,2017,7,18,0,1,0,3,29,199,16.51
2017-07-18 01:00:00,4,20170718014,2017,7,18,1,1,0,3,29,199,11.66
2017-07-18 02:00:00,4,20170718024,2017,7,18,2,1,0,3,29,199,9.27
2017-07-18 03:00:00,4,20170718034,2017,7,18,3,1,0,3,29,199,6.79
2017-07-18 04:00:00,4,20170718044,2017,7,18,4,1,0,3,29,199,7.17
2017-07-18 05:00:00,4,20170718054,2017,7,18,5,1,0,3,29,199,6.73
2017-07-18 06:00:00,4,20170718064,2017,7,18,6,1,0,3,29,199,5.13
2017-07-18 07:00:00,4,20170718074,2017,7,18,7,1,0,3,29,199,6.6
2017-07-18 08:00:00,4,20170718084,2017,7,18,8,1,0,3,29,199,7.15
2017-07-18 09:00:00,4,20170718094,2017,7,18,9,1,0,3,29,199,11.74
2017-07-18 10:00:00,4,20170718104,2017,7,18,10,1,0,3,29,199,20.2
2017-07-18 11:00:00,4,20170718114,2017,7,18,11,1,0,3,29,199,20.03
2017-07-18 12:00:00,4,20170718124,2017,7,18,12,1,0,3,29,199,21.46
2017-07-18 13:00:00,4,20170718134,2017,7,18,13,1,0,3,29,199,21.63
2017-07-18 14:00:00,4,20170718144,2017,7,18,14,1,0,3,29,199,19.44
2017-07-18 15:00:00,4,20170718154,2017,7,18,15,1,0,3,29,199,17.83
2017-07-18 16:00:00,4,20170718164,2017,7,18,16,1,0,3,29,199,16.02
2017-07-18 17:00:00,4,20170718174,2017,7,18,17,1,0,3,29,199,14.91
2017-07-18 18:00:00,4,20170718184,2017,7,18,18,1,0,3,29,199,17.43
2017-07-18 19:00:00,4,20170718194,2017,7,18,19,1,0,3,29,199,17.71
2017-07-18 20:00:00,4,20170718204,2017,7,18,20,1,0,3,29,199,15.16
2017-07-18 21:00:00,4,20170718214,2017,7,18,21,1,0,3,29,199,15.14
2017-07-18 22:00:00,4,20170718224,2017,7,18,22,1,0,3,29,199,14.99
2017-07-18 23:00:00,4,20170718234,2017,7,18,23,1,0,3,29,199,13.37
2017-07-19 00:00:00,4,20170719004,2017,7,19,0,2,0,3,29,200,16.84
2017-07-19 01:00:00,4,20170719014,2017,7,19,1,2,0,3,29,200,11.73
2017-07-19 02:00:00,4,20170719024,2017,7,19,2,2,0,3,29,200,9.46
2017-07-19 03:00:00,4,20170719034,2017,7,19,3,2,0,3,29,200,6.73
2017-07-19 04:00:00,4,20170719044,2017,7,19,4,2,0,3,29,200,6.11
2017-07-19 05:00:00,4,20170719054,2017,7,19,5,2,0,3,29,200,6.55
2017-07-19 06:00:00,4,20170719064,2017,7,19,6,2,0,3,29,200,4.93
2017-07-19 07:00:00,4,20170719074,2017,7,19,7,2,0,3,29,200,5.72
2017-07-19 08:00:00,4,20170719084,2017,7,19,8,2,0,3,29,200,7.65
2017-07-19 09:00:00,4,20170719094,2017,7,19,9,2,0,3,29,200,10.61
2017-07-19 10:00:00,4,20170719104,2017,7,19,10,2,0,3,29,200,17.54
2017-07-19 11:00:00,4,20170719114,2017,7,19,11,2,0,3,29,200,18.39
2017-07-19 12:00:00,4,20170719124,2017,7,19,12,2,0,3,29,200,18.6
2017-07-19 13:00:00,4,20170719134,2017,7,19,13,2,0,3,29,200,19.09
2017-07-19 14:00:00,4,20170719144,2017,7,19,14,2,0,3,29,200,18.53
2017-07-19 15:00:00,4,20170719154,2017,7,19,15,2,0,3,29,200,16.99
2017-07-19 16:00:00,4,20170719164,2017,7,19,16,2,0,3,29,200,16.66
2017-07-19 17:00:00,4,20170719174,2017,7,19,17,2,0,3,29,200,16.5
2017-07-19 18:00:00,4,20170719184,2017,7,19,18,2,0,3,29,200,18.67
2017-07-19 19:00:00,4,20170719194,2017,7,19,19,2,0,3,29,200,20.37
2017-07-19 20:00:00,4,20170719204,2017,7,19,20,2,0,3,29,200,17.96
2017-07-19 21:00:00,4,20170719214,2017,7,19,21,2,0,3,29,200,17.1
2017-07-19 22:00:00,4,20170719224,2017,7,19,22,2,0,3,29,200,16.28
2017-07-19 23:00:00,4,20170719234,2017,7,19,23,2,0,3,29,200,14.11
2017-07-20 00:00:00,4,20170720004,2017,7,20,0,3,0,3,29,201,18.96
2017-07-20 01:00:00,4,20170720014,2017,7,20,1,3,0,3,29,201,11.99
2017-07-20 02:00:00,4,20170720024,2017,7,20,2,3,0,3,29,201,8.74
2017-07-20 03:00:00,4,20170720034,2017,7,20,3,3,0,3,29,201,6.65
2017-07-20 04:00:00,4,20170720044,2017,7,20,4,3,0,3,29,201,5.21
2017-07-20 05:00:00,4,20170720054,2017,7,20,5,3,0,3,29,201,6.01
2017-07-20 06:00:00,4,20170720064,2017,7,20,6,3,0,3,29,201,5.38
2017-07-20 07:00:00,4,20170720074,2017,7,20,7,3,0,3,29,201,5.06
2017-07-20 08:00:00,4,20170720084,2017,7,20,8,3,0,3,29,201,9.41
2017-07-20 09:00:00,4,20170720094,2017,7,20,9,3,0,3,29,201,9.89
2017-07-20 10:00:00,4,20170720104,2017,7,20,10,3,0,3,29,201,15.51
2017-07-20 11:00:00,4,20170720114,2017,7,20,11,3,0,3,29,201,17.84
2017-07-20 12:00:00,4,20170720124,2017,7,20,12,3,0,3,29,201,18.16
2017-07-20 13:00:00,4,20170720134,2017,7,20,13,3,0,3,29,201,19.58
2017-07-20 14:00:00,4,20170720144,2017,7,20,14,3,0,3,29,201,19.85
2017-07-20 15:00:00,4,20170720154,2017,7,20,15,3,0,3,29,201,18.72
2017-07-20 16:00:00,4,20170720164,2017,7,20,16,3,0,3,29,201,16.84
2017-07-20 17:00:00,4,20170720174,2017,7,20,17,3,0,3,29,201,17.26
2017-07-20 18:00:00,4,20170720184,2017,7,20,18,3,0,3,29,201,62.43
2017-07-20 19:00:00,4,20170720194,2017,7,20,19,3,0,3,29,201,52.98
2017-07-20 20:00:00,4,20170720204,2017,7,20,20,3,0,3,29,201,39.26
2017-07-20 21:00:00,4,20170720214,2017,7,20,21,3,0,3,29,201,33.74
2017-07-20 22:00:00,4,20170720224,2017,7,20,22,3,0,3,29,201,32.72
2017-07-20 23:00:00,4,20170720234,2017,7,20,23,3,0,3,29,201,29.09
2017-07-21 00:00:00,4,20170721004,2017,7,21,0,4,0,3,29,202,25.94
2017-07-21 01:00:00,4,20170721014,2017,7,21,1,4,0,3,29,202,14.01
2017-07-21 02:00:00,4,20170721024,2017,7,21,2,4,0,3,29,202,8.69
2017-07-21 03:00:00,4,20170721034,2017,7,21,3,4,0,3,29,202,7.96
2017-07-21 04:00:00,4,20170721044,2017,7,21,4,4,0,3,29,202,7.28
2017-07-21 05:00:00,4,20170721054,2017,7,21,5,4,0,3,29,202,7.25
2017-07-21 06:00:00,4,20170721064,2017,7,21,6,4,0,3,29,202,7.95
2017-07-21 07:00:00,4,20170721074,2017,7,21,7,4,0,3,29,202,7.07
2017-07-21 08:00:00,4,20170721084,2017,7,21,8,4,0,3,29,202,12.76
2017-07-21 09:00:00,4,20170721094,2017,7,21,9,4,0,3,29,202,14.88
2017-07-21 10:00:00,4,20170721104,2017,7,21,10,4,0,3,29,202,19.27
2017-07-21 11:00:00,4,20170721114,2017,7,21,11,4,0,3,29,202,21.62
2017-07-21 12:00:00,4,20170721124,2017,7,21,12,4,0,3,29,202,21.78
2017-07-21 13:00:00,4,20170721134,2017,7,21,13,4,0,3,29,202,21.18
2017-07-21 14:00:00,4,20170721144,2017,7,21,14,4,0,3,29,202,22.98
2017-07-21 15:00:00,4,20170721154,2017,7,21,15,4,0,3,29,202,22.51
2017-07-21 16:00:00,4,20170721164,2017,7,21,16,4,0,3,29,202,19.21
2017-07-21 17:00:00,4,20170721174,2017,7,21,17,4,0,3,29,202,20.09
2017-07-21 18:00:00,4,20170721184,2017,7,21,18,4,0,3,29,202,54.89
2017-07-21 19:00:00,4,20170721194,2017,7,21,19,4,0,3,29,202,51.34
2017-07-21 20:00:00,4,20170721204,2017,7,21,20,4,0,3,29,202,41.76
2017-07-21 21:00:00,4,20170721214,2017,7,21,21,4,0,3,29,202,36.89
2017-07-21 22:00:00,4,20170721224,2017,7,21,22,4,0,3,29,202,36.99
2017-07-21 23:00:00,4,20170721234,2017,7,21,23,4,0,3,29,202,35.49
2017-07-22 00:00:00,4,20170722004,2017,7,22,0,5,1,3,29,203,34.21
2017-07-22 01:00:00,4,20170722014,2017,7,22,1,5,1,3,29,203,23.69
2017-07-22 02:00:00,4,20170722024,2017,7,22,2,5,1,3,29,203,13.42
2017-07-22 03:00:00,4,20170722034,2017,7,22,3,5,1,3,29,203,10.8
2017-07-22 04:00:00,4,20170722044,2017,7,22,4,5,1,3,29,203,10.72
2017-07-22 05:00:00,4,20170722054,2017,7,22,5,5,1,3,29,203,9.89
2017-07-22 06:00:00,4,20170722064,2017,7,22,6,5,1,3,29,203,11.53
2017-07-22 07:00:00,4,20170722074,2017,7,22,7,5,1,3,29,203,12.07
2017-07-22 08:00:00,4,20170722084,2017,7,22,8,5,1,3,29,203,20.37
2017-07-22 09:00:00,4,20170722094,2017,7,22,9,5,1,3,29,203,24.79
2017-07-22 10:00:00,4,20170722104,2017,7,22,10,5,1,3,29,203,31.02
2017-07-22 11:00:00,4,20170722114,2017,7,22,11,5,1,3,29,203,33.05
2017-07-22 12:00:00,4,20170722124,2017,7,22,12,5,1,3,29,203,33.19
2017-07-22 13:00:00,4,20170722134,2017,7,22,13,5,1,3,29,203,31.4
2017-07-22 14:00:00,4,20170722144,2017,7,22,14,5,1,3,29,203,32.28
2017-07-22 15:00:00,4,20170722154,2017,7,22,15,5,1,3,29,203,31.76
2017-07-22 16:00:00,4,20170722164,2017,7,22,16,5,1,3,29,203,31.54
2017-07-22 17:00:00,4,20170722174,2017,7,22,17,5,1,3,29,203,31.68
2017-07-22 18:00:00,4,20170722184,2017,7,22,18,5,1,3,29,203,47.86
2017-07-22 19:00:00,4,20170722194,2017,7,22,19,5,1,3,29,203,46.35
2017-07-22 20:00:00,4,20170722204,2017,7,22,20,5,1,3,29,203,46.12
2017-07-22 21:00:00,4,20170722214,2017,7,22,21,5,1,3,29,203,42.92
2017-07-22 22:00:00,4,20170722224,2017,7,22,22,5,1,3,29,203,43.41
2017-07-22 23:00:00,4,20170722234,2017,7,22,23,5,1,3,29,203,41.68
2017-07-23 00:00:00,4,20170723004,2017,7,23,0,6,1,3,29,204,51.1
2017-07-23 01:00:00,4,20170723014,2017,7,23,1,6,1,3,29,204,30.27
2017-07-23 02:00:00,4,20170723024,2017,7,23,2,6,1,3,29,204,21.28
2017-07-23 03:00:00,4,20170723034,2017,7,23,3,6,1,3,29,204,15.0
2017-07-23 04:00:00,4,20170723044,2017,7,23,4,6,1,3,29,204,13.39
2017-07-23 05:00:00,4,20170723054,2017,7,23,5,6,1,3,29,204,12.05
2017-07-23 06:00:00,4,20170723064,2017,7,23,6,6,1,3,29,204,15.0
2017-07-23 07:00:00,4,20170723074,2017,7,23,7,6,1,3,29,204,16.96
2017-07-23 08:00:00,4,20170723084,2017,7,23,8,6,1,3,29,204,20.54
2017-07-23 09:00:00,4,20170723094,2017,7,23,9,6,1,3,29,204,26.72
2017-07-23 10:00:00,4,20170723104,2017,7,23,10,6,1,3,29,204,38.6
2017-07-23 11:00:00,4,20170723114,2017,7,23,11,6,1,3,29,204,41.0
2017-07-23 12:00:00,4,20170723124,2017,7,23,12,6,1,3,29,204,40.26
2017-07-23 13:00:00,4,20170723134,2017,7,23,13,6,1,3,29,204,39.38
2017-07-23 14:00:00,4,20170723144,2017,7,23,14,6,1,3,29,204,39.3
2017-07-23 15:00:00,4,20170723154,2017,7,23,15,6,1,3,29,204,37.29
2017-07-23 16:00:00,4,20170723164,2017,7,23,16,6,1,3,29,204,38.34
2017-07-23 17:00:00,4,20170723174,2017,7,23,17,6,1,3,29,204,38.98
2017-07-23 18:00:00,4,20170723184,2017,7,23,18,6,1,3,29,204,40.06
2017-07-23 19:00:00,4,20170723194,2017,7,23,19,6,1,3,29,204,39.25
2017-07-23 20:00:00,4,20170723204,2017,7,23,20,6,1,3,29,204,40.88
2017-07-23 21:00:00,4,20170723214,2017,7,23,21,6,1,3,29,204,40.76
2017-07-23 22:00:00,4,20170723224,2017,7,23,22,6,1,3,29,204,41.79
2017-07-23 23:00:00,4,20170723234,2017,7,23,23,6,1,3,29,204,44.34
2017-07-24 00:00:00,4,20170724004,2017,7,24,0,0,0,3,30,205,50.21
2017-07-24 01:00:00,4,20170724014,2017,7,24,1,0,0,3,30,205,26.7
2017-07-24 02:00:00,4,20170724024,2017,7,24,2,0,0,3,30,205,12.37
2017-07-24 03:00:00,4,20170724034,2017,7,24,3,0,0,3,30,205,10.78
2017-07-24 04:00:00,4,20170724044,2017,7,24,4,0,0,3,30,205,8.1
2017-07-24 05:00:00,4,20170724054,2017,7,24,5,0,0,3,30,205,7.81
2017-07-24 06:00:00,4,20170724064,2017,7,24,6,0,0,3,30,205,10.0
2017-07-24 07:00:00,4,20170724074,2017,7,24,7,0,0,3,30,205,13.66
2017-07-24 08:00:00,4,20170724084,2017,7,24,8,0,0,3,30,205,16.17
2017-07-24 09:00:00,4,20170724094,2017,7,24,9,0,0,3,30,205,16.89
2017-07-24 10:00:00,4,20170724104,2017,7,24,10,0,0,3,30,205,29.21
2017-07-24 11:00:00,4,20170724114,2017,7,24,11,0,0,3,30,205,31.61
2017-07-24 12:00:00,4,20170724124,2017,7,24,12,0,0,3,30,205,28.77
2017-07-24 13:00:00,4,20170724134,2017,7,24,13,0,0,3,30,205,24.12
2017-07-24 14:00:00,4,20170724144,2017,7,24,14,0,0,3,30,205,25.03
2017-07-24 15:00:00,4,20170724154,2017,7,24,15,0,0,3,30,205,25.74
2017-07-24 16:00:00,4,20170724164,2017,7,24,16,0,0,3,30,205,25.3
2017-07-24 17:00:00,4,20170724174,2017,7,24,17,0,0,3,30,205,25.27
2017-07-24 18:00:00,4,20170724184,2017,7,24,18,0,0,3,30,205,33.5
2017-07-24 19:00:00,4,20170724194,2017,7,24,19,0,0,3,30,205,29.42
2017-07-24 20:00:00,4,20170724204,2017,7,24,20,0,0,3,30,205,25.57
2017-07-24 21:00:00,4,20170724214,2017,7,24,21,0,0,3,30,205,23.36
2017-07-24 22:00:00,4,20170724224,2017,7,24,22,0,0,3,30,205,23.55
2017-07-24 23:00:00,4,20170724234,2017,7,24,23,0,0,3,30,205,23.73
2017-07-25 00:00:00,4,20170725004,2017,7,25,0,1,0,3,30,206,38.01
2017-07-25 01:00:00,4,20170725014,2017,7,25,1,1,0,3,30,206,21.14
2017-07-25 02:00:00,4,20170725024,2017,7,25,2,1,0,3,30,206,11.46
2017-07-25 03:00:00,4,20170725034,2017,7,25,3,1,0,3,30,206,10.23
2017-07-25 04:00:00,4,20170725044,2017,7,25,4,1,0,3,30,206,7.7
2017-07-25 05:00:00,4,20170725054,2017,7,25,5,1,0,3,30,206,7.05
2017-07-25 06:00:00,4,20170725064,2017,7,25,6,1,0,3,30,206,9.18
2017-07-25 07:00:00,4,20170725074,2017,7,25,7,1,0,3,30,206,11.87
2017-07-25 08:00:00,4,20170725084,2017,7,25,8,1,0,3,30,206,13.64
2017-07-25 09:00:00,4,20170725094,2017,7,25,9,1,0,3,30,206,14.67
2017-07-25 10:00:00,4,20170725104,2017,7,25,10,1,0,3,30,206,29.09
2017-07-25 11:00:00,4,20170725114,2017,7,25,11,1,0,3,30,206,31.1
2017-07-25 12:00:00,4,20170725124,2017,7,25,12,1,0,3,30,206,28.01
2017-07-25 13:00:00,4,20170725134,2017,7,25,13,1,0,3,30,206,23.46
2017-07-25 14:00:00,4,20170725144,2017,7,25,14,1,0,3,30,206,24.26
2017-07-25 15:00:00,4,20170725154,2017,7,25,15,1,0,3,30,206,25.16
2017-07-25 16:00:00,4,20170725164,2017,7,25,16,1,0,3,30,206,24.82
2017-07-25 17:00:00,4,20170725174,2017,7,25,17,1,0,3,30,206,24.8
2017-07-25 18:00:00,4,20170725184,2017,7,25,18,1,0,3,30,206,33.46
2017-07-25 19:00:00,4,20170725194,2017,7,25,19,1,0,3,30,206,29.84
2017-07-25 20:00:00,4,20170725204,2017,7,25,20,1,0,3,30,206,25.72
2017-07-25 21:00:00,4,20170725214,2017,7,25,21,1,0,3,30,206,23.21
2017-07-25 22:00:00,4,20170725224,2017,7,25,22,1,0,3,30,206,23.33
2017-07-25 23:00:00,4,20170725234,2017,7,25,23,1,0,3,30,206,23.4
2017-07-26 00:00:00,4,20170726004,2017,7,26,0,2,0,3,30,207,31.6
2017-07-26 01:00:00,4,20170726014,2017,7,26,1,2,0,3,30,207,16.01
2017-07-26 02:00:00,4,20170726024,2017,7,26,2,2,0,3,30,207,9.87
2017-07-26 03:00:00,4,20170726034,2017,7,26,3,2,0,3,30,207,8.96
2017-07-26 04:00:00,4,20170726044,2017,7,26,4,2,0,3,30,207,6.85
2017-07-26 05:00:00,4,20170726054,2017,7,26,5,2,0,3,30,207,6.27
2017-07-26 06:00:00,4,20170726064,2017,7,26,6,2,0,3,30,207,7.82
2017-07-26 07:00:00,4,20170726074,2017,7,26,7,2,0,3,30,207,11.27
2017-07-26 08:00:00,4,20170726084,2017,7,26,8,2,0,3,30,207,12.27
2017-07-26 09:00:00,4,20170726094,2017,7,26,9,2,0,3,30,207,12.5
2017-07-26 10:00:00,4,20170726104,2017,7,26,10,2,0,3,30,207,31.13
2017-07-26 11:00:00,4,20170726114,2017,7,26,11,2,0,3,30,207,32.75
2017-07-26 12:00:00,4,20170726124,2017,7,26,12,2,0,3,30,207,28.31
2017-07-26 13:00:00,4,20170726134,2017,7,26,13,2,0,3,30,207,21.38
2017-07-26 14:00:00,4,20170726144,2017,7,26,14,2,0,3,30,207,22.79
2017-07-26 15:00:00,4,20170726154,2017,7,26,15,2,0,3,30,207,21.93
2017-07-26 16:00:00,4,20170726164,2017,7,26,16,2,0,3,30,207,21.29
2017-07-26 17:00:00,4,20170726174,2017,7,26,17,2,0,3,30,207,19.75
2017-07-26 18:00:00,4,20170726184,2017,7,26,18,2,0,3,30,207,23.36
2017-07-26 19:00:00,4,20170726194,2017,7,26,19,2,0,3,30,207,20.37
2017-07-26 20:00:00,4,20170726204,2017,7,26,20,2,0,3,30,207,17.88
2017-07-26 21:00:00,4,20170726214,2017,7,26,21,2,0,3,30,207,16.42
2017-07-26 22:00:00,4,20170726224,2017,7,26,22,2,0,3,30,207,16.68
2017-07-26 23:00:00,4,20170726234,2017,7,26,23,2,0,3,30,207,17.44
2017-07-27 00:00:00,4,20170727004,2017,7,27,0,3,0,3,30,208,17.73
2017-07-27 01:00:00,4,20170727014,2017,7,27,1,3,0,3,30,208,10.6
2017-07-27 02:00:00,4,20170727024,2017,7,27,2,3,0,3,30,208,6.99
2017-07-27 03:00:00,4,20170727034,2017,7,27,3,3,0,3,30,208,5.86
2017-07-27 04:00:00,4,20170727044,2017,7,27,4,3,0,3,30,208,5.79
2017-07-27 05:00:00,4,20170727054,2017,7,27,5,3,0,3,30,208,4.65
2017-07-27 06:00:00,4,20170727064,2017,7,27,6,3,0,3,30,208,3.36
2017-07-27 07:00:00,4,20170727074,2017,7,27,7,3,0,3,30,208,6.5
2017-07-27 08:00:00,4,20170727084,2017,7,27,8,3,0,3,30,208,8.67
2017-07-27 09:00:00,4,20170727094,2017,7,27,9,3,0,3,30,208,10.72
2017-07-27 10:00:00,4,20170727104,2017,7,27,10,3,0,3,30,208,13.39
2017-07-27 11:00:00,4,20170727114,2017,7,27,11,3,0,3,30,208,15.08
2017-07-27 12:00:00,4,20170727124,2017,7,27,12,3,0,3,30,208,14.93
2017-07-27 13:00:00,4,20170727134,2017,7,27,13,3,0,3,30,208,14.88
2017-07-27 14:00:00,4,20170727144,2017,7,27,14,3,0,3,30,208,15.34
2017-07-27 15:00:00,4,20170727154,2017,7,27,15,3,0,3,30,208,14.4
2017-07-27 16:00:00,4,20170727164,2017,7,27,16,3,0,3,30,208,14.98
2017-07-27 17:00:00,4,20170727174,2017,7,27,17,3,0,3,30,208,14.22
2017-07-27 18:00:00,4,20170727184,2017,7,27,18,3,0,3,30,208,15.15
2017-07-27 19:00:00,4,20170727194,2017,7,27,19,3,0,3,30,208,15.24
2017-07-27 20:00:00,4,20170727204,2017,7,27,20,3,0,3,30,208,14.68
2017-07-27 21:00:00,4,20170727214,2017,7,27,21,3,0,3,30,208,13.19
2017-07-27 22:00:00,4,20170727224,2017,7,27,22,3,0,3,30,208,12.39
2017-07-27 23:00:00,4,20170727234,2017,7,27,23,3,0,3,30,208,12.09
2017-07-28 00:00:00,4,20170728004,2017,7,28,0,4,0,3,30,209,13.17
2017-07-28 01:00:00,4,20170728014,2017,7,28,1,4,0,3,30,209,9.5
2017-07-28 02:00:00,4,20170728024,2017,7,28,2,4,0,3,30,209,8.29
2017-07-28 03:00:00,4,20170728034,2017,7,28,3,4,0,3,30,209,5.32
2017-07-28 04:00:00,4,20170728044,2017,7,28,4,4,0,3,30,209,5.13
2017-07-28 05:00:00,4,20170728054,2017,7,28,5,4,0,3,30,209,4.83
2017-07-28 06:00:00,4,20170728064,2017,7,28,6,4,0,3,30,209,3.71
2017-07-28 07:00:00,4,20170728074,2017,7,28,7,4,0,3,30,209,7.09
2017-07-28 08:00:00,4,20170728084,2017,7,28,8,4,0,3,30,209,8.11
2017-07-28 09:00:00,4,20170728094,2017,7,28,9,4,0,3,30,209,10.76
2017-07-28 10:00:00,4,20170728104,2017,7,28,10,4,0,3,30,209,11.27
2017-07-28 11:00:00,4,20170728114,2017,7,28,11,4,0,3,30,209,12.76
2017-07-28 12:00:00,4,20170728124,2017,7,28,12,4,0,3,30,209,12.95
2017-07-28 13:00:00,4,20170728134,2017,7,28,13,4,0,3,30,209,13.67
2017-07-28 14:00:00,4,20170728144,2017,7,28,14,4,0,3,30,209,13.16
2017-07-28 15:00:00,4,20170728154,2017,7,28,15,4,0,3,30,209,12.34
2017-07-28 16:00:00,4,20170728164,2017,7,28,16,4,0,3,30,209,12.15
2017-07-28 17:00:00,4,20170728174,2017,7,28,17,4,0,3,30,209,10.76
2017-07-28 18:00:00,4,20170728184,2017,7,28,18,4,0,3,30,209,13.55
2017-07-28 19:00:00,4,20170728194,2017,7,28,19,4,0,3,30,209,14.61
2017-07-28 20:00:00,4,20170728204,2017,7,28,20,4,0,3,30,209,14.06
2017-07-28 21:00:00,4,20170728214,2017,7,28,21,4,0,3,30,209,11.5
2017-07-28 22:00:00,4,20170728224,2017,7,28,22,4,0,3,30,209,11.42
2017-07-28 23:00:00,4,20170728234,2017,7,28,23,4,0,3,30,209,11.26
2017-07-29 00:00:00,4,20170729004,2017,7,29,0,5,1,3,30,210,11.07
2017-07-29 01:00:00,4,20170729014,2017,7,29,1,5,1,3,30,210,9.13
2017-07-29 02:00:00,4,20170729024,2017,7,29,2,5,1,3,30,210,7.25
2017-07-29 03:00:00,4,20170729034,2017,7,29,3,5,1,3,30,210,5.04
2017-07-29 04:00:00,4,20170729044,2017,7,29,4,5,1,3,30,210,4.25
2017-07-29 05:00:00,4,20170729054,2017,7,29,5,5,1,3,30,210,5.15
2017-07-29 06:00:00,4,20170729064,2017,7,29,6,5,1,3,30,210,3.67
2017-07-29 07:00:00,4,20170729074,2017,7,29,7,5,1,3,30,210,7.63
2017-07-29 08:00:00,4,20170729084,2017,7,29,8,5,1,3,30,210,6.75
2017-07-29 09:00:00,4,20170729094,2017,7,29,9,5,1,3,30,210,10.29
2017-07-29 10:00:00,4,20170729104,2017,7,29,10,5,1,3,30,210,9.19
2017-07-29 11:00:00,4,20170729114,2017,7,29,11,5,1,3,30,210,10.6
2017-07-29 12:00:00,4,20170729124,2017,7,29,12,5,1,3,30,210,8.75
2017-07-29 13:00:00,4,20170729134,2017,7,29,13,5,1,3,30,210,11.42
2017-07-29 14:00:00,4,20170729144,2017,7,29,14,5,1,3,30,210,10.62
2017-07-29 15:00:00,4,20170729154,2017,7,29,15,5,1,3,30,210,11.43
2017-07-29 16:00:00,4,20170729164,2017,7,29,16,5,1,3,30,210,9.84
2017-07-29 17:00:00,4,20170729174,2017,7,29,17,5,1,3,30,210,8.38
2017-07-29 18:00:00,4,20170729184,2017,7,29,18,5,1,3,30,210,11.82
2017-07-29 19:00:00,4,20170729194,2017,7,29,19,5,1,3,30,210,10.72
2017-07-29 20:00:00,4,20170729204,2017,7,29,20,5,1,3,30,210,9.47
2017-07-29 21:00:00,4,20170729214,2017,7,29,21,5,1,3,30,210,8.77
2017-07-29 22:00:00,4,20170729224,2017,7,29,22,5,1,3,30,210,11.06
2017-07-29 23:00:00,4,20170729234,2017,7,29,23,5,1,3,30,210,10.34
2017-07-30 00:00:00,4,20170730004,2017,7,30,0,6,1,3,30,211,10.44
2017-07-30 01:00:00,4,20170730014,2017,7,30,1,6,1,3,30,211,8.69
2017-07-30 02:00:00,4,20170730024,2017,7,30,2,6,1,3,30,211,6.94
2017-07-30 03:00:00,4,20170730034,2017,7,30,3,6,1,3,30,211,5.43
2017-07-30 04:00:00,4,20170730044,2017,7,30,4,6,1,3,30,211,4.44
2017-07-30 05:00:00,4,20170730054,2017,7,30,5,6,1,3,30,211,5.2
2017-07-30 06:00:00,4,20170730064,2017,7,30,6,6,1,3,30,211,4.03
2017-07-30 07:00:00,4,20170730074,2017,7,30,7,6,1,3,30,211,7.29
2017-07-30 08:00:00,4,20170730084,2017,7,30,8,6,1,3,30,211,6.19
2017-07-30 09:00:00,4,20170730094,2017,7,30,9,6,1,3,30,211,8.18
2017-07-30 10:00:00,4,20170730104,2017,7,30,10,6,1,3,30,211,7.69
2017-07-30 11:00:00,4,20170730114,2017,7,30,11,6,1,3,30,211,9.33
2017-07-30 12:00:00,4,20170730124,2017,7,30,12,6,1,3,30,211,8.06
2017-07-30 13:00:00,4,20170730134,2017,7,30,13,6,1,3,30,211,8.86
2017-07-30 14:00:00,4,20170730144,2017,7,30,14,6,1,3,30,211,9.73
2017-07-30 15:00:00,4,20170730154,2017,7,30,15,6,1,3,30,211,10.62
2017-07-30 16:00:00,4,20170730164,2017,7,30,16,6,1,3,30,211,10.05
2017-07-30 17:00:00,4,20170730174,2017,7,30,17,6,1,3,30,211,8.54
2017-07-30 18:00:00,4,20170730184,2017,7,30,18,6,1,3,30,211,11.13
2017-07-30 19:00:00,4,20170730194,2017,7,30,19,6,1,3,30,211,10.66
2017-07-30 20:00:00,4,20170730204,2017,7,30,20,6,1,3,30,211,9.08
2017-07-30 21:00:00,4,20170730214,2017,7,30,21,6,1,3,30,211,8.33
2017-07-30 22:00:00,4,20170730224,2017,7,30,22,6,1,3,30,211,11.27
2017-07-30 23:00:00,4,20170730234,2017,7,30,23,6,1,3,30,211,10.09
2017-07-31 00:00:00,4,20170731004,2017,7,31,0,0,0,3,31,212,12.53
2017-07-31 01:00:00,4,20170731014,2017,7,31,1,0,0,3,31,212,9.84
2017-07-31 02:00:00,4,20170731024,2017,7,31,2,0,0,3,31,212,7.1
2017-07-31 03:00:00,4,20170731034,2017,7,31,3,0,0,3,31,212,5.51
2017-07-31 04:00:00,4,20170731044,2017,7,31,4,0,0,3,31,212,4.53
2017-07-31 05:00:00,4,20170731054,2017,7,31,5,0,0,3,31,212,4.78
2017-07-31 06:00:00,4,20170731064,2017,7,31,6,0,0,3,31,212,4.39
2017-07-31 07:00:00,4,20170731074,2017,7,31,7,0,0,3,31,212,8.13
2017-07-31 08:00:00,4,20170731084,2017,7,31,8,0,0,3,31,212,6.7
2017-07-31 09:00:00,4,20170731094,2017,7,31,9,0,0,3,31,212,8.8
2017-07-31 10:00:00,4,20170731104,2017,7,31,10,0,0,3,31,212,12.75
2017-07-31 11:00:00,4,20170731114,2017,7,31,11,0,0,3,31,212,14.5
2017-07-31 12:00:00,4,20170731124,2017,7,31,12,0,0,3,31,212,14.38
2017-07-31 13:00:00,4,20170731134,2017,7,31,13,0,0,3,31,212,13.9
2017-07-31 14:00:00,4,20170731144,2017,7,31,14,0,0,3,31,212,14.3
2017-07-31 15:00:00,4,20170731154,2017,7,31,15,0,0,3,31,212,14.65
2017-07-31 16:00:00,4,20170731164,2017,7,31,16,0,0,3,31,212,13.64
2017-07-31 17:00:00,4,20170731174,2017,7,31,17,0,0,3,31,212,13.47
2017-07-31 18:00:00,4,20170731184,2017,7,31,18,0,0,3,31,212,13.59
2017-07-31 19:00:00,4,20170731194,2017,7,31,19,0,0,3,31,212,14.86
2017-07-31 20:00:00,4,20170731204,2017,7,31,20,0,0,3,31,212,14.33
2017-07-31 21:00:00,4,20170731214,2017,7,31,21,0,0,3,31,212,14.14
2017-07-31 22:00:00,4,20170731224,2017,7,31,22,0,0,3,31,212,12.82
2017-07-31 23:00:00,4,20170731234,2017,7,31,23,0,0,3,31,212,12.65
2017-08-01 00:00:00,4,20170801004,2017,8,1,0,1,0,3,31,213,9.58
2017-08-01 01:00:00,4,20170801014,2017,8,1,1,1,0,3,31,213,10.62
2017-08-01 02:00:00,4,20170801024,2017,8,1,2,1,0,3,31,213,6.28
2017-08-01 03:00:00,4,20170801034,2017,8,1,3,1,0,3,31,213,9.15
2017-08-01 04:00:00,4,20170801044,2017,8,1,4,1,0,3,31,213,4.66
2017-08-01 05:00:00,4,20170801054,2017,8,1,5,1,0,3,31,213,5.36
2017-08-01 06:00:00,4,20170801064,2017,8,1,6,1,0,3,31,213,5.84
2017-08-01 07:00:00,4,20170801074,2017,8,1,7,1,0,3,31,213,7.27
2017-08-01 08:00:00,4,20170801084,2017,8,1,8,1,0,3,31,213,6.23
2017-08-01 09:00:00,4,20170801094,2017,8,1,9,1,0,3,31,213,9.01
2017-08-01 10:00:00,4,20170801104,2017,8,1,10,1,0,3,31,213,12.26
2017-08-01 11:00:00,4,20170801114,2017,8,1,11,1,0,3,31,213,13.65
2017-08-01 12:00:00,4,20170801124,2017,8,1,12,1,0,3,31,213,12.52
2017-08-01 13:00:00,4,20170801134,2017,8,1,13,1,0,3,31,213,12.95
2017-08-01 14:00:00,4,20170801144,2017,8,1,14,1,0,3,31,213,13.83
2017-08-01 15:00:00,4,20170801154,2017,8,1,15,1,0,3,31,213,15.78
2017-08-01 16:00:00,4,20170801164,2017,8,1,16,1,0,3,31,213,14.0
2017-08-01 17:00:00,4,20170801174,2017,8,1,17,1,0,3,31,213,13.03
2017-08-01 18:00:00,4,20170801184,2017,8,1,18,1,0,3,31,213,12.88
2017-08-01 19:00:00,4,20170801194,2017,8,1,19,1,0,3,31,213,17.19
2017-08-01 20:00:00,4,20170801204,2017,8,1,20,1,0,3,31,213,16.18
2017-08-01 21:00:00,4,20170801214,2017,8,1,21,1,0,3,31,213,16.56
2017-08-01 22:00:00,4,20170801224,2017,8,1,22,1,0,3,31,213,13.15
2017-08-01 23:00:00,4,20170801234,2017,8,1,23,1,0,3,31,213,13.09
2017-08-02 00:00:00,4,20170802004,2017,8,2,0,2,0,3,31,214,12.71
2017-08-02 01:00:00,4,20170802014,2017,8,2,1,2,0,3,31,214,11.24
2017-08-02 02:00:00,4,20170802024,2017,8,2,2,2,0,3,31,214,7.32
2017-08-02 03:00:00,4,20170802034,2017,8,2,3,2,0,3,31,214,10.36
2017-08-02 04:00:00,4,20170802044,2017,8,2,4,2,0,3,31,214,4.25
2017-08-02 05:00:00,4,20170802054,2017,8,2,5,2,0,3,31,214,5.0
2017-08-02 06:00:00,4,20170802064,2017,8,2,6,2,0,3,31,214,5.28
2017-08-02 07:00:00,4,20170802074,2017,8,2,7,2,0,3,31,214,7.25
2017-08-02 08:00:00,4,20170802084,2017,8,2,8,2,0,3,31,214,6.3
2017-08-02 09:00:00,4,20170802094,2017,8,2,9,2,0,3,31,214,9.03
2017-08-02 10:00:00,4,20170802104,2017,8,2,10,2,0,3,31,214,12.76
2017-08-02 11:00:00,4,20170802114,2017,8,2,11,2,0,3,31,214,13.84
2017-08-02 12:00:00,4,20170802124,2017,8,2,12,2,0,3,31,214,13.6
2017-08-02 13:00:00,4,20170802134,2017,8,2,13,2,0,3,31,214,13.46
2017-08-02 14:00:00,4,20170802144,2017,8,2,14,2,0,3,31,214,15.13
2017-08-02 15:00:00,4,20170802154,2017,8,2,15,2,0,3,31,214,15.4
2017-08-02 16:00:00,4,20170802164,2017,8,2,16,2,0,3,31,214,15.9
2017-08-02 17:00:00,4,20170802174,2017,8,2,17,2,0,3,31,214,14.13
2017-08-02 18:00:00,4,20170802184,2017,8,2,18,2,0,3,31,214,13.31
2017-08-02 19:00:00,4,20170802194,2017,8,2,19,2,0,3,31,214,14.49
2017-08-02 20:00:00,4,20170802204,2017,8,2,20,2,0,3,31,214,14.29
2017-08-02 21:00:00,4,20170802214,2017,8,2,21,2,0,3,31,214,14.15
2017-08-02 22:00:00,4,20170802224,2017,8,2,22,2,0,3,31,214,12.55
2017-08-02 23:00:00,4,20170802234,2017,8,2,23,2,0,3,31,214,12.92
2017-08-03 00:00:00,4,20170803004,2017,8,3,0,3,0,3,31,215,12.9
2017-08-03 01:00:00,4,20170803014,2017,8,3,1,3,0,3,31,215,11.12
2017-08-03 02:00:00,4,20170803024,2017,8,3,2,3,0,3,31,215,8.32
2017-08-03 03:00:00,4,20170803034,2017,8,3,3,3,0,3,31,215,6.52
2017-08-03 04:00:00,4,20170803044,2017,8,3,4,3,0,3,31,215,3.94
2017-08-03 05:00:00,4,20170803054,2017,8,3,5,3,0,3,31,215,5.02
2017-08-03 06:00:00,4,20170803064,2017,8,3,6,3,0,3,31,215,4.99
2017-08-03 07:00:00,4,20170803074,2017,8,3,7,3,0,3,31,215,7.12
2017-08-03 08:00:00,4,20170803084,2017,8,3,8,3,0,3,31,215,6.47
2017-08-03 09:00:00,4,20170803094,2017,8,3,9,3,0,3,31,215,8.36
2017-08-03 10:00:00,4,20170803104,2017,8,3,10,3,0,3,31,215,12.56
2017-08-03 11:00:00,4,20170803114,2017,8,3,11,3,0,3,31,215,13.94
2017-08-03 12:00:00,4,20170803124,2017,8,3,12,3,0,3,31,215,14.23
2017-08-03 13:00:00,4,20170803134,2017,8,3,13,3,0,3,31,215,13.33
2017-08-03 14:00:00,4,20170803144,2017,8,3,14,3,0,3,31,215,15.06
2017-08-03 15:00:00,4,20170803154,2017,8,3,15,3,0,3,31,215,14.61
2017-08-03 16:00:00,4,20170803164,2017,8,3,16,3,0,3,31,215,14.76
2017-08-03 17:00:00,4,20170803174,2017,8,3,17,3,0,3,31,215,13.74
2017-08-03 18:00:00,4,20170803184,2017,8,3,18,3,0,3,31,215,12.74
2017-08-03 19:00:00,4,20170803194,2017,8,3,19,3,0,3,31,215,13.32
2017-08-03 20:00:00,4,20170803204,2017,8,3,20,3,0,3,31,215,14.21
2017-08-03 21:00:00,4,20170803214,2017,8,3,21,3,0,3,31,215,12.64
2017-08-03 22:00:00,4,20170803224,2017,8,3,22,3,0,3,31,215,12.5
2017-08-03 23:00:00,4,20170803234,2017,8,3,23,3,0,3,31,215,12.99
2017-08-04 00:00:00,4,20170804004,2017,8,4,0,4,0,3,31,216,10.76
2017-08-04 01:00:00,4,20170804014,2017,8,4,1,4,0,3,31,216,8.72
2017-08-04 02:00:00,4,20170804024,2017,8,4,2,4,0,3,31,216,9.18
2017-08-04 03:00:00,4,20170804034,2017,8,4,3,4,0,3,31,216,5.32
2017-08-04 04:00:00,4,20170804044,2017,8,4,4,4,0,3,31,216,4.04
2017-08-04 05:00:00,4,20170804054,2017,8,4,5,4,0,3,31,216,5.19
2017-08-04 06:00:00,4,20170804064,2017,8,4,6,4,0,3,31,216,4.94
2017-08-04 07:00:00,4,20170804074,2017,8,4,7,4,0,3,31,216,6.52
2017-08-04 08:00:00,4,20170804084,2017,8,4,8,4,0,3,31,216,5.86
2017-08-04 09:00:00,4,20170804094,2017,8,4,9,4,0,3,31,216,7.28
2017-08-04 10:00:00,4,20170804104,2017,8,4,10,4,0,3,31,216,11.03
2017-08-04 11:00:00,4,20170804114,2017,8,4,11,4,0,3,31,216,11.0
2017-08-04 12:00:00,4,20170804124,2017,8,4,12,4,0,3,31,216,12.3
2017-08-04 13:00:00,4,20170804134,2017,8,4,13,4,0,3,31,216,10.97
2017-08-04 14:00:00,4,20170804144,2017,8,4,14,4,0,3,31,216,12.42
2017-08-04 15:00:00,4,20170804154,2017,8,4,15,4,0,3,31,216,12.09
2017-08-04 16:00:00,4,20170804164,2017,8,4,16,4,0,3,31,216,13.73
2017-08-04 17:00:00,4,20170804174,2017,8,4,17,4,0,3,31,216,10.84
2017-08-04 18:00:00,4,20170804184,2017,8,4,18,4,0,3,31,216,11.74
2017-08-04 19:00:00,4,20170804194,2017,8,4,19,4,0,3,31,216,12.1
2017-08-04 20:00:00,4,20170804204,2017,8,4,20,4,0,3,31,216,11.29
2017-08-04 21:00:00,4,20170804214,2017,8,4,21,4,0,3,31,216,9.35
2017-08-04 22:00:00,4,20170804224,2017,8,4,22,4,0,3,31,216,9.31
2017-08-04 23:00:00,4,20170804234,2017,8,4,23,4,0,3,31,216,9.41
2017-08-05 00:00:00,4,20170805004,2017,8,5,0,5,1,3,31,217,8.77
2017-08-05 01:00:00,4,20170805014,2017,8,5,1,5,1,3,31,217,7.7
2017-08-05 02:00:00,4,20170805024,2017,8,5,2,5,1,3,31,217,9.17
2017-08-05 03:00:00,4,20170805034,2017,8,5,3,5,1,3,31,217,4.64
2017-08-05 04:00:00,4,20170805044,2017,8,5,4,5,1,3,31,217,4.45
2017-08-05 05:00:00,4,20170805054,2017,8,5,5,5,1,3,31,217,5.5
2017-08-05 06:00:00,4,20170805064,2017,8,5,6,5,1,3,31,217,5.01
2017-08-05 07:00:00,4,20170805074,2017,8,5,7,5,1,3,31,217,6.17
2017-08-05 08:00:00,4,20170805084,2017,8,5,8,5,1,3,31,217,5.55
2017-08-05 09:00:00,4,20170805094,2017,8,5,9,5,1,3,31,217,7.49
2017-08-05 10:00:00,4,20170805104,2017,8,5,10,5,1,3,31,217,10.84
2017-08-05 11:00:00,4,20170805114,2017,8,5,11,5,1,3,31,217,11.26
2017-08-05 12:00:00,4,20170805124,2017,8,5,12,5,1,3,31,217,8.84
2017-08-05 13:00:00,4,20170805134,2017,8,5,13,5,1,3,31,217,10.37
2017-08-05 14:00:00,4,20170805144,2017,8,5,14,5,1,3,31,217,9.62
2017-08-05 15:00:00,4,20170805154,2017,8,5,15,5,1,3,31,217,9.88
2017-08-05 16:00:00,4,20170805164,2017,8,5,16,5,1,3,31,217,9.32
2017-08-05 17:00:00,4,20170805174,2017,8,5,17,5,1,3,31,217,8.84
2017-08-05 18:00:00,4,20170805184,2017,8,5,18,5,1,3,31,217,8.86
2017-08-05 19:00:00,4,20170805194,2017,8,5,19,5,1,3,31,217,10.31
2017-08-05 20:00:00,4,20170805204,2017,8,5,20,5,1,3,31,217,10.95
2017-08-05 21:00:00,4,20170805214,2017,8,5,21,5,1,3,31,217,8.71
2017-08-05 22:00:00,4,20170805224,2017,8,5,22,5,1,3,31,217,10.92
2017-08-05 23:00:00,4,20170805234,2017,8,5,23,5,1,3,31,217,10.01
2017-08-06 00:00:00,4,20170806004,2017,8,6,0,6,1,3,31,218,8.07
2017-08-06 01:00:00,4,20170806014,2017,8,6,1,6,1,3,31,218,7.51
2017-08-06 02:00:00,4,20170806024,2017,8,6,2,6,1,3,31,218,7.9
2017-08-06 03:00:00,4,20170806034,2017,8,6,3,6,1,3,31,218,4.98
2017-08-06 04:00:00,4,20170806044,2017,8,6,4,6,1,3,31,218,4.97
2017-08-06 05:00:00,4,20170806054,2017,8,6,5,6,1,3,31,218,5.16
2017-08-06 06:00:00,4,20170806064,2017,8,6,6,6,1,3,31,218,4.82
2017-08-06 07:00:00,4,20170806074,2017,8,6,7,6,1,3,31,218,6.03
2017-08-06 08:00:00,4,20170806084,2017,8,6,8,6,1,3,31,218,5.77
2017-08-06 09:00:00,4,20170806094,2017,8,6,9,6,1,3,31,218,7.85
2017-08-06 10:00:00,4,20170806104,2017,8,6,10,6,1,3,31,218,8.53
2017-08-06 11:00:00,4,20170806114,2017,8,6,11,6,1,3,31,218,10.62
2017-08-06 12:00:00,4,20170806124,2017,8,6,12,6,1,3,31,218,8.96
2017-08-06 13:00:00,4,20170806134,2017,8,6,13,6,1,3,31,218,8.98
2017-08-06 14:00:00,4,20170806144,2017,8,6,14,6,1,3,31,218,9.89
2017-08-06 15:00:00,4,20170806154,2017,8,6,15,6,1,3,31,218,9.89
2017-08-06 16:00:00,4,20170806164,2017,8,6,16,6,1,3,31,218,9.59
2017-08-06 17:00:00,4,20170806174,2017,8,6,17,6,1,3,31,218,8.2
2017-08-06 18:00:00,4,20170806184,2017,8,6,18,6,1,3,31,218,8.58
2017-08-06 19:00:00,4,20170806194,2017,8,6,19,6,1,3,31,218,10.73
2017-08-06 20:00:00,4,20170806204,2017,8,6,20,6,1,3,31,218,10.04
2017-08-06 21:00:00,4,20170806214,2017,8,6,21,6,1,3,31,218,8.32
2017-08-06 22:00:00,4,20170806224,2017,8,6,22,6,1,3,31,218,10.59
2017-08-06 23:00:00,4,20170806234,2017,8,6,23,6,1,3,31,218,8.18
2017-08-07 00:00:00,4,20170807004,2017,8,7,0,0,0,3,32,219,10.35
2017-08-07 01:00:00,4,20170807014,2017,8,7,1,0,0,3,32,219,7.65
2017-08-07 02:00:00,4,20170807024,2017,8,7,2,0,0,3,32,219,6.63
2017-08-07 03:00:00,4,20170807034,2017,8,7,3,0,0,3,32,219,4.35
2017-08-07 04:00:00,4,20170807044,2017,8,7,4,0,0,3,32,219,3.68
2017-08-07 05:00:00,4,20170807054,2017,8,7,5,0,0,3,32,219,4.07
2017-08-07 06:00:00,4,20170807064,2017,8,7,6,0,0,3,32,219,4.72
2017-08-07 07:00:00,4,20170807074,2017,8,7,7,0,0,3,32,219,5.88
2017-08-07 08:00:00,4,20170807084,2017,8,7,8,0,0,3,32,219,6.42
2017-08-07 09:00:00,4,20170807094,2017,8,7,9,0,0,3,32,219,7.47
2017-08-07 10:00:00,4,20170807104,2017,8,7,10,0,0,3,32,219,12.82
2017-08-07 11:00:00,4,20170807114,2017,8,7,11,0,0,3,32,219,16.91
2017-08-07 12:00:00,4,20170807124,2017,8,7,12,0,0,3,32,219,17.12
2017-08-07 13:00:00,4,20170807134,2017,8,7,13,0,0,3,32,219,15.38
2017-08-07 14:00:00,4,20170807144,2017,8,7,14,0,0,3,32,219,14.93
2017-08-07 15:00:00,4,20170807154,2017,8,7,15,0,0,3,32,219,16.71
2017-08-07 16:00:00,4,20170807164,2017,8,7,16,0,0,3,32,219,16.37
2017-08-07 17:00:00,4,20170807174,2017,8,7,17,0,0,3,32,219,15.71
2017-08-07 18:00:00,4,20170807184,2017,8,7,18,0,0,3,32,219,14.72
2017-08-07 19:00:00,4,20170807194,2017,8,7,19,0,0,3,32,219,12.67
2017-08-07 20:00:00,4,20170807204,2017,8,7,20,0,0,3,32,219,14.12
2017-08-07 21:00:00,4,20170807214,2017,8,7,21,0,0,3,32,219,13.61
2017-08-07 22:00:00,4,20170807224,2017,8,7,22,0,0,3,32,219,13.46
2017-08-07 23:00:00,4,20170807234,2017,8,7,23,0,0,3,32,219,15.51
2017-08-08 00:00:00,4,20170808004,2017,8,8,0,1,0,3,32,220,10.26
2017-08-08 01:00:00,4,20170808014,2017,8,8,1,1,0,3,32,220,7.46
2017-08-08 02:00:00,4,20170808024,2017,8,8,2,1,0,3,32,220,6.58
2017-08-08 03:00:00,4,20170808034,2017,8,8,3,1,0,3,32,220,4.43
2017-08-08 04:00:00,4,20170808044,2017,8,8,4,1,0,3,32,220,3.87
2017-08-08 05:00:00,4,20170808054,2017,8,8,5,1,0,3,32,220,3.81
2017-08-08 06:00:00,4,20170808064,2017,8,8,6,1,0,3,32,220,4.7
2017-08-08 07:00:00,4,20170808074,2017,8,8,7,1,0,3,32,220,6.32
2017-08-08 08:00:00,4,20170808084,2017,8,8,8,1,0,3,32,220,7.11
2017-08-08 09:00:00,4,20170808094,2017,8,8,9,1,0,3,32,220,8.38
2017-08-08 10:00:00,4,20170808104,2017,8,8,10,1,0,3,32,220,11.92
2017-08-08 11:00:00,4,20170808114,2017,8,8,11,1,0,3,32,220,16.32
2017-08-08 12:00:00,4,20170808124,2017,8,8,12,1,0,3,32,220,17.55
2017-08-08 13:00:00,4,20170808134,2017,8,8,13,1,0,3,32,220,15.99
2017-08-08 14:00:00,4,20170808144,2017,8,8,14,1,0,3,32,220,15.74
2017-08-08 15:00:00,4,20170808154,2017,8,8,15,1,0,3,32,220,16.65
2017-08-08 16:00:00,4,20170808164,2017,8,8,16,1,0,3,32,220,16.02
2017-08-08 17:00:00,4,20170808174,2017,8,8,17,1,0,3,32,220,15.74
2017-08-08 18:00:00,4,20170808184,2017,8,8,18,1,0,3,32,220,14.67
2017-08-08 19:00:00,4,20170808194,2017,8,8,19,1,0,3,32,220,14.01
2017-08-08 20:00:00,4,20170808204,2017,8,8,20,1,0,3,32,220,16.82
2017-08-08 21:00:00,4,20170808214,2017,8,8,21,1,0,3,32,220,14.9
2017-08-08 22:00:00,4,20170808224,2017,8,8,22,1,0,3,32,220,15.14
2017-08-08 23:00:00,4,20170808234,2017,8,8,23,1,0,3,32,220,17.12
2017-08-09 00:00:00,4,20170809004,2017,8,9,0,2,0,3,32,221,11.73
2017-08-09 01:00:00,4,20170809014,2017,8,9,1,2,0,3,32,221,8.14
2017-08-09 02:00:00,4,20170809024,2017,8,9,2,2,0,3,32,221,7.74
2017-08-09 03:00:00,4,20170809034,2017,8,9,3,2,0,3,32,221,4.88
2017-08-09 04:00:00,4,20170809044,2017,8,9,4,2,0,3,32,221,4.22
2017-08-09 05:00:00,4,20170809054,2017,8,9,5,2,0,3,32,221,4.18
2017-08-09 06:00:00,4,20170809064,2017,8,9,6,2,0,3,32,221,5.0
2017-08-09 07:00:00,4,20170809074,2017,8,9,7,2,0,3,32,221,6.67
2017-08-09 08:00:00,4,20170809084,2017,8,9,8,2,0,3,32,221,7.56
2017-08-09 09:00:00,4,20170809094,2017,8,9,9,2,0,3,32,221,9.94
2017-08-09 10:00:00,4,20170809104,2017,8,9,10,2,0,3,32,221,12.16
2017-08-09 11:00:00,4,20170809114,2017,8,9,11,2,0,3,32,221,15.26
2017-08-09 12:00:00,4,20170809124,2017,8,9,12,2,0,3,32,221,16.86
2017-08-09 13:00:00,4,20170809134,2017,8,9,13,2,0,3,32,221,14.65
2017-08-09 14:00:00,4,20170809144,2017,8,9,14,2,0,3,32,221,15.68
2017-08-09 15:00:00,4,20170809154,2017,8,9,15,2,0,3,32,221,15.5
2017-08-09 16:00:00,4,20170809164,2017,8,9,16,2,0,3,32,221,15.0
2017-08-09 17:00:00,4,20170809174,2017,8,9,17,2,0,3,32,221,14.72
2017-08-09 18:00:00,4,20170809184,2017,8,9,18,2,0,3,32,221,14.73
2017-08-09 19:00:00,4,20170809194,2017,8,9,19,2,0,3,32,221,15.74
2017-08-09 20:00:00,4,20170809204,2017,8,9,20,2,0,3,32,221,17.49
2017-08-09 21:00:00,4,20170809214,2017,8,9,21,2,0,3,32,221,15.28
2017-08-09 22:00:00,4,20170809224,2017,8,9,22,2,0,3,32,221,15.17
2017-08-09 23:00:00,4,20170809234,2017,8,9,23,2,0,3,32,221,16.65
2017-08-10 00:00:00,4,20170810004,2017,8,10,0,3,0,3,32,222,13.22
2017-08-10 01:00:00,4,20170810014,2017,8,10,1,3,0,3,32,222,9.02
2017-08-10 02:00:00,4,20170810024,2017,8,10,2,3,0,3,32,222,9.12
2017-08-10 03:00:00,4,20170810034,2017,8,10,3,3,0,3,32,222,6.6
2017-08-10 04:00:00,4,20170810044,2017,8,10,4,3,0,3,32,222,6.62
2017-08-10 05:00:00,4,20170810054,2017,8,10,5,3,0,3,32,222,6.35
2017-08-10 06:00:00,4,20170810064,2017,8,10,6,3,0,3,32,222,7.47
2017-08-10 07:00:00,4,20170810074,2017,8,10,7,3,0,3,32,222,8.48
2017-08-10 08:00:00,4,20170810084,2017,8,10,8,3,0,3,32,222,9.08
2017-08-10 09:00:00,4,20170810094,2017,8,10,9,3,0,3,32,222,12.86
2017-08-10 10:00:00,4,20170810104,2017,8,10,10,3,0,3,32,222,14.91
2017-08-10 11:00:00,4,20170810114,2017,8,10,11,3,0,3,32,222,16.45
2017-08-10 12:00:00,4,20170810124,2017,8,10,12,3,0,3,32,222,19.22
2017-08-10 13:00:00,4,20170810134,2017,8,10,13,3,0,3,32,222,15.8
2017-08-10 14:00:00,4,20170810144,2017,8,10,14,3,0,3,32,222,17.42
2017-08-10 15:00:00,4,20170810154,2017,8,10,15,3,0,3,32,222,16.68
2017-08-10 16:00:00,4,20170810164,2017,8,10,16,3,0,3,32,222,15.84
2017-08-10 17:00:00,4,20170810174,2017,8,10,17,3,0,3,32,222,16.5
2017-08-10 18:00:00,4,20170810184,2017,8,10,18,3,0,3,32,222,17.54
2017-08-10 19:00:00,4,20170810194,2017,8,10,19,3,0,3,32,222,22.64
2017-08-10 20:00:00,4,20170810204,2017,8,10,20,3,0,3,32,222,22.44
2017-08-10 21:00:00,4,20170810214,2017,8,10,21,3,0,3,32,222,18.92
2017-08-10 22:00:00,4,20170810224,2017,8,10,22,3,0,3,32,222,17.73
2017-08-10 23:00:00,4,20170810234,2017,8,10,23,3,0,3,32,222,18.88
2017-08-11 00:00:00,4,20170811004,2017,8,11,0,4,0,3,32,223,13.71
2017-08-11 01:00:00,4,20170811014,2017,8,11,1,4,0,3,32,223,11.97
2017-08-11 02:00:00,4,20170811024,2017,8,11,2,4,0,3,32,223,8.56
2017-08-11 03:00:00,4,20170811034,2017,8,11,3,4,0,3,32,223,7.73
2017-08-11 04:00:00,4,20170811044,2017,8,11,4,4,0,3,32,223,7.14
2017-08-11 05:00:00,4,20170811054,2017,8,11,5,4,0,3,32,223,6.75
2017-08-11 06:00:00,4,20170811064,2017,8,11,6,4,0,3,32,223,7.87
2017-08-11 07:00:00,4,20170811074,2017,8,11,7,4,0,3,32,223,9.66
2017-08-11 08:00:00,4,20170811084,2017,8,11,8,4,0,3,32,223,10.05
2017-08-11 09:00:00,4,20170811094,2017,8,11,9,4,0,3,32,223,13.97
2017-08-11 10:00:00,4,20170811104,2017,8,11,10,4,0,3,32,223,20.79
2017-08-11 11:00:00,4,20170811114,2017,8,11,11,4,0,3,32,223,22.43
2017-08-11 12:00:00,4,20170811124,2017,8,11,12,4,0,3,32,223,23.03
2017-08-11 13:00:00,4,20170811134,2017,8,11,13,4,0,3,32,223,18.81
2017-08-11 14:00:00,4,20170811144,2017,8,11,14,4,0,3,32,223,21.47
2017-08-11 15:00:00,4,20170811154,2017,8,11,15,4,0,3,32,223,21.12
2017-08-11 16:00:00,4,20170811164,2017,8,11,16,4,0,3,32,223,19.57
2017-08-11 17:00:00,4,20170811174,2017,8,11,17,4,0,3,32,223,20.32
2017-08-11 18:00:00,4,20170811184,2017,8,11,18,4,0,3,32,223,19.79
2017-08-11 19:00:00,4,20170811194,2017,8,11,19,4,0,3,32,223,24.81
2017-08-11 20:00:00,4,20170811204,2017,8,11,20,4,0,3,32,223,20.99
2017-08-11 21:00:00,4,20170811214,2017,8,11,21,4,0,3,32,223,19.18
2017-08-11 22:00:00,4,20170811224,2017,8,11,22,4,0,3,32,223,18.15
2017-08-11 23:00:00,4,20170811234,2017,8,11,23,4,0,3,32,223,19.97
2017-08-12 00:00:00,4,20170812004,2017,8,12,0,5,1,3,32,224,13.38
2017-08-12 01:00:00,4,20170812014,2017,8,12,1,5,1,3,32,224,12.7
2017-08-12 02:00:00,4,20170812024,2017,8,12,2,5,1,3,32,224,7.96
2017-08-12 03:00:00,4,20170812034,2017,8,12,3,5,1,3,32,224,8.01
2017-08-12 04:00:00,4,20170812044,2017,8,12,4,5,1,3,32,224,7.53
2017-08-12 05:00:00,4,20170812054,2017,8,12,5,5,1,3,32,224,6.68
2017-08-12 06:00:00,4,20170812064,2017,8,12,6,5,1,3,32,224,8.63
2017-08-12 07:00:00,4,20170812074,2017,8,12,7,5,1,3,32,224,9.36
2017-08-12 08:00:00,4,20170812084,2017,8,12,8,5,1,3,32,224,8.78
2017-08-12 09:00:00,4,20170812094,2017,8,12,9,5,1,3,32,224,11.7
2017-08-12 10:00:00,4,20170812104,2017,8,12,10,5,1,3,32,224,14.12
2017-08-12 11:00:00,4,20170812114,2017,8,12,11,5,1,3,32,224,15.38
2017-08-12 12:00:00,4,20170812124,2017,8,12,12,5,1,3,32,224,12.32
2017-08-12 13:00:00,4,20170812134,2017,8,12,13,5,1,3,32,224,13.14
2017-08-12 14:00:00,4,20170812144,2017,8,12,14,5,1,3,32,224,14.37
2017-08-12 15:00:00,4,20170812154,2017,8,12,15,5,1,3,32,224,13.45
2017-08-12 16:00:00,4,20170812164,2017,8,12,16,5,1,3,32,224,11.78
2017-08-12 17:00:00,4,20170812174,2017,8,12,17,5,1,3,32,224,11.62
2017-08-12 18:00:00,4,20170812184,2017,8,12,18,5,1,3,32,224,13.61
2017-08-12 19:00:00,4,20170812194,2017,8,12,19,5,1,3,32,224,11.88
2017-08-12 20:00:00,4,20170812204,2017,8,12,20,5,1,3,32,224,11.38
2017-08-12 21:00:00,4,20170812214,2017,8,12,21,5,1,3,32,224,12.36
2017-08-12 22:00:00,4,20170812224,2017,8,12,22,5,1,3,32,224,11.82
2017-08-12 23:00:00,4,20170812234,2017,8,12,23,5,1,3,32,224,12.26
2017-08-13 00:00:00,4,20170813004,2017,8,13,0,6,1,3,32,225,10.84
2017-08-13 01:00:00,4,20170813014,2017,8,13,1,6,1,3,32,225,11.76
2017-08-13 02:00:00,4,20170813024,2017,8,13,2,6,1,3,32,225,7.4
2017-08-13 03:00:00,4,20170813034,2017,8,13,3,6,1,3,32,225,6.31
2017-08-13 04:00:00,4,20170813044,2017,8,13,4,6,1,3,32,225,5.65
2017-08-13 05:00:00,4,20170813054,2017,8,13,5,6,1,3,32,225,4.79
2017-08-13 06:00:00,4,20170813064,2017,8,13,6,6,1,3,32,225,6.76
2017-08-13 07:00:00,4,20170813074,2017,8,13,7,6,1,3,32,225,6.69
2017-08-13 08:00:00,4,20170813084,2017,8,13,8,6,1,3,32,225,8.16
2017-08-13 09:00:00,4,20170813094,2017,8,13,9,6,1,3,32,225,10.14
2017-08-13 10:00:00,4,20170813104,2017,8,13,10,6,1,3,32,225,10.34
2017-08-13 11:00:00,4,20170813114,2017,8,13,11,6,1,3,32,225,12.0
2017-08-13 12:00:00,4,20170813124,2017,8,13,12,6,1,3,32,225,10.43
2017-08-13 13:00:00,4,20170813134,2017,8,13,13,6,1,3,32,225,10.16
2017-08-13 14:00:00,4,20170813144,2017,8,13,14,6,1,3,32,225,10.88
2017-08-13 15:00:00,4,20170813154,2017,8,13,15,6,1,3,32,225,9.99
2017-08-13 16:00:00,4,20170813164,2017,8,13,16,6,1,3,32,225,10.22
2017-08-13 17:00:00,4,20170813174,2017,8,13,17,6,1,3,32,225,8.26
2017-08-13 18:00:00,4,20170813184,2017,8,13,18,6,1,3,32,225,10.88
2017-08-13 19:00:00,4,20170813194,2017,8,13,19,6,1,3,32,225,11.92
2017-08-13 20:00:00,4,20170813204,2017,8,13,20,6,1,3,32,225,9.64
2017-08-13 21:00:00,4,20170813214,2017,8,13,21,6,1,3,32,225,9.13
2017-08-13 22:00:00,4,20170813224,2017,8,13,22,6,1,3,32,225,10.17
2017-08-13 23:00:00,4,20170813234,2017,8,13,23,6,1,3,32,225,11.6
2017-08-14 00:00:00,4,20170814004,2017,8,14,0,0,0,3,33,226,10.73
2017-08-14 01:00:00,4,20170814014,2017,8,14,1,0,0,3,33,226,10.11
2017-08-14 02:00:00,4,20170814024,2017,8,14,2,0,0,3,33,226,7.27
2017-08-14 03:00:00,4,20170814034,2017,8,14,3,0,0,3,33,226,5.51
2017-08-14 04:00:00,4,20170814044,2017,8,14,4,0,0,3,33,226,4.19
2017-08-14 05:00:00,4,20170814054,2017,8,14,5,0,0,3,33,226,5.69
2017-08-14 06:00:00,4,20170814064,2017,8,14,6,0,0,3,33,226,6.29
2017-08-14 07:00:00,4,20170814074,2017,8,14,7,0,0,3,33,226,7.76
2017-08-14 08:00:00,4,20170814084,2017,8,14,8,0,0,3,33,226,7.64
2017-08-14 09:00:00,4,20170814094,2017,8,14,9,0,0,3,33,226,9.6
2017-08-14 10:00:00,4,20170814104,2017,8,14,10,0,0,3,33,226,13.76
2017-08-14 11:00:00,4,20170814114,2017,8,14,11,0,0,3,33,226,13.44
2017-08-14 12:00:00,4,20170814124,2017,8,14,12,0,0,3,33,226,13.97
2017-08-14 13:00:00,4,20170814134,2017,8,14,13,0,0,3,33,226,13.95
2017-08-14 14:00:00,4,20170814144,2017,8,14,14,0,0,3,33,226,13.27
2017-08-14 15:00:00,4,20170814154,2017,8,14,15,0,0,3,33,226,11.48
2017-08-14 16:00:00,4,20170814164,2017,8,14,16,0,0,3,33,226,11.17
2017-08-14 17:00:00,4,20170814174,2017,8,14,17,0,0,3,33,226,11.71
2017-08-14 18:00:00,4,20170814184,2017,8,14,18,0,0,3,33,226,13.18
2017-08-14 19:00:00,4,20170814194,2017,8,14,19,0,0,3,33,226,14.72
2017-08-14 20:00:00,4,20170814204,2017,8,14,20,0,0,3,33,226,15.45
2017-08-14 21:00:00,4,20170814214,2017,8,14,21,0,0,3,33,226,13.73
2017-08-14 22:00:00,4,20170814224,2017,8,14,22,0,0,3,33,226,12.39
2017-08-14 23:00:00,4,20170814234,2017,8,14,23,0,0,3,33,226,12.78
2017-08-15 00:00:00,4,20170815004,2017,8,15,0,1,0,3,33,227,10.7
2017-08-15 01:00:00,4,20170815014,2017,8,15,1,1,0,3,33,227,8.99
2017-08-15 02:00:00,4,20170815024,2017,8,15,2,1,0,3,33,227,7.33
2017-08-15 03:00:00,4,20170815034,2017,8,15,3,1,0,3,33,227,5.7
2017-08-15 04:00:00,4,20170815044,2017,8,15,4,1,0,3,33,227,4.16
2017-08-15 05:00:00,4,20170815054,2017,8,15,5,1,0,3,33,227,5.71
2017-08-15 06:00:00,4,20170815064,2017,8,15,6,1,0,3,33,227,5.84
2017-08-15 07:00:00,4,20170815074,2017,8,15,7,1,0,3,33,227,7.36
2017-08-15 08:00:00,4,20170815084,2017,8,15,8,1,0,3,33,227,8.5
2017-08-15 09:00:00,4,20170815094,2017,8,15,9,1,0,3,33,227,8.71
2017-08-15 10:00:00,4,20170815104,2017,8,15,10,1,0,3,33,227,14.2
2017-08-15 11:00:00,4,20170815114,2017,8,15,11,1,0,3,33,227,15.52
2017-08-15 12:00:00,4,20170815124,2017,8,15,12,1,0,3,33,227,15.2
2017-08-15 13:00:00,4,20170815134,2017,8,15,13,1,0,3,33,227,15.49
2017-08-15 14:00:00,4,20170815144,2017,8,15,14,1,0,3,33,227,13.98
2017-08-15 15:00:00,4,20170815154,2017,8,15,15,1,0,3,33,227,12.17
2017-08-15 16:00:00,4,20170815164,2017,8,15,16,1,0,3,33,227,12.37
2017-08-15 17:00:00,4,20170815174,2017,8,15,17,1,0,3,33,227,12.65
2017-08-15 18:00:00,4,20170815184,2017,8,15,18,1,0,3,33,227,13.29
2017-08-15 19:00:00,4,20170815194,2017,8,15,19,1,0,3,33,227,13.59
2017-08-15 20:00:00,4,20170815204,2017,8,15,20,1,0,3,33,227,14.27
2017-08-15 21:00:00,4,20170815214,2017,8,15,21,1,0,3,33,227,12.71
2017-08-15 22:00:00,4,20170815224,2017,8,15,22,1,0,3,33,227,11.21
2017-08-15 23:00:00,4,20170815234,2017,8,15,23,1,0,3,33,227,11.65
2017-08-16 00:00:00,4,20170816004,2017,8,16,0,2,0,3,33,228,11.24
2017-08-16 01:00:00,4,20170816014,2017,8,16,1,2,0,3,33,228,8.43
2017-08-16 02:00:00,4,20170816024,2017,8,16,2,2,0,3,33,228,7.75
2017-08-16 03:00:00,4,20170816034,2017,8,16,3,2,0,3,33,228,6.57
2017-08-16 04:00:00,4,20170816044,2017,8,16,4,2,0,3,33,228,4.54
2017-08-16 05:00:00,4,20170816054,2017,8,16,5,2,0,3,33,228,5.56
2017-08-16 06:00:00,4,20170816064,2017,8,16,6,2,0,3,33,228,5.75
2017-08-16 07:00:00,4,20170816074,2017,8,16,7,2,0,3,33,228,7.07
2017-08-16 08:00:00,4,20170816084,2017,8,16,8,2,0,3,33,228,8.36
2017-08-16 09:00:00,4,20170816094,2017,8,16,9,2,0,3,33,228,9.07
2017-08-16 10:00:00,4,20170816104,2017,8,16,10,2,0,3,33,228,14.21
2017-08-16 11:00:00,4,20170816114,2017,8,16,11,2,0,3,33,228,16.1
2017-08-16 12:00:00,4,20170816124,2017,8,16,12,2,0,3,33,228,15.58
2017-08-16 13:00:00,4,20170816134,2017,8,16,13,2,0,3,33,228,15.57
2017-08-16 14:00:00,4,20170816144,2017,8,16,14,2,0,3,33,228,14.96
2017-08-16 15:00:00,4,20170816154,2017,8,16,15,2,0,3,33,228,14.35
2017-08-16 16:00:00,4,20170816164,2017,8,16,16,2,0,3,33,228,13.57
2017-08-16 17:00:00,4,20170816174,2017,8,16,17,2,0,3,33,228,14.25
2017-08-16 18:00:00,4,20170816184,2017,8,16,18,2,0,3,33,228,14.27
2017-08-16 19:00:00,4,20170816194,2017,8,16,19,2,0,3,33,228,13.34
2017-08-16 20:00:00,4,20170816204,2017,8,16,20,2,0,3,33,228,14.22
2017-08-16 21:00:00,4,20170816214,2017,8,16,21,2,0,3,33,228,12.47
2017-08-16 22:00:00,4,20170816224,2017,8,16,22,2,0,3,33,228,11.78
2017-08-16 23:00:00,4,20170816234,2017,8,16,23,2,0,3,33,228,11.32
2017-08-17 00:00:00,4,20170817004,2017,8,17,0,3,0,3,33,229,11.23
2017-08-17 01:00:00,4,20170817014,2017,8,17,1,3,0,3,33,229,7.42
2017-08-17 02:00:00,4,20170817024,2017,8,17,2,3,0,3,33,229,7.63
2017-08-17 03:00:00,4,20170817034,2017,8,17,3,3,0,3,33,229,6.88
2017-08-17 04:00:00,4,20170817044,2017,8,17,4,3,0,3,33,229,4.87
2017-08-17 05:00:00,4,20170817054,2017,8,17,5,3,0,3,33,229,5.43
2017-08-17 06:00:00,4,20170817064,2017,8,17,6,3,0,3,33,229,5.53
2017-08-17 07:00:00,4,20170817074,2017,8,17,7,3,0,3,33,229,6.83
2017-08-17 08:00:00,4,20170817084,2017,8,17,8,3,0,3,33,229,8.3
2017-08-17 09:00:00,4,20170817094,2017,8,17,9,3,0,3,33,229,8.67
2017-08-17 10:00:00,4,20170817104,2017,8,17,10,3,0,3,33,229,13.64
2017-08-17 11:00:00,4,20170817114,2017,8,17,11,3,0,3,33,229,16.84
2017-08-17 12:00:00,4,20170817124,2017,8,17,12,3,0,3,33,229,16.35
2017-08-17 13:00:00,4,20170817134,2017,8,17,13,3,0,3,33,229,15.11
2017-08-17 14:00:00,4,20170817144,2017,8,17,14,3,0,3,33,229,15.47
2017-08-17 15:00:00,4,20170817154,2017,8,17,15,3,0,3,33,229,16.11
2017-08-17 16:00:00,4,20170817164,2017,8,17,16,3,0,3,33,229,14.69
2017-08-17 17:00:00,4,20170817174,2017,8,17,17,3,0,3,33,229,15.99
2017-08-17 18:00:00,4,20170817184,2017,8,17,18,3,0,3,33,229,14.49
2017-08-17 19:00:00,4,20170817194,2017,8,17,19,3,0,3,33,229,12.43
2017-08-17 20:00:00,4,20170817204,2017,8,17,20,3,0,3,33,229,13.32
2017-08-17 21:00:00,4,20170817214,2017,8,17,21,3,0,3,33,229,11.87
2017-08-17 22:00:00,4,20170817224,2017,8,17,22,3,0,3,33,229,11.99
2017-08-17 23:00:00,4,20170817234,2017,8,17,23,3,0,3,33,229,10.96
2017-08-18 00:00:00,4,20170818004,2017,8,18,0,4,0,3,33,230,9.78
2017-08-18 01:00:00,4,20170818014,2017,8,18,1,4,0,3,33,230,8.05
2017-08-18 02:00:00,4,20170818024,2017,8,18,2,4,0,3,33,230,6.53
2017-08-18 03:00:00,4,20170818034,2017,8,18,3,4,0,3,33,230,6.65
2017-08-18 04:00:00,4,20170818044,2017,8,18,4,4,0,3,33,230,5.27
2017-08-18 05:00:00,4,20170818054,2017,8,18,5,4,0,3,33,230,5.84
2017-08-18 06:00:00,4,20170818064,2017,8,18,6,4,0,3,33,230,5.49
2017-08-18 07:00:00,4,20170818074,2017,8,18,7,4,0,3,33,230,6.68
2017-08-18 08:00:00,4,20170818084,2017,8,18,8,4,0,3,33,230,8.27
2017-08-18 09:00:00,4,20170818094,2017,8,18,9,4,0,3,33,230,8.01
2017-08-18 10:00:00,4,20170818104,2017,8,18,10,4,0,3,33,230,13.15
2017-08-18 11:00:00,4,20170818114,2017,8,18,11,4,0,3,33,230,14.2
2017-08-18 12:00:00,4,20170818124,2017,8,18,12,4,0,3,33,230,14.72
2017-08-18 13:00:00,4,20170818134,2017,8,18,13,4,0,3,33,230,13.82
2017-08-18 14:00:00,4,20170818144,2017,8,18,14,4,0,3,33,230,13.99
2017-08-18 15:00:00,4,20170818154,2017,8,18,15,4,0,3,33,230,14.52
2017-08-18 16:00:00,4,20170818164,2017,8,18,16,4,0,3,33,230,14.45
2017-08-18 17:00:00,4,20170818174,2017,8,18,17,4,0,3,33,230,14.82
2017-08-18 18:00:00,4,20170818184,2017,8,18,18,4,0,3,33,230,12.32
2017-08-18 19:00:00,4,20170818194,2017,8,18,19,4,0,3,33,230,10.53
2017-08-18 20:00:00,4,20170818204,2017,8,18,20,4,0,3,33,230,11.48
2017-08-18 21:00:00,4,20170818214,2017,8,18,21,4,0,3,33,230,10.9
2017-08-18 22:00:00,4,20170818224,2017,8,18,22,4,0,3,33,230,10.92
2017-08-18 23:00:00,4,20170818234,2017,8,18,23,4,0,3,33,230,10.54
2017-08-19 00:00:00,4,20170819004,2017,8,19,0,5,1,3,33,231,10.73
2017-08-19 01:00:00,4,20170819014,2017,8,19,1,5,1,3,33,231,7.6
2017-08-19 02:00:00,4,20170819024,2017,8,19,2,5,1,3,33,231,6.43
2017-08-19 03:00:00,4,20170819034,2017,8,19,3,5,1,3,33,231,6.16
2017-08-19 04:00:00,4,20170819044,2017,8,19,4,5,1,3,33,231,5.25
2017-08-19 05:00:00,4,20170819054,2017,8,19,5,5,1,3,33,231,5.77
2017-08-19 06:00:00,4,20170819064,2017,8,19,6,5,1,3,33,231,5.4
2017-08-19 07:00:00,4,20170819074,2017,8,19,7,5,1,3,33,231,5.5
2017-08-19 08:00:00,4,20170819084,2017,8,19,8,5,1,3,33,231,7.63
2017-08-19 09:00:00,4,20170819094,2017,8,19,9,5,1,3,33,231,7.57
2017-08-19 10:00:00,4,20170819104,2017,8,19,10,5,1,3,33,231,9.62
2017-08-19 11:00:00,4,20170819114,2017,8,19,11,5,1,3,33,231,12.58
2017-08-19 12:00:00,4,20170819124,2017,8,19,12,5,1,3,33,231,14.57
2017-08-19 13:00:00,4,20170819134,2017,8,19,13,5,1,3,33,231,24.13
2017-08-19 14:00:00,4,20170819144,2017,8,19,14,5,1,3,33,231,21.16
2017-08-19 15:00:00,4,20170819154,2017,8,19,15,5,1,3,33,231,17.92
2017-08-19 16:00:00,4,20170819164,2017,8,19,16,5,1,3,33,231,14.09
2017-08-19 17:00:00,4,20170819174,2017,8,19,17,5,1,3,33,231,12.41
2017-08-19 18:00:00,4,20170819184,2017,8,19,18,5,1,3,33,231,13.06
2017-08-19 19:00:00,4,20170819194,2017,8,19,19,5,1,3,33,231,10.42
2017-08-19 20:00:00,4,20170819204,2017,8,19,20,5,1,3,33,231,11.31
2017-08-19 21:00:00,4,20170819214,2017,8,19,21,5,1,3,33,231,11.22
2017-08-19 22:00:00,4,20170819224,2017,8,19,22,5,1,3,33,231,11.85
2017-08-19 23:00:00,4,20170819234,2017,8,19,23,5,1,3,33,231,11.0
2017-08-20 00:00:00,4,20170820004,2017,8,20,0,6,1,3,33,232,11.8
2017-08-20 01:00:00,4,20170820014,2017,8,20,1,6,1,3,33,232,8.21
2017-08-20 02:00:00,4,20170820024,2017,8,20,2,6,1,3,33,232,5.77
2017-08-20 03:00:00,4,20170820034,2017,8,20,3,6,1,3,33,232,5.57
2017-08-20 04:00:00,4,20170820044,2017,8,20,4,6,1,3,33,232,5.15
2017-08-20 05:00:00,4,20170820054,2017,8,20,5,6,1,3,33,232,5.93
2017-08-20 06:00:00,4,20170820064,2017,8,20,6,6,1,3,33,232,5.45
2017-08-20 07:00:00,4,20170820074,2017,8,20,7,6,1,3,33,232,4.02
2017-08-20 08:00:00,4,20170820084,2017,8,20,8,6,1,3,33,232,7.7
2017-08-20 09:00:00,4,20170820094,2017,8,20,9,6,1,3,33,232,7.77
2017-08-20 10:00:00,4,20170820104,2017,8,20,10,6,1,3,33,232,8.71
2017-08-20 11:00:00,4,20170820114,2017,8,20,11,6,1,3,33,232,10.03
2017-08-20 12:00:00,4,20170820124,2017,8,20,12,6,1,3,33,232,12.05
2017-08-20 13:00:00,4,20170820134,2017,8,20,13,6,1,3,33,232,17.77
2017-08-20 14:00:00,4,20170820144,2017,8,20,14,6,1,3,33,232,14.32
2017-08-20 15:00:00,4,20170820154,2017,8,20,15,6,1,3,33,232,11.44
2017-08-20 16:00:00,4,20170820164,2017,8,20,16,6,1,3,33,232,10.71
2017-08-20 17:00:00,4,20170820174,2017,8,20,17,6,1,3,33,232,9.72
2017-08-20 18:00:00,4,20170820184,2017,8,20,18,6,1,3,33,232,11.52
2017-08-20 19:00:00,4,20170820194,2017,8,20,19,6,1,3,33,232,11.67
2017-08-20 20:00:00,4,20170820204,2017,8,20,20,6,1,3,33,232,12.37
2017-08-20 21:00:00,4,20170820214,2017,8,20,21,6,1,3,33,232,11.21
2017-08-20 22:00:00,4,20170820224,2017,8,20,22,6,1,3,33,232,12.69
2017-08-20 23:00:00,4,20170820234,2017,8,20,23,6,1,3,33,232,12.59
2017-08-21 00:00:00,4,20170821004,2017,8,21,0,0,0,3,34,233,10.7
2017-08-21 01:00:00,4,20170821014,2017,8,21,1,0,0,3,34,233,7.15
2017-08-21 02:00:00,4,20170821024,2017,8,21,2,0,0,3,34,233,6.5
2017-08-21 03:00:00,4,20170821034,2017,8,21,3,0,0,3,34,233,6.29
2017-08-21 04:00:00,4,20170821044,2017,8,21,4,0,0,3,34,233,5.08
2017-08-21 05:00:00,4,20170821054,2017,8,21,5,0,0,3,34,233,5.45
2017-08-21 06:00:00,4,20170821064,2017,8,21,6,0,0,3,34,233,5.14
2017-08-21 07:00:00,4,20170821074,2017,8,21,7,0,0,3,34,233,6.37
2017-08-21 08:00:00,4,20170821084,2017,8,21,8,0,0,3,34,233,6.78
2017-08-21 09:00:00,4,20170821094,2017,8,21,9,0,0,3,34,233,8.83
2017-08-21 10:00:00,4,20170821104,2017,8,21,10,0,0,3,34,233,13.78
2017-08-21 11:00:00,4,20170821114,2017,8,21,11,0,0,3,34,233,16.66
2017-08-21 12:00:00,4,20170821124,2017,8,21,12,0,0,3,34,233,17.38
2017-08-21 13:00:00,4,20170821134,2017,8,21,13,0,0,3,34,233,15.81
2017-08-21 14:00:00,4,20170821144,2017,8,21,14,0,0,3,34,233,15.07
2017-08-21 15:00:00,4,20170821154,2017,8,21,15,0,0,3,34,233,14.62
2017-08-21 16:00:00,4,20170821164,2017,8,21,16,0,0,3,34,233,14.58
2017-08-21 17:00:00,4,20170821174,2017,8,21,17,0,0,3,34,233,15.89
2017-08-21 18:00:00,4,20170821184,2017,8,21,18,0,0,3,34,233,17.48
2017-08-21 19:00:00,4,20170821194,2017,8,21,19,0,0,3,34,233,16.5
2017-08-21 20:00:00,4,20170821204,2017,8,21,20,0,0,3,34,233,15.44
2017-08-21 21:00:00,4,20170821214,2017,8,21,21,0,0,3,34,233,13.75
2017-08-21 22:00:00,4,20170821224,2017,8,21,22,0,0,3,34,233,14.43
2017-08-21 23:00:00,4,20170821234,2017,8,21,23,0,0,3,34,233,14.06
2017-08-22 00:00:00,4,20170822004,2017,8,22,0,1,0,3,34,234,11.52
2017-08-22 01:00:00,4,20170822014,2017,8,22,1,1,0,3,34,234,7.73
2017-08-22 02:00:00,4,20170822024,2017,8,22,2,1,0,3,34,234,7.54
2017-08-22 03:00:00,4,20170822034,2017,8,22,3,1,0,3,34,234,6.03
2017-08-22 04:00:00,4,20170822044,2017,8,22,4,1,0,3,34,234,5.12
2017-08-22 05:00:00,4,20170822054,2017,8,22,5,1,0,3,34,234,5.91
2017-08-22 06:00:00,4,20170822064,2017,8,22,6,1,0,3,34,234,5.47
2017-08-22 07:00:00,4,20170822074,2017,8,22,7,1,0,3,34,234,6.84
2017-08-22 08:00:00,4,20170822084,2017,8,22,8,1,0,3,34,234,7.58
2017-08-22 09:00:00,4,20170822094,2017,8,22,9,1,0,3,34,234,8.96
2017-08-22 10:00:00,4,20170822104,2017,8,22,10,1,0,3,34,234,13.53
2017-08-22 11:00:00,4,20170822114,2017,8,22,11,1,0,3,34,234,17.47
2017-08-22 12:00:00,4,20170822124,2017,8,22,12,1,0,3,34,234,18.32
2017-08-22 13:00:00,4,20170822134,2017,8,22,13,1,0,3,34,234,16.63
2017-08-22 14:00:00,4,20170822144,2017,8,22,14,1,0,3,34,234,16.38
2017-08-22 15:00:00,4,20170822154,2017,8,22,15,1,0,3,34,234,15.89
2017-08-22 16:00:00,4,20170822164,2017,8,22,16,1,0,3,34,234,15.89
2017-08-22 17:00:00,4,20170822174,2017,8,22,17,1,0,3,34,234,17.55
2017-08-22 18:00:00,4,20170822184,2017,8,22,18,1,0,3,34,234,18.79
2017-08-22 19:00:00,4,20170822194,2017,8,22,19,1,0,3,34,234,17.35
2017-08-22 20:00:00,4,20170822204,2017,8,22,20,1,0,3,34,234,15.85
2017-08-22 21:00:00,4,20170822214,2017,8,22,21,1,0,3,34,234,14.02
2017-08-22 22:00:00,4,20170822224,2017,8,22,22,1,0,3,34,234,15.22
2017-08-22 23:00:00,4,20170822234,2017,8,22,23,1,0,3,34,234,14.33
2017-08-23 00:00:00,4,20170823004,2017,8,23,0,2,0,3,34,235,13.47
2017-08-23 01:00:00,4,20170823014,2017,8,23,1,2,0,3,34,235,8.69
2017-08-23 02:00:00,4,20170823024,2017,8,23,2,2,0,3,34,235,10.08
2017-08-23 03:00:00,4,20170823034,2017,8,23,3,2,0,3,34,235,5.96
2017-08-23 04:00:00,4,20170823044,2017,8,23,4,2,0,3,34,235,5.1
2017-08-23 05:00:00,4,20170823054,2017,8,23,5,2,0,3,34,235,6.83
2017-08-23 06:00:00,4,20170823064,2017,8,23,6,2,0,3,34,235,6.89
2017-08-23 07:00:00,4,20170823074,2017,8,23,7,2,0,3,34,235,7.75
2017-08-23 08:00:00,4,20170823084,2017,8,23,8,2,0,3,34,235,8.26
2017-08-23 09:00:00,4,20170823094,2017,8,23,9,2,0,3,34,235,9.85
2017-08-23 10:00:00,4,20170823104,2017,8,23,10,2,0,3,34,235,15.69
2017-08-23 11:00:00,4,20170823114,2017,8,23,11,2,0,3,34,235,17.29
2017-08-23 12:00:00,4,20170823124,2017,8,23,12,2,0,3,34,235,18.49
2017-08-23 13:00:00,4,20170823134,2017,8,23,13,2,0,3,34,235,16.91
2017-08-23 14:00:00,4,20170823144,2017,8,23,14,2,0,3,34,235,17.95
2017-08-23 15:00:00,4,20170823154,2017,8,23,15,2,0,3,34,235,15.78
2017-08-23 16:00:00,4,20170823164,2017,8,23,16,2,0,3,34,235,16.52
2017-08-23 17:00:00,4,20170823174,2017,8,23,17,2,0,3,34,235,20.34
2017-08-23 18:00:00,4,20170823184,2017,8,23,18,2,0,3,34,235,23.69
2017-08-23 19:00:00,4,20170823194,2017,8,23,19,2,0,3,34,235,28.69
2017-08-23 20:00:00,4,20170823204,2017,8,23,20,2,0,3,34,235,24.9
2017-08-23 21:00:00,4,20170823214,2017,8,23,21,2,0,3,34,235,19.83
2017-08-23 22:00:00,4,20170823224,2017,8,23,22,2,0,3,34,235,20.1
2017-08-23 23:00:00,4,20170823234,2017,8,23,23,2,0,3,34,235,18.23
2017-08-24 00:00:00,4,20170824004,2017,8,24,0,3,0,3,34,236,17.72
2017-08-24 01:00:00,4,20170824014,2017,8,24,1,3,0,3,34,236,9.96
2017-08-24 02:00:00,4,20170824024,2017,8,24,2,3,0,3,34,236,10.21
2017-08-24 03:00:00,4,20170824034,2017,8,24,3,3,0,3,34,236,6.37
2017-08-24 04:00:00,4,20170824044,2017,8,24,4,3,0,3,34,236,5.1
2017-08-24 05:00:00,4,20170824054,2017,8,24,5,3,0,3,34,236,5.82
2017-08-24 06:00:00,4,20170824064,2017,8,24,6,3,0,3,34,236,7.18
2017-08-24 07:00:00,4,20170824074,2017,8,24,7,3,0,3,34,236,8.29
2017-08-24 08:00:00,4,20170824084,2017,8,24,8,3,0,3,34,236,10.08
2017-08-24 09:00:00,4,20170824094,2017,8,24,9,3,0,3,34,236,11.75
2017-08-24 10:00:00,4,20170824104,2017,8,24,10,3,0,3,34,236,17.49
2017-08-24 11:00:00,4,20170824114,2017,8,24,11,3,0,3,34,236,18.59
2017-08-24 12:00:00,4,20170824124,2017,8,24,12,3,0,3,34,236,19.79
2017-08-24 13:00:00,4,20170824134,2017,8,24,13,3,0,3,34,236,18.32
2017-08-24 14:00:00,4,20170824144,2017,8,24,14,3,0,3,34,236,20.18
2017-08-24 15:00:00,4,20170824154,2017,8,24,15,3,0,3,34,236,18.12
2017-08-24 16:00:00,4,20170824164,2017,8,24,16,3,0,3,34,236,18.36
2017-08-24 17:00:00,4,20170824174,2017,8,24,17,3,0,3,34,236,19.02
2017-08-24 18:00:00,4,20170824184,2017,8,24,18,3,0,3,34,236,22.61
2017-08-24 19:00:00,4,20170824194,2017,8,24,19,3,0,3,34,236,36.47
2017-08-24 20:00:00,4,20170824204,2017,8,24,20,3,0,3,34,236,30.97
2017-08-24 21:00:00,4,20170824214,2017,8,24,21,3,0,3,34,236,26.46
2017-08-24 22:00:00,4,20170824224,2017,8,24,22,3,0,3,34,236,23.54
2017-08-24 23:00:00,4,20170824234,2017,8,24,23,3,0,3,34,236,21.6
2017-08-25 00:00:00,4,20170825004,2017,8,25,0,4,0,3,34,237,18.57
2017-08-25 01:00:00,4,20170825014,2017,8,25,1,4,0,3,34,237,10.74
2017-08-25 02:00:00,4,20170825024,2017,8,25,2,4,0,3,34,237,10.16
2017-08-25 03:00:00,4,20170825034,2017,8,25,3,4,0,3,34,237,7.51
2017-08-25 04:00:00,4,20170825044,2017,8,25,4,4,0,3,34,237,7.14
2017-08-25 05:00:00,4,20170825054,2017,8,25,5,4,0,3,34,237,5.21
2017-08-25 06:00:00,4,20170825064,2017,8,25,6,4,0,3,34,237,6.46
2017-08-25 07:00:00,4,20170825074,2017,8,25,7,4,0,3,34,237,7.92
2017-08-25 08:00:00,4,20170825084,2017,8,25,8,4,0,3,34,237,12.11
2017-08-25 09:00:00,4,20170825094,2017,8,25,9,4,0,3,34,237,14.28
2017-08-25 10:00:00,4,20170825104,2017,8,25,10,4,0,3,34,237,19.33
2017-08-25 11:00:00,4,20170825114,2017,8,25,11,4,0,3,34,237,20.46
2017-08-25 12:00:00,4,20170825124,2017,8,25,12,4,0,3,34,237,21.49
2017-08-25 13:00:00,4,20170825134,2017,8,25,13,4,0,3,34,237,18.33
2017-08-25 14:00:00,4,20170825144,2017,8,25,14,4,0,3,34,237,21.46
2017-08-25 15:00:00,4,20170825154,2017,8,25,15,4,0,3,34,237,20.4
2017-08-25 16:00:00,4,20170825164,2017,8,25,16,4,0,3,34,237,20.58
2017-08-25 17:00:00,4,20170825174,2017,8,25,17,4,0,3,34,237,19.97
2017-08-25 18:00:00,4,20170825184,2017,8,25,18,4,0,3,34,237,21.75
2017-08-25 19:00:00,4,20170825194,2017,8,25,19,4,0,3,34,237,31.13
2017-08-25 20:00:00,4,20170825204,2017,8,25,20,4,0,3,34,237,27.11
2017-08-25 21:00:00,4,20170825214,2017,8,25,21,4,0,3,34,237,24.35
2017-08-25 22:00:00,4,20170825224,2017,8,25,22,4,0,3,34,237,20.69
2017-08-25 23:00:00,4,20170825234,2017,8,25,23,4,0,3,34,237,19.55
2017-08-26 00:00:00,4,20170826004,2017,8,26,0,5,1,3,34,238,18.64
2017-08-26 01:00:00,4,20170826014,2017,8,26,1,5,1,3,34,238,8.41
2017-08-26 02:00:00,4,20170826024,2017,8,26,2,5,1,3,34,238,9.11
2017-08-26 03:00:00,4,20170826034,2017,8,26,3,5,1,3,34,238,7.51
2017-08-26 04:00:00,4,20170826044,2017,8,26,4,5,1,3,34,238,6.96
2017-08-26 05:00:00,4,20170826054,2017,8,26,5,5,1,3,34,238,4.93
2017-08-26 06:00:00,4,20170826064,2017,8,26,6,5,1,3,34,238,5.93
2017-08-26 07:00:00,4,20170826074,2017,8,26,7,5,1,3,34,238,7.94
2017-08-26 08:00:00,4,20170826084,2017,8,26,8,5,1,3,34,238,9.94
2017-08-26 09:00:00,4,20170826094,2017,8,26,9,5,1,3,34,238,12.71
2017-08-26 10:00:00,4,20170826104,2017,8,26,10,5,1,3,34,238,17.84
2017-08-26 11:00:00,4,20170826114,2017,8,26,11,5,1,3,34,238,19.52
2017-08-26 12:00:00,4,20170826124,2017,8,26,12,5,1,3,34,238,19.31
2017-08-26 13:00:00,4,20170826134,2017,8,26,13,5,1,3,34,238,18.37
2017-08-26 14:00:00,4,20170826144,2017,8,26,14,5,1,3,34,238,19.82
2017-08-26 15:00:00,4,20170826154,2017,8,26,15,5,1,3,34,238,19.9
2017-08-26 16:00:00,4,20170826164,2017,8,26,16,5,1,3,34,238,20.46
2017-08-26 17:00:00,4,20170826174,2017,8,26,17,5,1,3,34,238,19.66
2017-08-26 18:00:00,4,20170826184,2017,8,26,18,5,1,3,34,238,27.31
2017-08-26 19:00:00,4,20170826194,2017,8,26,19,5,1,3,34,238,42.39
2017-08-26 20:00:00,4,20170826204,2017,8,26,20,5,1,3,34,238,75.17
2017-08-26 21:00:00,4,20170826214,2017,8,26,21,5,1,3,34,238,78.58
2017-08-26 22:00:00,4,20170826224,2017,8,26,22,5,1,3,34,238,43.49
2017-08-26 23:00:00,4,20170826234,2017,8,26,23,5,1,3,34,238,35.38
2017-08-27 00:00:00,4,20170827004,2017,8,27,0,6,1,3,34,239,19.69
2017-08-27 01:00:00,4,20170827014,2017,8,27,1,6,1,3,34,239,9.73
2017-08-27 02:00:00,4,20170827024,2017,8,27,2,6,1,3,34,239,10.02
2017-08-27 03:00:00,4,20170827034,2017,8,27,3,6,1,3,34,239,6.79
2017-08-27 04:00:00,4,20170827044,2017,8,27,4,6,1,3,34,239,6.56
2017-08-27 05:00:00,4,20170827054,2017,8,27,5,6,1,3,34,239,4.89
2017-08-27 06:00:00,4,20170827064,2017,8,27,6,6,1,3,34,239,5.83
2017-08-27 07:00:00,4,20170827074,2017,8,27,7,6,1,3,34,239,7.88
2017-08-27 08:00:00,4,20170827084,2017,8,27,8,6,1,3,34,239,9.12
2017-08-27 09:00:00,4,20170827094,2017,8,27,9,6,1,3,34,239,12.27
2017-08-27 10:00:00,4,20170827104,2017,8,27,10,6,1,3,34,239,15.52
2017-08-27 11:00:00,4,20170827114,2017,8,27,11,6,1,3,34,239,17.47
2017-08-27 12:00:00,4,20170827124,2017,8,27,12,6,1,3,34,239,16.91
2017-08-27 13:00:00,4,20170827134,2017,8,27,13,6,1,3,34,239,16.11
2017-08-27 14:00:00,4,20170827144,2017,8,27,14,6,1,3,34,239,17.02
2017-08-27 15:00:00,4,20170827154,2017,8,27,15,6,1,3,34,239,17.09
2017-08-27 16:00:00,4,20170827164,2017,8,27,16,6,1,3,34,239,18.74
2017-08-27 17:00:00,4,20170827174,2017,8,27,17,6,1,3,34,239,17.56
2017-08-27 18:00:00,4,20170827184,2017,8,27,18,6,1,3,34,239,23.51
2017-08-27 19:00:00,4,20170827194,2017,8,27,19,6,1,3,34,239,41.44
2017-08-27 20:00:00,4,20170827204,2017,8,27,20,6,1,3,34,239,78.87
2017-08-27 21:00:00,4,20170827214,2017,8,27,21,6,1,3,34,239,79.56
2017-08-27 22:00:00,4,20170827224,2017,8,27,22,6,1,3,34,239,45.57
2017-08-27 23:00:00,4,20170827234,2017,8,27,23,6,1,3,34,239,36.06
2017-08-28 00:00:00,4,20170828004,2017,8,28,0,0,0,3,35,240,18.09
2017-08-28 01:00:00,4,20170828014,2017,8,28,1,0,0,3,35,240,13.03
2017-08-28 02:00:00,4,20170828024,2017,8,28,2,0,0,3,35,240,9.77
2017-08-28 03:00:00,4,20170828034,2017,8,28,3,0,0,3,35,240,9.42
2017-08-28 04:00:00,4,20170828044,2017,8,28,4,0,0,3,35,240,6.99
2017-08-28 05:00:00,4,20170828054,2017,8,28,5,0,0,3,35,240,6.44
2017-08-28 06:00:00,4,20170828064,2017,8,28,6,0,0,3,35,240,8.7
2017-08-28 07:00:00,4,20170828074,2017,8,28,7,0,0,3,35,240,11.15
2017-08-28 08:00:00,4,20170828084,2017,8,28,8,0,0,3,35,240,9.71
2017-08-28 09:00:00,4,20170828094,2017,8,28,9,0,0,3,35,240,14.01
2017-08-28 10:00:00,4,20170828104,2017,8,28,10,0,0,3,35,240,22.0
2017-08-28 11:00:00,4,20170828114,2017,8,28,11,0,0,3,35,240,26.2
2017-08-28 12:00:00,4,20170828124,2017,8,28,12,0,0,3,35,240,25.51
2017-08-28 13:00:00,4,20170828134,2017,8,28,13,0,0,3,35,240,21.04
2017-08-28 14:00:00,4,20170828144,2017,8,28,14,0,0,3,35,240,22.53
2017-08-28 15:00:00,4,20170828154,2017,8,28,15,0,0,3,35,240,21.8
2017-08-28 16:00:00,4,20170828164,2017,8,28,16,0,0,3,35,240,22.19
2017-08-28 17:00:00,4,20170828174,2017,8,28,17,0,0,3,35,240,20.46
2017-08-28 18:00:00,4,20170828184,2017,8,28,18,0,0,3,35,240,20.45
2017-08-28 19:00:00,4,20170828194,2017,8,28,19,0,0,3,35,240,22.16
2017-08-28 20:00:00,4,20170828204,2017,8,28,20,0,0,3,35,240,20.37
2017-08-28 21:00:00,4,20170828214,2017,8,28,21,0,0,3,35,240,20.0
2017-08-28 22:00:00,4,20170828224,2017,8,28,22,0,0,3,35,240,18.55
2017-08-28 23:00:00,4,20170828234,2017,8,28,23,0,0,3,35,240,16.35
2017-08-29 00:00:00,4,20170829004,2017,8,29,0,1,0,3,35,241,15.85
2017-08-29 01:00:00,4,20170829014,2017,8,29,1,1,0,3,35,241,12.62
2017-08-29 02:00:00,4,20170829024,2017,8,29,2,1,0,3,35,241,9.56
2017-08-29 03:00:00,4,20170829034,2017,8,29,3,1,0,3,35,241,8.02
2017-08-29 04:00:00,4,20170829044,2017,8,29,4,1,0,3,35,241,6.11
2017-08-29 05:00:00,4,20170829054,2017,8,29,5,1,0,3,35,241,5.98
2017-08-29 06:00:00,4,20170829064,2017,8,29,6,1,0,3,35,241,7.84
2017-08-29 07:00:00,4,20170829074,2017,8,29,7,1,0,3,35,241,9.02
2017-08-29 08:00:00,4,20170829084,2017,8,29,8,1,0,3,35,241,9.1
2017-08-29 09:00:00,4,20170829094,2017,8,29,9,1,0,3,35,241,12.78
2017-08-29 10:00:00,4,20170829104,2017,8,29,10,1,0,3,35,241,22.63
2017-08-29 11:00:00,4,20170829114,2017,8,29,11,1,0,3,35,241,27.4
2017-08-29 12:00:00,4,20170829124,2017,8,29,12,1,0,3,35,241,26.23
2017-08-29 13:00:00,4,20170829134,2017,8,29,13,1,0,3,35,241,21.29
2017-08-29 14:00:00,4,20170829144,2017,8,29,14,1,0,3,35,241,21.93
2017-08-29 15:00:00,4,20170829154,2017,8,29,15,1,0,3,35,241,21.38
2017-08-29 16:00:00,4,20170829164,2017,8,29,16,1,0,3,35,241,21.55
2017-08-29 17:00:00,4,20170829174,2017,8,29,17,1,0,3,35,241,20.07
2017-08-29 18:00:00,4,20170829184,2017,8,29,18,1,0,3,35,241,18.34
2017-08-29 19:00:00,4,20170829194,2017,8,29,19,1,0,3,35,241,20.0
2017-08-29 20:00:00,4,20170829204,2017,8,29,20,1,0,3,35,241,17.83
2017-08-29 21:00:00,4,20170829214,2017,8,29,21,1,0,3,35,241,17.94
2017-08-29 22:00:00,4,20170829224,2017,8,29,22,1,0,3,35,241,17.29
2017-08-29 23:00:00,4,20170829234,2017,8,29,23,1,0,3,35,241,14.32
2017-08-30 00:00:00,4,20170830004,2017,8,30,0,2,0,3,35,242,14.37
2017-08-30 01:00:00,4,20170830014,2017,8,30,1,2,0,3,35,242,11.8
2017-08-30 02:00:00,4,20170830024,2017,8,30,2,2,0,3,35,242,8.85
2017-08-30 03:00:00,4,20170830034,2017,8,30,3,2,0,3,35,242,7.7
2017-08-30 04:00:00,4,20170830044,2017,8,30,4,2,0,3,35,242,6.23
2017-08-30 05:00:00,4,20170830054,2017,8,30,5,2,0,3,35,242,6.23
2017-08-30 06:00:00,4,20170830064,2017,8,30,6,2,0,3,35,242,7.27
2017-08-30 07:00:00,4,20170830074,2017,8,30,7,2,0,3,35,242,7.47
2017-08-30 08:00:00,4,20170830084,2017,8,30,8,2,0,3,35,242,8.45
2017-08-30 09:00:00,4,20170830094,2017,8,30,9,2,0,3,35,242,11.24
2017-08-30 10:00:00,4,20170830104,2017,8,30,10,2,0,3,35,242,17.6
2017-08-30 11:00:00,4,20170830114,2017,8,30,11,2,0,3,35,242,20.66
2017-08-30 12:00:00,4,20170830124,2017,8,30,12,2,0,3,35,242,20.72
2017-08-30 13:00:00,4,20170830134,2017,8,30,13,2,0,3,35,242,15.46
2017-08-30 14:00:00,4,20170830144,2017,8,30,14,2,0,3,35,242,16.42
2017-08-30 15:00:00,4,20170830154,2017,8,30,15,2,0,3,35,242,17.42
2017-08-30 16:00:00,4,20170830164,2017,8,30,16,2,0,3,35,242,17.22
2017-08-30 17:00:00,4,20170830174,2017,8,30,17,2,0,3,35,242,16.81
2017-08-30 18:00:00,4,20170830184,2017,8,30,18,2,0,3,35,242,16.1
2017-08-30 19:00:00,4,20170830194,2017,8,30,19,2,0,3,35,242,16.58
2017-08-30 20:00:00,4,20170830204,2017,8,30,20,2,0,3,35,242,14.68
2017-08-30 21:00:00,4,20170830214,2017,8,30,21,2,0,3,35,242,15.7
2017-08-30 22:00:00,4,20170830224,2017,8,30,22,2,0,3,35,242,15.67
2017-08-30 23:00:00,4,20170830234,2017,8,30,23,2,0,3,35,242,13.53
2017-08-31 00:00:00,4,20170831004,2017,8,31,0,3,0,3,35,243,13.32
2017-08-31 01:00:00,4,20170831014,2017,8,31,1,3,0,3,35,243,11.16
2017-08-31 02:00:00,4,20170831024,2017,8,31,2,3,0,3,35,243,7.74
2017-08-31 03:00:00,4,20170831034,2017,8,31,3,3,0,3,35,243,7.28
2017-08-31 04:00:00,4,20170831044,2017,8,31,4,3,0,3,35,243,6.77
2017-08-31 05:00:00,4,20170831054,2017,8,31,5,3,0,3,35,243,6.71
2017-08-31 06:00:00,4,20170831064,2017,8,31,6,3,0,3,35,243,6.64
2017-08-31 07:00:00,4,20170831074,2017,8,31,7,3,0,3,35,243,6.79
2017-08-31 08:00:00,4,20170831084,2017,8,31,8,3,0,3,35,243,8.35
2017-08-31 09:00:00,4,20170831094,2017,8,31,9,3,0,3,35,243,10.19
2017-08-31 10:00:00,4,20170831104,2017,8,31,10,3,0,3,35,243,13.72
2017-08-31 11:00:00,4,20170831114,2017,8,31,11,3,0,3,35,243,14.42
2017-08-31 12:00:00,4,20170831124,2017,8,31,12,3,0,3,35,243,14.84
2017-08-31 13:00:00,4,20170831134,2017,8,31,13,3,0,3,35,243,11.38
2017-08-31 14:00:00,4,20170831144,2017,8,31,14,3,0,3,35,243,13.72
2017-08-31 15:00:00,4,20170831154,2017,8,31,15,3,0,3,35,243,14.85
2017-08-31 16:00:00,4,20170831164,2017,8,31,16,3,0,3,35,243,14.27
2017-08-31 17:00:00,4,20170831174,2017,8,31,17,3,0,3,35,243,14.56
2017-08-31 18:00:00,4,20170831184,2017,8,31,18,3,0,3,35,243,13.78
2017-08-31 19:00:00,4,20170831194,2017,8,31,19,3,0,3,35,243,13.09
2017-08-31 20:00:00,4,20170831204,2017,8,31,20,3,0,3,35,243,13.48
2017-08-31 21:00:00,4,20170831214,2017,8,31,21,3,0,3,35,243,14.41
2017-08-31 22:00:00,4,20170831224,2017,8,31,22,3,0,3,35,243,14.94
2017-08-31 23:00:00,4,20170831234,2017,8,31,23,3,0,3,35,243,13.87
2017-09-01 00:00:00,4,20170901004,2017,9,1,0,4,0,3,35,244,17.65
2017-09-01 01:00:00,4,20170901014,2017,9,1,1,4,0,3,35,244,14.39
2017-09-01 02:00:00,4,20170901024,2017,9,1,2,4,0,3,35,244,8.05
2017-09-01 03:00:00,4,20170901034,2017,9,1,3,4,0,3,35,244,7.83
2017-09-01 04:00:00,4,20170901044,2017,9,1,4,4,0,3,35,244,4.85
2017-09-01 05:00:00,4,20170901054,2017,9,1,5,4,0,3,35,244,7.26
2017-09-01 06:00:00,4,20170901064,2017,9,1,6,4,0,3,35,244,5.96
2017-09-01 07:00:00,4,20170901074,2017,9,1,7,4,0,3,35,244,7.06
2017-09-01 08:00:00,4,20170901084,2017,9,1,8,4,0,3,35,244,10.36
2017-09-01 09:00:00,4,20170901094,2017,9,1,9,4,0,3,35,244,17.19
2017-09-01 10:00:00,4,20170901104,2017,9,1,10,4,0,3,35,244,21.98
2017-09-01 11:00:00,4,20170901114,2017,9,1,11,4,0,3,35,244,21.88
2017-09-01 12:00:00,4,20170901124,2017,9,1,12,4,0,3,35,244,22.79
2017-09-01 13:00:00,4,20170901134,2017,9,1,13,4,0,3,35,244,23.28
2017-09-01 14:00:00,4,20170901144,2017,9,1,14,4,0,3,35,244,23.86
2017-09-01 15:00:00,4,20170901154,2017,9,1,15,4,0,3,35,244,23.71
2017-09-01 16:00:00,4,20170901164,2017,9,1,16,4,0,3,35,244,20.58
2017-09-01 17:00:00,4,20170901174,2017,9,1,17,4,0,3,35,244,20.83
2017-09-01 18:00:00,4,20170901184,2017,9,1,18,4,0,3,35,244,19.23
2017-09-01 19:00:00,4,20170901194,2017,9,1,19,4,0,3,35,244,21.16
2017-09-01 20:00:00,4,20170901204,2017,9,1,20,4,0,3,35,244,20.53
2017-09-01 21:00:00,4,20170901214,2017,9,1,21,4,0,3,35,244,23.91
2017-09-01 22:00:00,4,20170901224,2017,9,1,22,4,0,3,35,244,31.17
2017-09-01 23:00:00,4,20170901234,2017,9,1,23,4,0,3,35,244,26.98
2017-09-02 00:00:00,4,20170902004,2017,9,2,0,5,1,3,35,245,17.57
2017-09-02 01:00:00,4,20170902014,2017,9,2,1,5,1,3,35,245,12.5
2017-09-02 02:00:00,4,20170902024,2017,9,2,2,5,1,3,35,245,8.96
2017-09-02 03:00:00,4,20170902034,2017,9,2,3,5,1,3,35,245,7.94
2017-09-02 04:00:00,4,20170902044,2017,9,2,4,5,1,3,35,245,4.98
2017-09-02 05:00:00,4,20170902054,2017,9,2,5,5,1,3,35,245,6.97
2017-09-02 06:00:00,4,20170902064,2017,9,2,6,5,1,3,35,245,5.54
2017-09-02 07:00:00,4,20170902074,2017,9,2,7,5,1,3,35,245,6.39
2017-09-02 08:00:00,4,20170902084,2017,9,2,8,5,1,3,35,245,8.79
2017-09-02 09:00:00,4,20170902094,2017,9,2,9,5,1,3,35,245,13.72
2017-09-02 10:00:00,4,20170902104,2017,9,2,10,5,1,3,35,245,15.63
2017-09-02 11:00:00,4,20170902114,2017,9,2,11,5,1,3,35,245,14.95
2017-09-02 12:00:00,4,20170902124,2017,9,2,12,5,1,3,35,245,16.83
2017-09-02 13:00:00,4,20170902134,2017,9,2,13,5,1,3,35,245,17.58
2017-09-02 14:00:00,4,20170902144,2017,9,2,14,5,1,3,35,245,19.0
2017-09-02 15:00:00,4,20170902154,2017,9,2,15,5,1,3,35,245,14.8
2017-09-02 16:00:00,4,20170902164,2017,9,2,16,5,1,3,35,245,14.32
2017-09-02 17:00:00,4,20170902174,2017,9,2,17,5,1,3,35,245,15.15
2017-09-02 18:00:00,4,20170902184,2017,9,2,18,5,1,3,35,245,14.27
2017-09-02 19:00:00,4,20170902194,2017,9,2,19,5,1,3,35,245,16.35
2017-09-02 20:00:00,4,20170902204,2017,9,2,20,5,1,3,35,245,16.75
2017-09-02 21:00:00,4,20170902214,2017,9,2,21,5,1,3,35,245,16.47
2017-09-02 22:00:00,4,20170902224,2017,9,2,22,5,1,3,35,245,18.42
2017-09-02 23:00:00,4,20170902234,2017,9,2,23,5,1,3,35,245,17.34
2017-09-03 00:00:00,4,20170903004,2017,9,3,0,6,1,3,35,246,16.99
2017-09-03 01:00:00,4,20170903014,2017,9,3,1,6,1,3,35,246,10.66
2017-09-03 02:00:00,4,20170903024,2017,9,3,2,6,1,3,35,246,8.42
2017-09-03 03:00:00,4,20170903034,2017,9,3,3,6,1,3,35,246,6.3
2017-09-03 04:00:00,4,20170903044,2017,9,3,4,6,1,3,35,246,5.31
2017-09-03 05:00:00,4,20170903054,2017,9,3,5,6,1,3,35,246,6.67
2017-09-03 06:00:00,4,20170903064,2017,9,3,6,6,1,3,35,246,5.31
2017-09-03 07:00:00,4,20170903074,2017,9,3,7,6,1,3,35,246,6.26
2017-09-03 08:00:00,4,20170903084,2017,9,3,8,6,1,3,35,246,7.23
2017-09-03 09:00:00,4,20170903094,2017,9,3,9,6,1,3,35,246,9.92
2017-09-03 10:00:00,4,20170903104,2017,9,3,10,6,1,3,35,246,12.59
2017-09-03 11:00:00,4,20170903114,2017,9,3,11,6,1,3,35,246,12.19
2017-09-03 12:00:00,4,20170903124,2017,9,3,12,6,1,3,35,246,14.11
2017-09-03 13:00:00,4,20170903134,2017,9,3,13,6,1,3,35,246,14.53
2017-09-03 14:00:00,4,20170903144,2017,9,3,14,6,1,3,35,246,16.52
2017-09-03 15:00:00,4,20170903154,2017,9,3,15,6,1,3,35,246,10.92
2017-09-03 16:00:00,4,20170903164,2017,9,3,16,6,1,3,35,246,12.13
2017-09-03 17:00:00,4,20170903174,2017,9,3,17,6,1,3,35,246,13.38
2017-09-03 18:00:00,4,20170903184,2017,9,3,18,6,1,3,35,246,12.81
2017-09-03 19:00:00,4,20170903194,2017,9,3,19,6,1,3,35,246,14.22
2017-09-03 20:00:00,4,20170903204,2017,9,3,20,6,1,3,35,246,15.18
2017-09-03 21:00:00,4,20170903214,2017,9,3,21,6,1,3,35,246,14.4
2017-09-03 22:00:00,4,20170903224,2017,9,3,22,6,1,3,35,246,14.7
2017-09-03 23:00:00,4,20170903234,2017,9,3,23,6,1,3,35,246,14.85
2017-09-04 00:00:00,4,20170904004,2017,9,4,0,0,0,3,36,247,15.25
2017-09-04 01:00:00,4,20170904014,2017,9,4,1,0,0,3,36,247,11.63
2017-09-04 02:00:00,4,20170904024,2017,9,4,2,0,0,3,36,247,7.64
2017-09-04 03:00:00,4,20170904034,2017,9,4,3,0,0,3,36,247,5.59
2017-09-04 04:00:00,4,20170904044,2017,9,4,4,0,0,3,36,247,6.43
2017-09-04 05:00:00,4,20170904054,2017,9,4,5,0,0,3,36,247,5.49
2017-09-04 06:00:00,4,20170904064,2017,9,4,6,0,0,3,36,247,5.62
2017-09-04 07:00:00,4,20170904074,2017,9,4,7,0,0,3,36,247,8.71
2017-09-04 08:00:00,4,20170904084,2017,9,4,8,0,0,3,36,247,8.97
2017-09-04 09:00:00,4,20170904094,2017,9,4,9,0,0,3,36,247,9.85
2017-09-04 10:00:00,4,20170904104,2017,9,4,10,0,0,3,36,247,14.32
2017-09-04 11:00:00,4,20170904114,2017,9,4,11,0,0,3,36,247,13.76
2017-09-04 12:00:00,4,20170904124,2017,9,4,12,0,0,3,36,247,15.88
2017-09-04 13:00:00,4,20170904134,2017,9,4,13,0,0,3,36,247,15.64
2017-09-04 14:00:00,4,20170904144,2017,9,4,14,0,0,3,36,247,15.24
2017-09-04 15:00:00,4,20170904154,2017,9,4,15,0,0,3,36,247,15.43
2017-09-04 16:00:00,4,20170904164,2017,9,4,16,0,0,3,36,247,15.36
2017-09-04 17:00:00,4,20170904174,2017,9,4,17,0,0,3,36,247,13.59
2017-09-04 18:00:00,4,20170904184,2017,9,4,18,0,0,3,36,247,15.62
2017-09-04 19:00:00,4,20170904194,2017,9,4,19,0,0,3,36,247,16.2
2017-09-04 20:00:00,4,20170904204,2017,9,4,20,0,0,3,36,247,14.77
2017-09-04 21:00:00,4,20170904214,2017,9,4,21,0,0,3,36,247,13.25
2017-09-04 22:00:00,4,20170904224,2017,9,4,22,0,0,3,36,247,13.96
2017-09-04 23:00:00,4,20170904234,2017,9,4,23,0,0,3,36,247,17.21
2017-09-05 00:00:00,4,20170905004,2017,9,5,0,1,0,3,36,248,13.51
2017-09-05 01:00:00,4,20170905014,2017,9,5,1,1,0,3,36,248,10.83
2017-09-05 02:00:00,4,20170905024,2017,9,5,2,1,0,3,36,248,7.45
2017-09-05 03:00:00,4,20170905034,2017,9,5,3,1,0,3,36,248,4.82
2017-09-05 04:00:00,4,20170905044,2017,9,5,4,1,0,3,36,248,6.34
2017-09-05 05:00:00,4,20170905054,2017,9,5,5,1,0,3,36,248,5.0
2017-09-05 06:00:00,4,20170905064,2017,9,5,6,1,0,3,36,248,5.68
2017-09-05 07:00:00,4,20170905074,2017,9,5,7,1,0,3,36,248,7.42
2017-09-05 08:00:00,4,20170905084,2017,9,5,8,1,0,3,36,248,8.6
2017-09-05 09:00:00,4,20170905094,2017,9,5,9,1,0,3,36,248,9.22
2017-09-05 10:00:00,4,20170905104,2017,9,5,10,1,0,3,36,248,15.37
2017-09-05 11:00:00,4,20170905114,2017,9,5,11,1,0,3,36,248,17.61
2017-09-05 12:00:00,4,20170905124,2017,9,5,12,1,0,3,36,248,19.34
2017-09-05 13:00:00,4,20170905134,2017,9,5,13,1,0,3,36,248,17.98
2017-09-05 14:00:00,4,20170905144,2017,9,5,14,1,0,3,36,248,18.81
2017-09-05 15:00:00,4,20170905154,2017,9,5,15,1,0,3,36,248,19.02
2017-09-05 16:00:00,4,20170905164,2017,9,5,16,1,0,3,36,248,17.31
2017-09-05 17:00:00,4,20170905174,2017,9,5,17,1,0,3,36,248,17.55
2017-09-05 18:00:00,4,20170905184,2017,9,5,18,1,0,3,36,248,17.49
2017-09-05 19:00:00,4,20170905194,2017,9,5,19,1,0,3,36,248,17.06
2017-09-05 20:00:00,4,20170905204,2017,9,5,20,1,0,3,36,248,17.14
2017-09-05 21:00:00,4,20170905214,2017,9,5,21,1,0,3,36,248,17.67
2017-09-05 22:00:00,4,20170905224,2017,9,5,22,1,0,3,36,248,19.12
2017-09-05 23:00:00,4,20170905234,2017,9,5,23,1,0,3,36,248,18.78
2017-09-06 00:00:00,4,20170906004,2017,9,6,0,2,0,3,36,249,14.07
2017-09-06 01:00:00,4,20170906014,2017,9,6,1,2,0,3,36,249,11.08
2017-09-06 02:00:00,4,20170906024,2017,9,6,2,2,0,3,36,249,8.29
2017-09-06 03:00:00,4,20170906034,2017,9,6,3,2,0,3,36,249,5.11
2017-09-06 04:00:00,4,20170906044,2017,9,6,4,2,0,3,36,249,6.06
2017-09-06 05:00:00,4,20170906054,2017,9,6,5,2,0,3,36,249,5.43
2017-09-06 06:00:00,4,20170906064,2017,9,6,6,2,0,3,36,249,5.87
2017-09-06 07:00:00,4,20170906074,2017,9,6,7,2,0,3,36,249,7.62
2017-09-06 08:00:00,4,20170906084,2017,9,6,8,2,0,3,36,249,8.59
2017-09-06 09:00:00,4,20170906094,2017,9,6,9,2,0,3,36,249,9.25
2017-09-06 10:00:00,4,20170906104,2017,9,6,10,2,0,3,36,249,15.12
2017-09-06 11:00:00,4,20170906114,2017,9,6,11,2,0,3,36,249,17.76
2017-09-06 12:00:00,4,20170906124,2017,9,6,12,2,0,3,36,249,20.14
2017-09-06 13:00:00,4,20170906134,2017,9,6,13,2,0,3,36,249,18.96
2017-09-06 14:00:00,4,20170906144,2017,9,6,14,2,0,3,36,249,20.52
2017-09-06 15:00:00,4,20170906154,2017,9,6,15,2,0,3,36,249,20.27
2017-09-06 16:00:00,4,20170906164,2017,9,6,16,2,0,3,36,249,18.54
2017-09-06 17:00:00,4,20170906174,2017,9,6,17,2,0,3,36,249,19.37
2017-09-06 18:00:00,4,20170906184,2017,9,6,18,2,0,3,36,249,19.44
2017-09-06 19:00:00,4,20170906194,2017,9,6,19,2,0,3,36,249,18.24
2017-09-06 20:00:00,4,20170906204,2017,9,6,20,2,0,3,36,249,19.11
2017-09-06 21:00:00,4,20170906214,2017,9,6,21,2,0,3,36,249,20.66
2017-09-06 22:00:00,4,20170906224,2017,9,6,22,2,0,3,36,249,22.1
2017-09-06 23:00:00,4,20170906234,2017,9,6,23,2,0,3,36,249,20.16
2017-09-07 00:00:00,4,20170907004,2017,9,7,0,3,0,3,36,250,16.14
2017-09-07 01:00:00,4,20170907014,2017,9,7,1,3,0,3,36,250,11.8
2017-09-07 02:00:00,4,20170907024,2017,9,7,2,3,0,3,36,250,8.55
2017-09-07 03:00:00,4,20170907034,2017,9,7,3,3,0,3,36,250,6.09
2017-09-07 04:00:00,4,20170907044,2017,9,7,4,3,0,3,36,250,6.09
2017-09-07 05:00:00,4,20170907054,2017,9,7,5,3,0,3,36,250,5.51
2017-09-07 06:00:00,4,20170907064,2017,9,7,6,3,0,3,36,250,5.72
2017-09-07 07:00:00,4,20170907074,2017,9,7,7,3,0,3,36,250,7.53
2017-09-07 08:00:00,4,20170907084,2017,9,7,8,3,0,3,36,250,9.11
2017-09-07 09:00:00,4,20170907094,2017,9,7,9,3,0,3,36,250,10.48
2017-09-07 10:00:00,4,20170907104,2017,9,7,10,3,0,3,36,250,16.08
2017-09-07 11:00:00,4,20170907114,2017,9,7,11,3,0,3,36,250,18.71
2017-09-07 12:00:00,4,20170907124,2017,9,7,12,3,0,3,36,250,21.12
2017-09-07 13:00:00,4,20170907134,2017,9,7,13,3,0,3,36,250,20.6
2017-09-07 14:00:00,4,20170907144,2017,9,7,14,3,0,3,36,250,22.17
2017-09-07 15:00:00,4,20170907154,2017,9,7,15,3,0,3,36,250,22.11
2017-09-07 16:00:00,4,20170907164,2017,9,7,16,3,0,3,36,250,20.89
2017-09-07 17:00:00,4,20170907174,2017,9,7,17,3,0,3,36,250,20.28
2017-09-07 18:00:00,4,20170907184,2017,9,7,18,3,0,3,36,250,20.63
2017-09-07 19:00:00,4,20170907194,2017,9,7,19,3,0,3,36,250,19.66
2017-09-07 20:00:00,4,20170907204,2017,9,7,20,3,0,3,36,250,20.59
2017-09-07 21:00:00,4,20170907214,2017,9,7,21,3,0,3,36,250,21.85
2017-09-07 22:00:00,4,20170907224,2017,9,7,22,3,0,3,36,250,22.79
2017-09-07 23:00:00,4,20170907234,2017,9,7,23,3,0,3,36,250,20.31
2017-09-08 00:00:00,4,20170908004,2017,9,8,0,4,0,3,36,251,16.75
2017-09-08 01:00:00,4,20170908014,2017,9,8,1,4,0,3,36,251,11.74
2017-09-08 02:00:00,4,20170908024,2017,9,8,2,4,0,3,36,251,6.81
2017-09-08 03:00:00,4,20170908034,2017,9,8,3,4,0,3,36,251,7.07
2017-09-08 04:00:00,4,20170908044,2017,9,8,4,4,0,3,36,251,5.89
2017-09-08 05:00:00,4,20170908054,2017,9,8,5,4,0,3,36,251,5.56
2017-09-08 06:00:00,4,20170908064,2017,9,8,6,4,0,3,36,251,5.85
2017-09-08 07:00:00,4,20170908074,2017,9,8,7,4,0,3,36,251,8.41
2017-09-08 08:00:00,4,20170908084,2017,9,8,8,4,0,3,36,251,9.2
2017-09-08 09:00:00,4,20170908094,2017,9,8,9,4,0,3,36,251,10.26
2017-09-08 10:00:00,4,20170908104,2017,9,8,10,4,0,3,36,251,16.55
2017-09-08 11:00:00,4,20170908114,2017,9,8,11,4,0,3,36,251,18.53
2017-09-08 12:00:00,4,20170908124,2017,9,8,12,4,0,3,36,251,20.13
2017-09-08 13:00:00,4,20170908134,2017,9,8,13,4,0,3,36,251,19.56
2017-09-08 14:00:00,4,20170908144,2017,9,8,14,4,0,3,36,251,20.06
2017-09-08 15:00:00,4,20170908154,2017,9,8,15,4,0,3,36,251,20.78
2017-09-08 16:00:00,4,20170908164,2017,9,8,16,4,0,3,36,251,20.68
2017-09-08 17:00:00,4,20170908174,2017,9,8,17,4,0,3,36,251,19.62
2017-09-08 18:00:00,4,20170908184,2017,9,8,18,4,0,3,36,251,18.58
2017-09-08 19:00:00,4,20170908194,2017,9,8,19,4,0,3,36,251,18.15
2017-09-08 20:00:00,4,20170908204,2017,9,8,20,4,0,3,36,251,17.96
2017-09-08 21:00:00,4,20170908214,2017,9,8,21,4,0,3,36,251,18.19
2017-09-08 22:00:00,4,20170908224,2017,9,8,22,4,0,3,36,251,17.07
2017-09-08 23:00:00,4,20170908234,2017,9,8,23,4,0,3,36,251,17.41
2017-09-09 00:00:00,4,20170909004,2017,9,9,0,5,1,3,36,252,17.52
2017-09-09 01:00:00,4,20170909014,2017,9,9,1,5,1,3,36,252,10.72
2017-09-09 02:00:00,4,20170909024,2017,9,9,2,5,1,3,36,252,7.72
2017-09-09 03:00:00,4,20170909034,2017,9,9,3,5,1,3,36,252,6.77
2017-09-09 04:00:00,4,20170909044,2017,9,9,4,5,1,3,36,252,6.01
2017-09-09 05:00:00,4,20170909054,2017,9,9,5,5,1,3,36,252,5.62
2017-09-09 06:00:00,4,20170909064,2017,9,9,6,5,1,3,36,252,6.19
2017-09-09 07:00:00,4,20170909074,2017,9,9,7,5,1,3,36,252,9.53
2017-09-09 08:00:00,4,20170909084,2017,9,9,8,5,1,3,36,252,9.9
2017-09-09 09:00:00,4,20170909094,2017,9,9,9,5,1,3,36,252,10.87
2017-09-09 10:00:00,4,20170909104,2017,9,9,10,5,1,3,36,252,15.17
2017-09-09 11:00:00,4,20170909114,2017,9,9,11,5,1,3,36,252,16.81
2017-09-09 12:00:00,4,20170909124,2017,9,9,12,5,1,3,36,252,18.43
2017-09-09 13:00:00,4,20170909134,2017,9,9,13,5,1,3,36,252,17.7
2017-09-09 14:00:00,4,20170909144,2017,9,9,14,5,1,3,36,252,19.23
2017-09-09 15:00:00,4,20170909154,2017,9,9,15,5,1,3,36,252,17.01
2017-09-09 16:00:00,4,20170909164,2017,9,9,16,5,1,3,36,252,24.09
2017-09-09 17:00:00,4,20170909174,2017,9,9,17,5,1,3,36,252,25.02
2017-09-09 18:00:00,4,20170909184,2017,9,9,18,5,1,3,36,252,22.21
2017-09-09 19:00:00,4,20170909194,2017,9,9,19,5,1,3,36,252,21.99
2017-09-09 20:00:00,4,20170909204,2017,9,9,20,5,1,3,36,252,21.9
2017-09-09 21:00:00,4,20170909214,2017,9,9,21,5,1,3,36,252,20.76
2017-09-09 22:00:00,4,20170909224,2017,9,9,22,5,1,3,36,252,18.83
2017-09-09 23:00:00,4,20170909234,2017,9,9,23,5,1,3,36,252,18.69
2017-09-10 00:00:00,4,20170910004,2017,9,10,0,6,1,3,36,253,15.97
2017-09-10 01:00:00,4,20170910014,2017,9,10,1,6,1,3,36,253,10.0
2017-09-10 02:00:00,4,20170910024,2017,9,10,2,6,1,3,36,253,8.4
2017-09-10 03:00:00,4,20170910034,2017,9,10,3,6,1,3,36,253,6.12
2017-09-10 04:00:00,4,20170910044,2017,9,10,4,6,1,3,36,253,5.87
2017-09-10 05:00:00,4,20170910054,2017,9,10,5,6,1,3,36,253,5.34
2017-09-10 06:00:00,4,20170910064,2017,9,10,6,6,1,3,36,253,5.81
2017-09-10 07:00:00,4,20170910074,2017,9,10,7,6,1,3,36,253,8.85
2017-09-10 08:00:00,4,20170910084,2017,9,10,8,6,1,3,36,253,9.4
2017-09-10 09:00:00,4,20170910094,2017,9,10,9,6,1,3,36,253,12.09
2017-09-10 10:00:00,4,20170910104,2017,9,10,10,6,1,3,36,253,16.43
2017-09-10 11:00:00,4,20170910114,2017,9,10,11,6,1,3,36,253,19.27
2017-09-10 12:00:00,4,20170910124,2017,9,10,12,6,1,3,36,253,23.21
2017-09-10 13:00:00,4,20170910134,2017,9,10,13,6,1,3,36,253,22.69
2017-09-10 14:00:00,4,20170910144,2017,9,10,14,6,1,3,36,253,26.51
2017-09-10 15:00:00,4,20170910154,2017,9,10,15,6,1,3,36,253,25.71
2017-09-10 16:00:00,4,20170910164,2017,9,10,16,6,1,3,36,253,33.2
2017-09-10 17:00:00,4,20170910174,2017,9,10,17,6,1,3,36,253,28.88
2017-09-10 18:00:00,4,20170910184,2017,9,10,18,6,1,3,36,253,30.52
2017-09-10 19:00:00,4,20170910194,2017,9,10,19,6,1,3,36,253,37.02
2017-09-10 20:00:00,4,20170910204,2017,9,10,20,6,1,3,36,253,51.85
2017-09-10 21:00:00,4,20170910214,2017,9,10,21,6,1,3,36,253,49.97
2017-09-10 22:00:00,4,20170910224,2017,9,10,22,6,1,3,36,253,39.05
2017-09-10 23:00:00,4,20170910234,2017,9,10,23,6,1,3,36,253,34.15
2017-09-11 00:00:00,4,20170911004,2017,9,11,0,0,0,3,37,254,18.16
2017-09-11 01:00:00,4,20170911014,2017,9,11,1,0,0,3,37,254,10.61
2017-09-11 02:00:00,4,20170911024,2017,9,11,2,0,0,3,37,254,8.08
2017-09-11 03:00:00,4,20170911034,2017,9,11,3,0,0,3,37,254,8.31
2017-09-11 04:00:00,4,20170911044,2017,9,11,4,0,0,3,37,254,5.48
2017-09-11 05:00:00,4,20170911054,2017,9,11,5,0,0,3,37,254,5.51
2017-09-11 06:00:00,4,20170911064,2017,9,11,6,0,0,3,37,254,6.2
2017-09-11 07:00:00,4,20170911074,2017,9,11,7,0,0,3,37,254,9.33
2017-09-11 08:00:00,4,20170911084,2017,9,11,8,0,0,3,37,254,10.47
2017-09-11 09:00:00,4,20170911094,2017,9,11,9,0,0,3,37,254,13.98
2017-09-11 10:00:00,4,20170911104,2017,9,11,10,0,0,3,37,254,20.01
2017-09-11 11:00:00,4,20170911114,2017,9,11,11,0,0,3,37,254,23.9
2017-09-11 12:00:00,4,20170911124,2017,9,11,12,0,0,3,37,254,26.06
2017-09-11 13:00:00,4,20170911134,2017,9,11,13,0,0,3,37,254,29.69
2017-09-11 14:00:00,4,20170911144,2017,9,11,14,0,0,3,37,254,28.52
2017-09-11 15:00:00,4,20170911154,2017,9,11,15,0,0,3,37,254,26.75
2017-09-11 16:00:00,4,20170911164,2017,9,11,16,0,0,3,37,254,25.56
2017-09-11 17:00:00,4,20170911174,2017,9,11,17,0,0,3,37,254,23.02
2017-09-11 18:00:00,4,20170911184,2017,9,11,18,0,0,3,37,254,22.52
2017-09-11 19:00:00,4,20170911194,2017,9,11,19,0,0,3,37,254,27.27
2017-09-11 20:00:00,4,20170911204,2017,9,11,20,0,0,3,37,254,25.68
2017-09-11 21:00:00,4,20170911214,2017,9,11,21,0,0,3,37,254,26.69
2017-09-11 22:00:00,4,20170911224,2017,9,11,22,0,0,3,37,254,25.5
2017-09-11 23:00:00,4,20170911234,2017,9,11,23,0,0,3,37,254,22.7
2017-09-12 00:00:00,4,20170912004,2017,9,12,0,1,0,3,37,255,18.21
2017-09-12 01:00:00,4,20170912014,2017,9,12,1,1,0,3,37,255,10.54
2017-09-12 02:00:00,4,20170912024,2017,9,12,2,1,0,3,37,255,7.85
2017-09-12 03:00:00,4,20170912034,2017,9,12,3,1,0,3,37,255,8.22
2017-09-12 04:00:00,4,20170912044,2017,9,12,4,1,0,3,37,255,5.25
2017-09-12 05:00:00,4,20170912054,2017,9,12,5,1,0,3,37,255,5.47
2017-09-12 06:00:00,4,20170912064,2017,9,12,6,1,0,3,37,255,6.04
2017-09-12 07:00:00,4,20170912074,2017,9,12,7,1,0,3,37,255,8.82
2017-09-12 08:00:00,4,20170912084,2017,9,12,8,1,0,3,37,255,10.97
2017-09-12 09:00:00,4,20170912094,2017,9,12,9,1,0,3,37,255,14.13
2017-09-12 10:00:00,4,20170912104,2017,9,12,10,1,0,3,37,255,19.73
2017-09-12 11:00:00,4,20170912114,2017,9,12,11,1,0,3,37,255,23.82
2017-09-12 12:00:00,4,20170912124,2017,9,12,12,1,0,3,37,255,25.04
2017-09-12 13:00:00,4,20170912134,2017,9,12,13,1,0,3,37,255,30.2
2017-09-12 14:00:00,4,20170912144,2017,9,12,14,1,0,3,37,255,28.16
2017-09-12 15:00:00,4,20170912154,2017,9,12,15,1,0,3,37,255,27.01
2017-09-12 16:00:00,4,20170912164,2017,9,12,16,1,0,3,37,255,25.48
2017-09-12 17:00:00,4,20170912174,2017,9,12,17,1,0,3,37,255,22.33
2017-09-12 18:00:00,4,20170912184,2017,9,12,18,1,0,3,37,255,22.75
2017-09-12 19:00:00,4,20170912194,2017,9,12,19,1,0,3,37,255,28.33
2017-09-12 20:00:00,4,20170912204,2017,9,12,20,1,0,3,37,255,26.46
2017-09-12 21:00:00,4,20170912214,2017,9,12,21,1,0,3,37,255,26.87
2017-09-12 22:00:00,4,20170912224,2017,9,12,22,1,0,3,37,255,25.58
2017-09-12 23:00:00,4,20170912234,2017,9,12,23,1,0,3,37,255,22.97
2017-09-13 00:00:00,4,20170913004,2017,9,13,0,2,0,3,37,256,17.09
2017-09-13 01:00:00,4,20170913014,2017,9,13,1,2,0,3,37,256,10.28
2017-09-13 02:00:00,4,20170913024,2017,9,13,2,2,0,3,37,256,7.98
2017-09-13 03:00:00,4,20170913034,2017,9,13,3,2,0,3,37,256,7.54
2017-09-13 04:00:00,4,20170913044,2017,9,13,4,2,0,3,37,256,5.15
2017-09-13 05:00:00,4,20170913054,2017,9,13,5,2,0,3,37,256,5.29
2017-09-13 06:00:00,4,20170913064,2017,9,13,6,2,0,3,37,256,6.03
2017-09-13 07:00:00,4,20170913074,2017,9,13,7,2,0,3,37,256,8.41
2017-09-13 08:00:00,4,20170913084,2017,9,13,8,2,0,3,37,256,10.56
2017-09-13 09:00:00,4,20170913094,2017,9,13,9,2,0,3,37,256,12.94
2017-09-13 10:00:00,4,20170913104,2017,9,13,10,2,0,3,37,256,20.32
2017-09-13 11:00:00,4,20170913114,2017,9,13,11,2,0,3,37,256,23.34
2017-09-13 12:00:00,4,20170913124,2017,9,13,12,2,0,3,37,256,23.95
2017-09-13 13:00:00,4,20170913134,2017,9,13,13,2,0,3,37,256,29.64
2017-09-13 14:00:00,4,20170913144,2017,9,13,14,2,0,3,37,256,26.39
2017-09-13 15:00:00,4,20170913154,2017,9,13,15,2,0,3,37,256,25.75
2017-09-13 16:00:00,4,20170913164,2017,9,13,16,2,0,3,37,256,24.27
2017-09-13 17:00:00,4,20170913174,2017,9,13,17,2,0,3,37,256,21.94
2017-09-13 18:00:00,4,20170913184,2017,9,13,18,2,0,3,37,256,22.16
2017-09-13 19:00:00,4,20170913194,2017,9,13,19,2,0,3,37,256,27.0
2017-09-13 20:00:00,4,20170913204,2017,9,13,20,2,0,3,37,256,24.46
2017-09-13 21:00:00,4,20170913214,2017,9,13,21,2,0,3,37,256,24.99
2017-09-13 22:00:00,4,20170913224,2017,9,13,22,2,0,3,37,256,23.89
2017-09-13 23:00:00,4,20170913234,2017,9,13,23,2,0,3,37,256,21.59
2017-09-14 00:00:00,4,20170914004,2017,9,14,0,3,0,3,37,257,16.33
2017-09-14 01:00:00,4,20170914014,2017,9,14,1,3,0,3,37,257,10.02
2017-09-14 02:00:00,4,20170914024,2017,9,14,2,3,0,3,37,257,8.08
2017-09-14 03:00:00,4,20170914034,2017,9,14,3,3,0,3,37,257,6.29
2017-09-14 04:00:00,4,20170914044,2017,9,14,4,3,0,3,37,257,4.08
2017-09-14 05:00:00,4,20170914054,2017,9,14,5,3,0,3,37,257,4.16
2017-09-14 06:00:00,4,20170914064,2017,9,14,6,3,0,3,37,257,4.97
2017-09-14 07:00:00,4,20170914074,2017,9,14,7,3,0,3,37,257,7.99
2017-09-14 08:00:00,4,20170914084,2017,9,14,8,3,0,3,37,257,9.72
2017-09-14 09:00:00,4,20170914094,2017,9,14,9,3,0,3,37,257,10.89
2017-09-14 10:00:00,4,20170914104,2017,9,14,10,3,0,3,37,257,15.01
2017-09-14 11:00:00,4,20170914114,2017,9,14,11,3,0,3,37,257,15.45
2017-09-14 12:00:00,4,20170914124,2017,9,14,12,3,0,3,37,257,18.3
2017-09-14 13:00:00,4,20170914134,2017,9,14,13,3,0,3,37,257,16.29
2017-09-14 14:00:00,4,20170914144,2017,9,14,14,3,0,3,37,257,15.63
2017-09-14 15:00:00,4,20170914154,2017,9,14,15,3,0,3,37,257,17.34
2017-09-14 16:00:00,4,20170914164,2017,9,14,16,3,0,3,37,257,16.78
2017-09-14 17:00:00,4,20170914174,2017,9,14,17,3,0,3,37,257,16.61
2017-09-14 18:00:00,4,20170914184,2017,9,14,18,3,0,3,37,257,15.44
2017-09-14 19:00:00,4,20170914194,2017,9,14,19,3,0,3,37,257,14.52
2017-09-14 20:00:00,4,20170914204,2017,9,14,20,3,0,3,37,257,15.11
2017-09-14 21:00:00,4,20170914214,2017,9,14,21,3,0,3,37,257,13.57
2017-09-14 22:00:00,4,20170914224,2017,9,14,22,3,0,3,37,257,14.73
2017-09-14 23:00:00,4,20170914234,2017,9,14,23,3,0,3,37,257,14.22
2017-09-15 00:00:00,4,20170915004,2017,9,15,0,4,0,3,37,258,13.05
2017-09-15 01:00:00,4,20170915014,2017,9,15,1,4,0,3,37,258,10.3
2017-09-15 02:00:00,4,20170915024,2017,9,15,2,4,0,3,37,258,6.06
2017-09-15 03:00:00,4,20170915034,2017,9,15,3,4,0,3,37,258,6.37
2017-09-15 04:00:00,4,20170915044,2017,9,15,4,4,0,3,37,258,4.47
2017-09-15 05:00:00,4,20170915054,2017,9,15,5,4,0,3,37,258,5.37
2017-09-15 06:00:00,4,20170915064,2017,9,15,6,4,0,3,37,258,4.39
2017-09-15 07:00:00,4,20170915074,2017,9,15,7,4,0,3,37,258,7.66
2017-09-15 08:00:00,4,20170915084,2017,9,15,8,4,0,3,37,258,8.42
2017-09-15 09:00:00,4,20170915094,2017,9,15,9,4,0,3,37,258,8.15
2017-09-15 10:00:00,4,20170915104,2017,9,15,10,4,0,3,37,258,13.46
2017-09-15 11:00:00,4,20170915114,2017,9,15,11,4,0,3,37,258,14.99
2017-09-15 12:00:00,4,20170915124,2017,9,15,12,4,0,3,37,258,16.45
2017-09-15 13:00:00,4,20170915134,2017,9,15,13,4,0,3,37,258,15.04
2017-09-15 14:00:00,4,20170915144,2017,9,15,14,4,0,3,37,258,13.97
2017-09-15 15:00:00,4,20170915154,2017,9,15,15,4,0,3,37,258,16.25
2017-09-15 16:00:00,4,20170915164,2017,9,15,16,4,0,3,37,258,16.87
2017-09-15 17:00:00,4,20170915174,2017,9,15,17,4,0,3,37,258,16.44
2017-09-15 18:00:00,4,20170915184,2017,9,15,18,4,0,3,37,258,14.4
2017-09-15 19:00:00,4,20170915194,2017,9,15,19,4,0,3,37,258,14.61
2017-09-15 20:00:00,4,20170915204,2017,9,15,20,4,0,3,37,258,14.49
2017-09-15 21:00:00,4,20170915214,2017,9,15,21,4,0,3,37,258,13.54
2017-09-15 22:00:00,4,20170915224,2017,9,15,22,4,0,3,37,258,13.64
2017-09-15 23:00:00,4,20170915234,2017,9,15,23,4,0,3,37,258,13.54
2017-09-16 00:00:00,4,20170916004,2017,9,16,0,5,1,3,37,259,13.99
2017-09-16 01:00:00,4,20170916014,2017,9,16,1,5,1,3,37,259,8.75
2017-09-16 02:00:00,4,20170916024,2017,9,16,2,5,1,3,37,259,7.5
2017-09-16 03:00:00,4,20170916034,2017,9,16,3,5,1,3,37,259,6.52
2017-09-16 04:00:00,4,20170916044,2017,9,16,4,5,1,3,37,259,4.97
2017-09-16 05:00:00,4,20170916054,2017,9,16,5,5,1,3,37,259,6.16
2017-09-16 06:00:00,4,20170916064,2017,9,16,6,5,1,3,37,259,4.42
2017-09-16 07:00:00,4,20170916074,2017,9,16,7,5,1,3,37,259,7.91
2017-09-16 08:00:00,4,20170916084,2017,9,16,8,5,1,3,37,259,9.43
2017-09-16 09:00:00,4,20170916094,2017,9,16,9,5,1,3,37,259,9.24
2017-09-16 10:00:00,4,20170916104,2017,9,16,10,5,1,3,37,259,11.93
2017-09-16 11:00:00,4,20170916114,2017,9,16,11,5,1,3,37,259,15.31
2017-09-16 12:00:00,4,20170916124,2017,9,16,12,5,1,3,37,259,15.41
2017-09-16 13:00:00,4,20170916134,2017,9,16,13,5,1,3,37,259,13.98
2017-09-16 14:00:00,4,20170916144,2017,9,16,14,5,1,3,37,259,13.47
2017-09-16 15:00:00,4,20170916154,2017,9,16,15,5,1,3,37,259,14.82
2017-09-16 16:00:00,4,20170916164,2017,9,16,16,5,1,3,37,259,16.85
2017-09-16 17:00:00,4,20170916174,2017,9,16,17,5,1,3,37,259,16.02
2017-09-16 18:00:00,4,20170916184,2017,9,16,18,5,1,3,37,259,15.86
2017-09-16 19:00:00,4,20170916194,2017,9,16,19,5,1,3,37,259,19.62
2017-09-16 20:00:00,4,20170916204,2017,9,16,20,5,1,3,37,259,20.81
2017-09-16 21:00:00,4,20170916214,2017,9,16,21,5,1,3,37,259,19.44
2017-09-16 22:00:00,4,20170916224,2017,9,16,22,5,1,3,37,259,16.09
2017-09-16 23:00:00,4,20170916234,2017,9,16,23,5,1,3,37,259,16.27
2017-09-17 00:00:00,4,20170917004,2017,9,17,0,6,1,3,37,260,13.14
2017-09-17 01:00:00,4,20170917014,2017,9,17,1,6,1,3,37,260,8.0
2017-09-17 02:00:00,4,20170917024,2017,9,17,2,6,1,3,37,260,8.01
2017-09-17 03:00:00,4,20170917034,2017,9,17,3,6,1,3,37,260,6.62
2017-09-17 04:00:00,4,20170917044,2017,9,17,4,6,1,3,37,260,5.2
2017-09-17 05:00:00,4,20170917054,2017,9,17,5,6,1,3,37,260,6.16
2017-09-17 06:00:00,4,20170917064,2017,9,17,6,6,1,3,37,260,4.96
2017-09-17 07:00:00,4,20170917074,2017,9,17,7,6,1,3,37,260,7.03
2017-09-17 08:00:00,4,20170917084,2017,9,17,8,6,1,3,37,260,8.94
2017-09-17 09:00:00,4,20170917094,2017,9,17,9,6,1,3,37,260,8.92
2017-09-17 10:00:00,4,20170917104,2017,9,17,10,6,1,3,37,260,11.17
2017-09-17 11:00:00,4,20170917114,2017,9,17,11,6,1,3,37,260,14.48
2017-09-17 12:00:00,4,20170917124,2017,9,17,12,6,1,3,37,260,14.73
2017-09-17 13:00:00,4,20170917134,2017,9,17,13,6,1,3,37,260,14.02
2017-09-17 14:00:00,4,20170917144,2017,9,17,14,6,1,3,37,260,15.68
2017-09-17 15:00:00,4,20170917154,2017,9,17,15,6,1,3,37,260,15.22
2017-09-17 16:00:00,4,20170917164,2017,9,17,16,6,1,3,37,260,16.79
2017-09-17 17:00:00,4,20170917174,2017,9,17,17,6,1,3,37,260,15.8
2017-09-17 18:00:00,4,20170917184,2017,9,17,18,6,1,3,37,260,14.45
2017-09-17 19:00:00,4,20170917194,2017,9,17,19,6,1,3,37,260,16.7
2017-09-17 20:00:00,4,20170917204,2017,9,17,20,6,1,3,37,260,16.94
2017-09-17 21:00:00,4,20170917214,2017,9,17,21,6,1,3,37,260,15.79
2017-09-17 22:00:00,4,20170917224,2017,9,17,22,6,1,3,37,260,13.62
2017-09-17 23:00:00,4,20170917234,2017,9,17,23,6,1,3,37,260,15.19
2017-09-18 00:00:00,4,20170918004,2017,9,18,0,0,0,3,38,261,12.66
2017-09-18 01:00:00,4,20170918014,2017,9,18,1,0,0,3,38,261,10.47
2017-09-18 02:00:00,4,20170918024,2017,9,18,2,0,0,3,38,261,7.74
2017-09-18 03:00:00,4,20170918034,2017,9,18,3,0,0,3,38,261,7.31
2017-09-18 04:00:00,4,20170918044,2017,9,18,4,0,0,3,38,261,5.84
2017-09-18 05:00:00,4,20170918054,2017,9,18,5,0,0,3,38,261,6.15
2017-09-18 06:00:00,4,20170918064,2017,9,18,6,0,0,3,38,261,6.62
2017-09-18 07:00:00,4,20170918074,2017,9,18,7,0,0,3,38,261,8.04
2017-09-18 08:00:00,4,20170918084,2017,9,18,8,0,0,3,38,261,7.39
2017-09-18 09:00:00,4,20170918094,2017,9,18,9,0,0,3,38,261,9.71
2017-09-18 10:00:00,4,20170918104,2017,9,18,10,0,0,3,38,261,16.79
2017-09-18 11:00:00,4,20170918114,2017,9,18,11,0,0,3,38,261,16.58
2017-09-18 12:00:00,4,20170918124,2017,9,18,12,0,0,3,38,261,16.82
2017-09-18 13:00:00,4,20170918134,2017,9,18,13,0,0,3,38,261,18.52
2017-09-18 14:00:00,4,20170918144,2017,9,18,14,0,0,3,38,261,17.51
2017-09-18 15:00:00,4,20170918154,2017,9,18,15,0,0,3,38,261,18.93
2017-09-18 16:00:00,4,20170918164,2017,9,18,16,0,0,3,38,261,17.83
2017-09-18 17:00:00,4,20170918174,2017,9,18,17,0,0,3,38,261,17.54
2017-09-18 18:00:00,4,20170918184,2017,9,18,18,0,0,3,38,261,15.65
2017-09-18 19:00:00,4,20170918194,2017,9,18,19,0,0,3,38,261,15.34
2017-09-18 20:00:00,4,20170918204,2017,9,18,20,0,0,3,38,261,17.57
2017-09-18 21:00:00,4,20170918214,2017,9,18,21,0,0,3,38,261,17.14
2017-09-18 22:00:00,4,20170918224,2017,9,18,22,0,0,3,38,261,16.35
2017-09-18 23:00:00,4,20170918234,2017,9,18,23,0,0,3,38,261,15.4
2017-09-19 00:00:00,4,20170919004,2017,9,19,0,1,0,3,38,262,13.15
2017-09-19 01:00:00,4,20170919014,2017,9,19,1,1,0,3,38,262,10.21
2017-09-19 02:00:00,4,20170919024,2017,9,19,2,1,0,3,38,262,7.92
2017-09-19 03:00:00,4,20170919034,2017,9,19,3,1,0,3,38,262,7.39
2017-09-19 04:00:00,4,20170919044,2017,9,19,4,1,0,3,38,262,6.61
2017-09-19 05:00:00,4,20170919054,2017,9,19,5,1,0,3,38,262,6.25
2017-09-19 06:00:00,4,20170919064,2017,9,19,6,1,0,3,38,262,7.36
2017-09-19 07:00:00,4,20170919074,2017,9,19,7,1,0,3,38,262,7.16
2017-09-19 08:00:00,4,20170919084,2017,9,19,8,1,0,3,38,262,7.9
2017-09-19 09:00:00,4,20170919094,2017,9,19,9,1,0,3,38,262,9.71
2017-09-19 10:00:00,4,20170919104,2017,9,19,10,1,0,3,38,262,16.97
2017-09-19 11:00:00,4,20170919114,2017,9,19,11,1,0,3,38,262,16.7
2017-09-19 12:00:00,4,20170919124,2017,9,19,12,1,0,3,38,262,18.48
2017-09-19 13:00:00,4,20170919134,2017,9,19,13,1,0,3,38,262,17.38
2017-09-19 14:00:00,4,20170919144,2017,9,19,14,1,0,3,38,262,17.52
2017-09-19 15:00:00,4,20170919154,2017,9,19,15,1,0,3,38,262,18.39
2017-09-19 16:00:00,4,20170919164,2017,9,19,16,1,0,3,38,262,16.81
2017-09-19 17:00:00,4,20170919174,2017,9,19,17,1,0,3,38,262,15.96
2017-09-19 18:00:00,4,20170919184,2017,9,19,18,1,0,3,38,262,15.19
2017-09-19 19:00:00,4,20170919194,2017,9,19,19,1,0,3,38,262,15.14
2017-09-19 20:00:00,4,20170919204,2017,9,19,20,1,0,3,38,262,17.95
2017-09-19 21:00:00,4,20170919214,2017,9,19,21,1,0,3,38,262,17.31
2017-09-19 22:00:00,4,20170919224,2017,9,19,22,1,0,3,38,262,16.63
2017-09-19 23:00:00,4,20170919234,2017,9,19,23,1,0,3,38,262,14.93
2017-09-20 00:00:00,4,20170920004,2017,9,20,0,2,0,3,38,263,12.87
2017-09-20 01:00:00,4,20170920014,2017,9,20,1,2,0,3,38,263,9.51
2017-09-20 02:00:00,4,20170920024,2017,9,20,2,2,0,3,38,263,8.57
2017-09-20 03:00:00,4,20170920034,2017,9,20,3,2,0,3,38,263,7.45
2017-09-20 04:00:00,4,20170920044,2017,9,20,4,2,0,3,38,263,6.87
2017-09-20 05:00:00,4,20170920054,2017,9,20,5,2,0,3,38,263,6.3
2017-09-20 06:00:00,4,20170920064,2017,9,20,6,2,0,3,38,263,7.43
2017-09-20 07:00:00,4,20170920074,2017,9,20,7,2,0,3,38,263,6.95
2017-09-20 08:00:00,4,20170920084,2017,9,20,8,2,0,3,38,263,8.32
2017-09-20 09:00:00,4,20170920094,2017,9,20,9,2,0,3,38,263,10.62
2017-09-20 10:00:00,4,20170920104,2017,9,20,10,2,0,3,38,263,15.81
2017-09-20 11:00:00,4,20170920114,2017,9,20,11,2,0,3,38,263,16.65
2017-09-20 12:00:00,4,20170920124,2017,9,20,12,2,0,3,38,263,19.54
2017-09-20 13:00:00,4,20170920134,2017,9,20,13,2,0,3,38,263,18.0
2017-09-20 14:00:00,4,20170920144,2017,9,20,14,2,0,3,38,263,17.94
2017-09-20 15:00:00,4,20170920154,2017,9,20,15,2,0,3,38,263,19.34
2017-09-20 16:00:00,4,20170920164,2017,9,20,16,2,0,3,38,263,17.65
2017-09-20 17:00:00,4,20170920174,2017,9,20,17,2,0,3,38,263,16.17
2017-09-20 18:00:00,4,20170920184,2017,9,20,18,2,0,3,38,263,16.57
2017-09-20 19:00:00,4,20170920194,2017,9,20,19,2,0,3,38,263,16.59
2017-09-20 20:00:00,4,20170920204,2017,9,20,20,2,0,3,38,263,18.58
2017-09-20 21:00:00,4,20170920214,2017,9,20,21,2,0,3,38,263,17.87
2017-09-20 22:00:00,4,20170920224,2017,9,20,22,2,0,3,38,263,17.81
2017-09-20 23:00:00,4,20170920234,2017,9,20,23,2,0,3,38,263,15.62
2017-09-21 00:00:00,4,20170921004,2017,9,21,0,3,0,3,38,264,13.89
2017-09-21 01:00:00,4,20170921014,2017,9,21,1,3,0,3,38,264,9.38
2017-09-21 02:00:00,4,20170921024,2017,9,21,2,3,0,3,38,264,10.18
2017-09-21 03:00:00,4,20170921034,2017,9,21,3,3,0,3,38,264,7.37
2017-09-21 04:00:00,4,20170921044,2017,9,21,4,3,0,3,38,264,7.21
2017-09-21 05:00:00,4,20170921054,2017,9,21,5,3,0,3,38,264,6.49
2017-09-21 06:00:00,4,20170921064,2017,9,21,6,3,0,3,38,264,6.89
2017-09-21 07:00:00,4,20170921074,2017,9,21,7,3,0,3,38,264,7.38
2017-09-21 08:00:00,4,20170921084,2017,9,21,8,3,0,3,38,264,10.53
2017-09-21 09:00:00,4,20170921094,2017,9,21,9,3,0,3,38,264,12.48
2017-09-21 10:00:00,4,20170921104,2017,9,21,10,3,0,3,38,264,14.7
2017-09-21 11:00:00,4,20170921114,2017,9,21,11,3,0,3,38,264,16.65
2017-09-21 12:00:00,4,20170921124,2017,9,21,12,3,0,3,38,264,18.02
2017-09-21 13:00:00,4,20170921134,2017,9,21,13,3,0,3,38,264,17.42
2017-09-21 14:00:00,4,20170921144,2017,9,21,14,3,0,3,38,264,17.66
2017-09-21 15:00:00,4,20170921154,2017,9,21,15,3,0,3,38,264,19.49
2017-09-21 16:00:00,4,20170921164,2017,9,21,16,3,0,3,38,264,18.79
2017-09-21 17:00:00,4,20170921174,2017,9,21,17,3,0,3,38,264,17.69
2017-09-21 18:00:00,4,20170921184,2017,9,21,18,3,0,3,38,264,18.64
2017-09-21 19:00:00,4,20170921194,2017,9,21,19,3,0,3,38,264,17.3
2017-09-21 20:00:00,4,20170921204,2017,9,21,20,3,0,3,38,264,17.57
2017-09-21 21:00:00,4,20170921214,2017,9,21,21,3,0,3,38,264,16.83
2017-09-21 22:00:00,4,20170921224,2017,9,21,22,3,0,3,38,264,18.13
2017-09-21 23:00:00,4,20170921234,2017,9,21,23,3,0,3,38,264,16.89
2017-09-22 00:00:00,4,20170922004,2017,9,22,0,4,0,3,38,265,15.95
2017-09-22 01:00:00,4,20170922014,2017,9,22,1,4,0,3,38,265,10.38
2017-09-22 02:00:00,4,20170922024,2017,9,22,2,4,0,3,38,265,9.85
2017-09-22 03:00:00,4,20170922034,2017,9,22,3,4,0,3,38,265,6.94
2017-09-22 04:00:00,4,20170922044,2017,9,22,4,4,0,3,38,265,6.92
2017-09-22 05:00:00,4,20170922054,2017,9,22,5,4,0,3,38,265,6.78
2017-09-22 06:00:00,4,20170922064,2017,9,22,6,4,0,3,38,265,6.78
2017-09-22 07:00:00,4,20170922074,2017,9,22,7,4,0,3,38,265,7.97
2017-09-22 08:00:00,4,20170922084,2017,9,22,8,4,0,3,38,265,10.08
2017-09-22 09:00:00,4,20170922094,2017,9,22,9,4,0,3,38,265,11.18
2017-09-22 10:00:00,4,20170922104,2017,9,22,10,4,0,3,38,265,15.21
2017-09-22 11:00:00,4,20170922114,2017,9,22,11,4,0,3,38,265,17.56
2017-09-22 12:00:00,4,20170922124,2017,9,22,12,4,0,3,38,265,17.75
2017-09-22 13:00:00,4,20170922134,2017,9,22,13,4,0,3,38,265,18.0
2017-09-22 14:00:00,4,20170922144,2017,9,22,14,4,0,3,38,265,18.04
2017-09-22 15:00:00,4,20170922154,2017,9,22,15,4,0,3,38,265,19.64
2017-09-22 16:00:00,4,20170922164,2017,9,22,16,4,0,3,38,265,19.84
2017-09-22 17:00:00,4,20170922174,2017,9,22,17,4,0,3,38,265,19.16
2017-09-22 18:00:00,4,20170922184,2017,9,22,18,4,0,3,38,265,20.86
2017-09-22 19:00:00,4,20170922194,2017,9,22,19,4,0,3,38,265,21.64
2017-09-22 20:00:00,4,20170922204,2017,9,22,20,4,0,3,38,265,20.05
2017-09-22 21:00:00,4,20170922214,2017,9,22,21,4,0,3,38,265,18.28
2017-09-22 22:00:00,4,20170922224,2017,9,22,22,4,0,3,38,265,19.98
2017-09-22 23:00:00,4,20170922234,2017,9,22,23,4,0,3,38,265,19.96
2017-09-23 00:00:00,4,20170923004,2017,9,23,0,5,1,3,38,266,22.67
2017-09-23 01:00:00,4,20170923014,2017,9,23,1,5,1,3,38,266,12.92
2017-09-23 02:00:00,4,20170923024,2017,9,23,2,5,1,3,38,266,10.65
2017-09-23 03:00:00,4,20170923034,2017,9,23,3,5,1,3,38,266,8.15
2017-09-23 04:00:00,4,20170923044,2017,9,23,4,5,1,3,38,266,7.64
2017-09-23 05:00:00,4,20170923054,2017,9,23,5,5,1,3,38,266,7.49
2017-09-23 06:00:00,4,20170923064,2017,9,23,6,5,1,3,38,266,7.95
2017-09-23 07:00:00,4,20170923074,2017,9,23,7,5,1,3,38,266,9.38
2017-09-23 08:00:00,4,20170923084,2017,9,23,8,5,1,3,38,266,10.38
2017-09-23 09:00:00,4,20170923094,2017,9,23,9,5,1,3,38,266,12.4
2017-09-23 10:00:00,4,20170923104,2017,9,23,10,5,1,3,38,266,21.39
2017-09-23 11:00:00,4,20170923114,2017,9,23,11,5,1,3,38,266,20.8
2017-09-23 12:00:00,4,20170923124,2017,9,23,12,5,1,3,38,266,22.16
2017-09-23 13:00:00,4,20170923134,2017,9,23,13,5,1,3,38,266,23.5
2017-09-23 14:00:00,4,20170923144,2017,9,23,14,5,1,3,38,266,22.46
2017-09-23 15:00:00,4,20170923154,2017,9,23,15,5,1,3,38,266,23.36
2017-09-23 16:00:00,4,20170923164,2017,9,23,16,5,1,3,38,266,22.59
2017-09-23 17:00:00,4,20170923174,2017,9,23,17,5,1,3,38,266,24.37
2017-09-23 18:00:00,4,20170923184,2017,9,23,18,5,1,3,38,266,46.16
2017-09-23 19:00:00,4,20170923194,2017,9,23,19,5,1,3,38,266,44.14
2017-09-23 20:00:00,4,20170923204,2017,9,23,20,5,1,3,38,266,46.34
2017-09-23 21:00:00,4,20170923214,2017,9,23,21,5,1,3,38,266,46.51
2017-09-23 22:00:00,4,20170923224,2017,9,23,22,5,1,3,38,266,38.36
2017-09-23 23:00:00,4,20170923234,2017,9,23,23,5,1,3,38,266,35.97
2017-09-24 00:00:00,4,20170924004,2017,9,24,0,6,1,3,38,267,32.04
2017-09-24 01:00:00,4,20170924014,2017,9,24,1,6,1,3,38,267,21.26
2017-09-24 02:00:00,4,20170924024,2017,9,24,2,6,1,3,38,267,14.9
2017-09-24 03:00:00,4,20170924034,2017,9,24,3,6,1,3,38,267,12.17
2017-09-24 04:00:00,4,20170924044,2017,9,24,4,6,1,3,38,267,10.7
2017-09-24 05:00:00,4,20170924054,2017,9,24,5,6,1,3,38,267,10.11
2017-09-24 06:00:00,4,20170924064,2017,9,24,6,6,1,3,38,267,9.88
2017-09-24 07:00:00,4,20170924074,2017,9,24,7,6,1,3,38,267,12.16
2017-09-24 08:00:00,4,20170924084,2017,9,24,8,6,1,3,38,267,13.13
2017-09-24 09:00:00,4,20170924094,2017,9,24,9,6,1,3,38,267,18.03
2017-09-24 10:00:00,4,20170924104,2017,9,24,10,6,1,3,38,267,23.85
2017-09-24 11:00:00,4,20170924114,2017,9,24,11,6,1,3,38,267,23.35
2017-09-24 12:00:00,4,20170924124,2017,9,24,12,6,1,3,38,267,24.86
2017-09-24 13:00:00,4,20170924134,2017,9,24,13,6,1,3,38,267,25.59
2017-09-24 14:00:00,4,20170924144,2017,9,24,14,6,1,3,38,267,24.62
2017-09-24 15:00:00,4,20170924154,2017,9,24,15,6,1,3,38,267,25.73
2017-09-24 16:00:00,4,20170924164,2017,9,24,16,6,1,3,38,267,23.99
2017-09-24 17:00:00,4,20170924174,2017,9,24,17,6,1,3,38,267,26.23
2017-09-24 18:00:00,4,20170924184,2017,9,24,18,6,1,3,38,267,50.91
2017-09-24 19:00:00,4,20170924194,2017,9,24,19,6,1,3,38,267,47.93
2017-09-24 20:00:00,4,20170924204,2017,9,24,20,6,1,3,38,267,53.28
2017-09-24 21:00:00,4,20170924214,2017,9,24,21,6,1,3,38,267,54.14
2017-09-24 22:00:00,4,20170924224,2017,9,24,22,6,1,3,38,267,42.59
2017-09-24 23:00:00,4,20170924234,2017,9,24,23,6,1,3,38,267,37.69
2017-09-25 00:00:00,4,20170925004,2017,9,25,0,0,0,3,39,268,30.37
2017-09-25 01:00:00,4,20170925014,2017,9,25,1,0,0,3,39,268,21.11
2017-09-25 02:00:00,4,20170925024,2017,9,25,2,0,0,3,39,268,16.6
2017-09-25 03:00:00,4,20170925034,2017,9,25,3,0,0,3,39,268,10.62
2017-09-25 04:00:00,4,20170925044,2017,9,25,4,0,0,3,39,268,9.77
2017-09-25 05:00:00,4,20170925054,2017,9,25,5,0,0,3,39,268,10.3
2017-09-25 06:00:00,4,20170925064,2017,9,25,6,0,0,3,39,268,9.25
2017-09-25 07:00:00,4,20170925074,2017,9,25,7,0,0,3,39,268,14.35
2017-09-25 08:00:00,4,20170925084,2017,9,25,8,0,0,3,39,268,15.22
2017-09-25 09:00:00,4,20170925094,2017,9,25,9,0,0,3,39,268,20.2
2017-09-25 10:00:00,4,20170925104,2017,9,25,10,0,0,3,39,268,27.21
2017-09-25 11:00:00,4,20170925114,2017,9,25,11,0,0,3,39,268,29.17
2017-09-25 12:00:00,4,20170925124,2017,9,25,12,0,0,3,39,268,30.54
2017-09-25 13:00:00,4,20170925134,2017,9,25,13,0,0,3,39,268,30.0
2017-09-25 14:00:00,4,20170925144,2017,9,25,14,0,0,3,39,268,29.41
2017-09-25 15:00:00,4,20170925154,2017,9,25,15,0,0,3,39,268,28.65
2017-09-25 16:00:00,4,20170925164,2017,9,25,16,0,0,3,39,268,25.86
2017-09-25 17:00:00,4,20170925174,2017,9,25,17,0,0,3,39,268,26.97
2017-09-25 18:00:00,4,20170925184,2017,9,25,18,0,0,3,39,268,29.29
2017-09-25 19:00:00,4,20170925194,2017,9,25,19,0,0,3,39,268,28.12
2017-09-25 20:00:00,4,20170925204,2017,9,25,20,0,0,3,39,268,28.88
2017-09-25 21:00:00,4,20170925214,2017,9,25,21,0,0,3,39,268,27.5
2017-09-25 22:00:00,4,20170925224,2017,9,25,22,0,0,3,39,268,27.16
2017-09-25 23:00:00,4,20170925234,2017,9,25,23,0,0,3,39,268,25.42
2017-09-26 00:00:00,4,20170926004,2017,9,26,0,1,0,3,39,269,26.51
2017-09-26 01:00:00,4,20170926014,2017,9,26,1,1,0,3,39,269,19.8
2017-09-26 02:00:00,4,20170926024,2017,9,26,2,1,0,3,39,269,16.64
2017-09-26 03:00:00,4,20170926034,2017,9,26,3,1,0,3,39,269,10.3
2017-09-26 04:00:00,4,20170926044,2017,9,26,4,1,0,3,39,269,10.07
2017-09-26 05:00:00,4,20170926054,2017,9,26,5,1,0,3,39,269,10.03
2017-09-26 06:00:00,4,20170926064,2017,9,26,6,1,0,3,39,269,8.64
2017-09-26 07:00:00,4,20170926074,2017,9,26,7,1,0,3,39,269,13.31
2017-09-26 08:00:00,4,20170926084,2017,9,26,8,1,0,3,39,269,13.89
2017-09-26 09:00:00,4,20170926094,2017,9,26,9,1,0,3,39,269,20.09
2017-09-26 10:00:00,4,20170926104,2017,9,26,10,1,0,3,39,269,25.43
2017-09-26 11:00:00,4,20170926114,2017,9,26,11,1,0,3,39,269,27.95
2017-09-26 12:00:00,4,20170926124,2017,9,26,12,1,0,3,39,269,29.5
2017-09-26 13:00:00,4,20170926134,2017,9,26,13,1,0,3,39,269,28.23
2017-09-26 14:00:00,4,20170926144,2017,9,26,14,1,0,3,39,269,27.22
2017-09-26 15:00:00,4,20170926154,2017,9,26,15,1,0,3,39,269,27.13
2017-09-26 16:00:00,4,20170926164,2017,9,26,16,1,0,3,39,269,25.95
2017-09-26 17:00:00,4,20170926174,2017,9,26,17,1,0,3,39,269,27.61
2017-09-26 18:00:00,4,20170926184,2017,9,26,18,1,0,3,39,269,28.46
2017-09-26 19:00:00,4,20170926194,2017,9,26,19,1,0,3,39,269,27.35
2017-09-26 20:00:00,4,20170926204,2017,9,26,20,1,0,3,39,269,29.01
2017-09-26 21:00:00,4,20170926214,2017,9,26,21,1,0,3,39,269,27.77
2017-09-26 22:00:00,4,20170926224,2017,9,26,22,1,0,3,39,269,28.15
2017-09-26 23:00:00,4,20170926234,2017,9,26,23,1,0,3,39,269,25.36
2017-09-27 00:00:00,4,20170927004,2017,9,27,0,2,0,3,39,270,24.86
2017-09-27 01:00:00,4,20170927014,2017,9,27,1,2,0,3,39,270,19.1
2017-09-27 02:00:00,4,20170927024,2017,9,27,2,2,0,3,39,270,15.55
2017-09-27 03:00:00,4,20170927034,2017,9,27,3,2,0,3,39,270,10.63
2017-09-27 04:00:00,4,20170927044,2017,9,27,4,2,0,3,39,270,9.34
2017-09-27 05:00:00,4,20170927054,2017,9,27,5,2,0,3,39,270,8.75
2017-09-27 06:00:00,4,20170927064,2017,9,27,6,2,0,3,39,270,8.73
2017-09-27 07:00:00,4,20170927074,2017,9,27,7,2,0,3,39,270,12.67
2017-09-27 08:00:00,4,20170927084,2017,9,27,8,2,0,3,39,270,13.19
2017-09-27 09:00:00,4,20170927094,2017,9,27,9,2,0,3,39,270,18.74
2017-09-27 10:00:00,4,20170927104,2017,9,27,10,2,0,3,39,270,23.35
2017-09-27 11:00:00,4,20170927114,2017,9,27,11,2,0,3,39,270,25.03
2017-09-27 12:00:00,4,20170927124,2017,9,27,12,2,0,3,39,270,26.07
2017-09-27 13:00:00,4,20170927134,2017,9,27,13,2,0,3,39,270,25.32
2017-09-27 14:00:00,4,20170927144,2017,9,27,14,2,0,3,39,270,24.39
2017-09-27 15:00:00,4,20170927154,2017,9,27,15,2,0,3,39,270,24.68
2017-09-27 16:00:00,4,20170927164,2017,9,27,16,2,0,3,39,270,25.01
2017-09-27 17:00:00,4,20170927174,2017,9,27,17,2,0,3,39,270,27.32
2017-09-27 18:00:00,4,20170927184,2017,9,27,18,2,0,3,39,270,27.83
2017-09-27 19:00:00,4,20170927194,2017,9,27,19,2,0,3,39,270,26.64
2017-09-27 20:00:00,4,20170927204,2017,9,27,20,2,0,3,39,270,28.31
2017-09-27 21:00:00,4,20170927214,2017,9,27,21,2,0,3,39,270,26.87
2017-09-27 22:00:00,4,20170927224,2017,9,27,22,2,0,3,39,270,27.98
2017-09-27 23:00:00,4,20170927234,2017,9,27,23,2,0,3,39,270,24.51
2017-09-28 00:00:00,4,20170928004,2017,9,28,0,3,0,3,39,271,23.29
2017-09-28 01:00:00,4,20170928014,2017,9,28,1,3,0,3,39,271,18.16
2017-09-28 02:00:00,4,20170928024,2017,9,28,2,3,0,3,39,271,13.42
2017-09-28 03:00:00,4,20170928034,2017,9,28,3,3,0,3,39,271,10.76
2017-09-28 04:00:00,4,20170928044,2017,9,28,4,3,0,3,39,271,8.06
2017-09-28 05:00:00,4,20170928054,2017,9,28,5,3,0,3,39,271,7.59
2017-09-28 06:00:00,4,20170928064,2017,9,28,6,3,0,3,39,271,7.57
2017-09-28 07:00:00,4,20170928074,2017,9,28,7,3,0,3,39,271,9.89
2017-09-28 08:00:00,4,20170928084,2017,9,28,8,3,0,3,39,271,12.11
2017-09-28 09:00:00,4,20170928094,2017,9,28,9,3,0,3,39,271,16.33
2017-09-28 10:00:00,4,20170928104,2017,9,28,10,3,0,3,39,271,21.53
2017-09-28 11:00:00,4,20170928114,2017,9,28,11,3,0,3,39,271,22.1
2017-09-28 12:00:00,4,20170928124,2017,9,28,12,3,0,3,39,271,21.9
2017-09-28 13:00:00,4,20170928134,2017,9,28,13,3,0,3,39,271,21.62
2017-09-28 14:00:00,4,20170928144,2017,9,28,14,3,0,3,39,271,21.91
2017-09-28 15:00:00,4,20170928154,2017,9,28,15,3,0,3,39,271,21.62
2017-09-28 16:00:00,4,20170928164,2017,9,28,16,3,0,3,39,271,22.78
2017-09-28 17:00:00,4,20170928174,2017,9,28,17,3,0,3,39,271,25.04
2017-09-28 18:00:00,4,20170928184,2017,9,28,18,3,0,3,39,271,25.75
2017-09-28 19:00:00,4,20170928194,2017,9,28,19,3,0,3,39,271,25.24
2017-09-28 20:00:00,4,20170928204,2017,9,28,20,3,0,3,39,271,26.08
2017-09-28 21:00:00,4,20170928214,2017,9,28,21,3,0,3,39,271,24.62
2017-09-28 22:00:00,4,20170928224,2017,9,28,22,3,0,3,39,271,25.09
2017-09-28 23:00:00,4,20170928234,2017,9,28,23,3,0,3,39,271,23.08
2017-09-29 00:00:00,4,20170929004,2017,9,29,0,4,0,3,39,272,22.94
2017-09-29 01:00:00,4,20170929014,2017,9,29,1,4,0,3,39,272,17.64
2017-09-29 02:00:00,4,20170929024,2017,9,29,2,4,0,3,39,272,12.87
2017-09-29 03:00:00,4,20170929034,2017,9,29,3,4,0,3,39,272,10.95
2017-09-29 04:00:00,4,20170929044,2017,9,29,4,4,0,3,39,272,7.71
2017-09-29 05:00:00,4,20170929054,2017,9,29,5,4,0,3,39,272,7.81
2017-09-29 06:00:00,4,20170929064,2017,9,29,6,4,0,3,39,272,7.5
2017-09-29 07:00:00,4,20170929074,2017,9,29,7,4,0,3,39,272,8.76
2017-09-29 08:00:00,4,20170929084,2017,9,29,8,4,0,3,39,272,12.0
2017-09-29 09:00:00,4,20170929094,2017,9,29,9,4,0,3,39,272,15.53
2017-09-29 10:00:00,4,20170929104,2017,9,29,10,4,0,3,39,272,21.16
2017-09-29 11:00:00,4,20170929114,2017,9,29,11,4,0,3,39,272,21.99
2017-09-29 12:00:00,4,20170929124,2017,9,29,12,4,0,3,39,272,21.22
2017-09-29 13:00:00,4,20170929134,2017,9,29,13,4,0,3,39,272,20.94
2017-09-29 14:00:00,4,20170929144,2017,9,29,14,4,0,3,39,272,23.24
2017-09-29 15:00:00,4,20170929154,2017,9,29,15,4,0,3,39,272,22.2
2017-09-29 16:00:00,4,20170929164,2017,9,29,16,4,0,3,39,272,21.58
2017-09-29 17:00:00,4,20170929174,2017,9,29,17,4,0,3,39,272,22.09
2017-09-29 18:00:00,4,20170929184,2017,9,29,18,4,0,3,39,272,22.55
2017-09-29 19:00:00,4,20170929194,2017,9,29,19,4,0,3,39,272,23.66
2017-09-29 20:00:00,4,20170929204,2017,9,29,20,4,0,3,39,272,23.23
2017-09-29 21:00:00,4,20170929214,2017,9,29,21,4,0,3,39,272,23.02
2017-09-29 22:00:00,4,20170929224,2017,9,29,22,4,0,3,39,272,22.32
2017-09-29 23:00:00,4,20170929234,2017,9,29,23,4,0,3,39,272,21.71
2017-09-30 00:00:00,4,20170930004,2017,9,30,0,5,1,3,39,273,25.74
2017-09-30 01:00:00,4,20170930014,2017,9,30,1,5,1,3,39,273,18.45
2017-09-30 02:00:00,4,20170930024,2017,9,30,2,5,1,3,39,273,13.37
2017-09-30 03:00:00,4,20170930034,2017,9,30,3,5,1,3,39,273,11.74
2017-09-30 04:00:00,4,20170930044,2017,9,30,4,5,1,3,39,273,9.25
2017-09-30 05:00:00,4,20170930054,2017,9,30,5,5,1,3,39,273,9.31
2017-09-30 06:00:00,4,20170930064,2017,9,30,6,5,1,3,39,273,8.88
2017-09-30 07:00:00,4,20170930074,2017,9,30,7,5,1,3,39,273,9.33
2017-09-30 08:00:00,4,20170930084,2017,9,30,8,5,1,3,39,273,12.38
2017-09-30 09:00:00,4,20170930094,2017,9,30,9,5,1,3,39,273,17.34
2017-09-30 10:00:00,4,20170930104,2017,9,30,10,5,1,3,39,273,20.41
2017-09-30 11:00:00,4,20170930114,2017,9,30,11,5,1,3,39,273,22.64
2017-09-30 12:00:00,4,20170930124,2017,9,30,12,5,1,3,39,273,23.27
2017-09-30 13:00:00,4,20170930134,2017,9,30,13,5,1,3,39,273,22.39
2017-09-30 14:00:00,4,20170930144,2017,9,30,14,5,1,3,39,273,22.4
2017-09-30 15:00:00,4,20170930154,2017,9,30,15,5,1,3,39,273,23.41
2017-09-30 16:00:00,4,20170930164,2017,9,30,16,5,1,3,39,273,20.8
2017-09-30 17:00:00,4,20170930174,2017,9,30,17,5,1,3,39,273,21.13
2017-09-30 18:00:00,4,20170930184,2017,9,30,18,5,1,3,39,273,28.41
2017-09-30 19:00:00,4,20170930194,2017,9,30,19,5,1,3,39,273,33.82
2017-09-30 20:00:00,4,20170930204,2017,9,30,20,5,1,3,39,273,45.57
2017-09-30 21:00:00,4,20170930214,2017,9,30,21,5,1,3,39,273,46.33
2017-09-30 22:00:00,4,20170930224,2017,9,30,22,5,1,3,39,273,35.05
2017-09-30 23:00:00,4,20170930234,2017,9,30,23,5,1,3,39,273,28.82
2017-10-01 00:00:00,4,20171001004,2017,10,1,0,6,1,4,39,274,21.17
2017-10-01 01:00:00,4,20171001014,2017,10,1,1,6,1,4,39,274,14.34
2017-10-01 02:00:00,4,20171001024,2017,10,1,2,6,1,4,39,274,11.68
2017-10-01 03:00:00,4,20171001034,2017,10,1,3,6,1,4,39,274,11.33
2017-10-01 04:00:00,4,20171001044,2017,10,1,4,6,1,4,39,274,8.92
2017-10-01 05:00:00,4,20171001054,2017,10,1,5,6,1,4,39,274,8.35
2017-10-01 06:00:00,4,20171001064,2017,10,1,6,6,1,4,39,274,8.25
2017-10-01 07:00:00,4,20171001074,2017,10,1,7,6,1,4,39,274,8.24
2017-10-01 08:00:00,4,20171001084,2017,10,1,8,6,1,4,39,274,9.51
2017-10-01 09:00:00,4,20171001094,2017,10,1,9,6,1,4,39,274,13.61
2017-10-01 10:00:00,4,20171001104,2017,10,1,10,6,1,4,39,274,16.91
2017-10-01 11:00:00,4,20171001114,2017,10,1,11,6,1,4,39,274,18.48
2017-10-01 12:00:00,4,20171001124,2017,10,1,12,6,1,4,39,274,16.44
2017-10-01 13:00:00,4,20171001134,2017,10,1,13,6,1,4,39,274,17.75
2017-10-01 14:00:00,4,20171001144,2017,10,1,14,6,1,4,39,274,18.61
2017-10-01 15:00:00,4,20171001154,2017,10,1,15,6,1,4,39,274,18.02
2017-10-01 16:00:00,4,20171001164,2017,10,1,16,6,1,4,39,274,17.97
2017-10-01 17:00:00,4,20171001174,2017,10,1,17,6,1,4,39,274,19.25
2017-10-01 18:00:00,4,20171001184,2017,10,1,18,6,1,4,39,274,22.33
2017-10-01 19:00:00,4,20171001194,2017,10,1,19,6,1,4,39,274,21.01
2017-10-01 20:00:00,4,20171001204,2017,10,1,20,6,1,4,39,274,20.18
2017-10-01 21:00:00,4,20171001214,2017,10,1,21,6,1,4,39,274,23.62
2017-10-01 22:00:00,4,20171001224,2017,10,1,22,6,1,4,39,274,30.59
2017-10-01 23:00:00,4,20171001234,2017,10,1,23,6,1,4,39,274,30.99
2017-10-02 00:00:00,4,20171002004,2017,10,2,0,0,0,4,40,275,27.08
2017-10-02 01:00:00,4,20171002014,2017,10,2,1,0,0,4,40,275,18.22
2017-10-02 02:00:00,4,20171002024,2017,10,2,2,0,0,4,40,275,13.84
2017-10-02 03:00:00,4,20171002034,2017,10,2,3,0,0,4,40,275,10.44
2017-10-02 04:00:00,4,20171002044,2017,10,2,4,0,0,4,40,275,7.91
2017-10-02 05:00:00,4,20171002054,2017,10,2,5,0,0,4,40,275,6.38
2017-10-02 06:00:00,4,20171002064,2017,10,2,6,0,0,4,40,275,8.62
2017-10-02 07:00:00,4,20171002074,2017,10,2,7,0,0,4,40,275,8.67
2017-10-02 08:00:00,4,20171002084,2017,10,2,8,0,0,4,40,275,11.72
2017-10-02 09:00:00,4,20171002094,2017,10,2,9,0,0,4,40,275,16.65
2017-10-02 10:00:00,4,20171002104,2017,10,2,10,0,0,4,40,275,20.23
2017-10-02 11:00:00,4,20171002114,2017,10,2,11,0,0,4,40,275,22.19
2017-10-02 12:00:00,4,20171002124,2017,10,2,12,0,0,4,40,275,19.69
2017-10-02 13:00:00,4,20171002134,2017,10,2,13,0,0,4,40,275,19.14
2017-10-02 14:00:00,4,20171002144,2017,10,2,14,0,0,4,40,275,20.01
2017-10-02 15:00:00,4,20171002154,2017,10,2,15,0,0,4,40,275,18.63
2017-10-02 16:00:00,4,20171002164,2017,10,2,16,0,0,4,40,275,18.13
2017-10-02 17:00:00,4,20171002174,2017,10,2,17,0,0,4,40,275,19.41
2017-10-02 18:00:00,4,20171002184,2017,10,2,18,0,0,4,40,275,19.31
2017-10-02 19:00:00,4,20171002194,2017,10,2,19,0,0,4,40,275,17.94
2017-10-02 20:00:00,4,20171002204,2017,10,2,20,0,0,4,40,275,19.52
2017-10-02 21:00:00,4,20171002214,2017,10,2,21,0,0,4,40,275,21.34
2017-10-02 22:00:00,4,20171002224,2017,10,2,22,0,0,4,40,275,25.63
2017-10-02 23:00:00,4,20171002234,2017,10,2,23,0,0,4,40,275,24.04
2017-10-03 00:00:00,4,20171003004,2017,10,3,0,1,0,4,40,276,24.33
2017-10-03 01:00:00,4,20171003014,2017,10,3,1,1,0,4,40,276,16.99
2017-10-03 02:00:00,4,20171003024,2017,10,3,2,1,0,4,40,276,12.93
2017-10-03 03:00:00,4,20171003034,2017,10,3,3,1,0,4,40,276,10.55
2017-10-03 04:00:00,4,20171003044,2017,10,3,4,1,0,4,40,276,8.0
2017-10-03 05:00:00,4,20171003054,2017,10,3,5,1,0,4,40,276,6.22
2017-10-03 06:00:00,4,20171003064,2017,10,3,6,1,0,4,40,276,8.88
2017-10-03 07:00:00,4,20171003074,2017,10,3,7,1,0,4,40,276,8.32
2017-10-03 08:00:00,4,20171003084,2017,10,3,8,1,0,4,40,276,11.94
2017-10-03 09:00:00,4,20171003094,2017,10,3,9,1,0,4,40,276,15.68
2017-10-03 10:00:00,4,20171003104,2017,10,3,10,1,0,4,40,276,20.85
2017-10-03 11:00:00,4,20171003114,2017,10,3,11,1,0,4,40,276,23.41
2017-10-03 12:00:00,4,20171003124,2017,10,3,12,1,0,4,40,276,20.59
2017-10-03 13:00:00,4,20171003134,2017,10,3,13,1,0,4,40,276,19.2
2017-10-03 14:00:00,4,20171003144,2017,10,3,14,1,0,4,40,276,20.36
2017-10-03 15:00:00,4,20171003154,2017,10,3,15,1,0,4,40,276,18.03
2017-10-03 16:00:00,4,20171003164,2017,10,3,16,1,0,4,40,276,17.55
2017-10-03 17:00:00,4,20171003174,2017,10,3,17,1,0,4,40,276,19.0
2017-10-03 18:00:00,4,20171003184,2017,10,3,18,1,0,4,40,276,17.76
2017-10-03 19:00:00,4,20171003194,2017,10,3,19,1,0,4,40,276,16.89
2017-10-03 20:00:00,4,20171003204,2017,10,3,20,1,0,4,40,276,19.55
2017-10-03 21:00:00,4,20171003214,2017,10,3,21,1,0,4,40,276,19.97
2017-10-03 22:00:00,4,20171003224,2017,10,3,22,1,0,4,40,276,21.19
2017-10-03 23:00:00,4,20171003234,2017,10,3,23,1,0,4,40,276,20.65
2017-10-04 00:00:00,4,20171004004,2017,10,4,0,2,0,4,40,277,16.31
2017-10-04 01:00:00,4,20171004014,2017,10,4,1,2,0,4,40,277,14.71
2017-10-04 02:00:00,4,20171004024,2017,10,4,2,2,0,4,40,277,12.16
2017-10-04 03:00:00,4,20171004034,2017,10,4,3,2,0,4,40,277,9.98
2017-10-04 04:00:00,4,20171004044,2017,10,4,4,2,0,4,40,277,6.71
2017-10-04 05:00:00,4,20171004054,2017,10,4,5,2,0,4,40,277,5.87
2017-10-04 06:00:00,4,20171004064,2017,10,4,6,2,0,4,40,277,7.63
2017-10-04 07:00:00,4,20171004074,2017,10,4,7,2,0,4,40,277,8.33
2017-10-04 08:00:00,4,20171004084,2017,10,4,8,2,0,4,40,277,11.31
2017-10-04 09:00:00,4,20171004094,2017,10,4,9,2,0,4,40,277,13.07
2017-10-04 10:00:00,4,20171004104,2017,10,4,10,2,0,4,40,277,18.15
2017-10-04 11:00:00,4,20171004114,2017,10,4,11,2,0,4,40,277,19.86
2017-10-04 12:00:00,4,20171004124,2017,10,4,12,2,0,4,40,277,19.46
2017-10-04 13:00:00,4,20171004134,2017,10,4,13,2,0,4,40,277,17.07
2017-10-04 14:00:00,4,20171004144,2017,10,4,14,2,0,4,40,277,20.16
2017-10-04 15:00:00,4,20171004154,2017,10,4,15,2,0,4,40,277,18.18
2017-10-04 16:00:00,4,20171004164,2017,10,4,16,2,0,4,40,277,17.28
2017-10-04 17:00:00,4,20171004174,2017,10,4,17,2,0,4,40,277,17.48
2017-10-04 18:00:00,4,20171004184,2017,10,4,18,2,0,4,40,277,16.01
2017-10-04 19:00:00,4,20171004194,2017,10,4,19,2,0,4,40,277,15.13
2017-10-04 20:00:00,4,20171004204,2017,10,4,20,2,0,4,40,277,16.5
2017-10-04 21:00:00,4,20171004214,2017,10,4,21,2,0,4,40,277,15.78
2017-10-04 22:00:00,4,20171004224,2017,10,4,22,2,0,4,40,277,17.21
2017-10-04 23:00:00,4,20171004234,2017,10,4,23,2,0,4,40,277,16.84
2017-10-05 00:00:00,4,20171005004,2017,10,5,0,3,0,4,40,278,13.74
2017-10-05 01:00:00,4,20171005014,2017,10,5,1,3,0,4,40,278,10.85
2017-10-05 02:00:00,4,20171005024,2017,10,5,2,3,0,4,40,278,7.23
2017-10-05 03:00:00,4,20171005034,2017,10,5,3,3,0,4,40,278,6.13
2017-10-05 04:00:00,4,20171005044,2017,10,5,4,3,0,4,40,278,4.54
2017-10-05 05:00:00,4,20171005054,2017,10,5,5,3,0,4,40,278,4.96
2017-10-05 06:00:00,4,20171005064,2017,10,5,6,3,0,4,40,278,5.63
2017-10-05 07:00:00,4,20171005074,2017,10,5,7,3,0,4,40,278,8.07
2017-10-05 08:00:00,4,20171005084,2017,10,5,8,3,0,4,40,278,9.39
2017-10-05 09:00:00,4,20171005094,2017,10,5,9,3,0,4,40,278,10.63
2017-10-05 10:00:00,4,20171005104,2017,10,5,10,3,0,4,40,278,15.24
2017-10-05 11:00:00,4,20171005114,2017,10,5,11,3,0,4,40,278,16.3
2017-10-05 12:00:00,4,20171005124,2017,10,5,12,3,0,4,40,278,18.17
2017-10-05 13:00:00,4,20171005134,2017,10,5,13,3,0,4,40,278,14.66
2017-10-05 14:00:00,4,20171005144,2017,10,5,14,3,0,4,40,278,17.59
2017-10-05 15:00:00,4,20171005154,2017,10,5,15,3,0,4,40,278,15.74
2017-10-05 16:00:00,4,20171005164,2017,10,5,16,3,0,4,40,278,15.37
2017-10-05 17:00:00,4,20171005174,2017,10,5,17,3,0,4,40,278,16.35
2017-10-05 18:00:00,4,20171005184,2017,10,5,18,3,0,4,40,278,14.84
2017-10-05 19:00:00,4,20171005194,2017,10,5,19,3,0,4,40,278,14.25
2017-10-05 20:00:00,4,20171005204,2017,10,5,20,3,0,4,40,278,13.46
2017-10-05 21:00:00,4,20171005214,2017,10,5,21,3,0,4,40,278,13.22
2017-10-05 22:00:00,4,20171005224,2017,10,5,22,3,0,4,40,278,15.46
2017-10-05 23:00:00,4,20171005234,2017,10,5,23,3,0,4,40,278,14.76
2017-10-06 00:00:00,4,20171006004,2017,10,6,0,4,0,4,40,279,12.82
2017-10-06 01:00:00,4,20171006014,2017,10,6,1,4,0,4,40,279,10.17
2017-10-06 02:00:00,4,20171006024,2017,10,6,2,4,0,4,40,279,5.74
2017-10-06 03:00:00,4,20171006034,2017,10,6,3,4,0,4,40,279,5.4
2017-10-06 04:00:00,4,20171006044,2017,10,6,4,4,0,4,40,279,4.89
2017-10-06 05:00:00,4,20171006054,2017,10,6,5,4,0,4,40,279,5.02
2017-10-06 06:00:00,4,20171006064,2017,10,6,6,4,0,4,40,279,4.78
2017-10-06 07:00:00,4,20171006074,2017,10,6,7,4,0,4,40,279,7.76
2017-10-06 08:00:00,4,20171006084,2017,10,6,8,4,0,4,40,279,7.81
2017-10-06 09:00:00,4,20171006094,2017,10,6,9,4,0,4,40,279,10.68
2017-10-06 10:00:00,4,20171006104,2017,10,6,10,4,0,4,40,279,11.18
2017-10-06 11:00:00,4,20171006114,2017,10,6,11,4,0,4,40,279,13.53
2017-10-06 12:00:00,4,20171006124,2017,10,6,12,4,0,4,40,279,17.02
2017-10-06 13:00:00,4,20171006134,2017,10,6,13,4,0,4,40,279,14.38
2017-10-06 14:00:00,4,20171006144,2017,10,6,14,4,0,4,40,279,14.88
2017-10-06 15:00:00,4,20171006154,2017,10,6,15,4,0,4,40,279,14.26
2017-10-06 16:00:00,4,20171006164,2017,10,6,16,4,0,4,40,279,14.22
2017-10-06 17:00:00,4,20171006174,2017,10,6,17,4,0,4,40,279,15.35
2017-10-06 18:00:00,4,20171006184,2017,10,6,18,4,0,4,40,279,13.39
2017-10-06 19:00:00,4,20171006194,2017,10,6,19,4,0,4,40,279,14.06
2017-10-06 20:00:00,4,20171006204,2017,10,6,20,4,0,4,40,279,11.47
2017-10-06 21:00:00,4,20171006214,2017,10,6,21,4,0,4,40,279,11.32
2017-10-06 22:00:00,4,20171006224,2017,10,6,22,4,0,4,40,279,13.85
2017-10-06 23:00:00,4,20171006234,2017,10,6,23,4,0,4,40,279,13.29
2017-10-07 00:00:00,4,20171007004,2017,10,7,0,5,1,4,40,280,13.23
2017-10-07 01:00:00,4,20171007014,2017,10,7,1,5,1,4,40,280,10.18
2017-10-07 02:00:00,4,20171007024,2017,10,7,2,5,1,4,40,280,6.57
2017-10-07 03:00:00,4,20171007034,2017,10,7,3,5,1,4,40,280,5.59
2017-10-07 04:00:00,4,20171007044,2017,10,7,4,5,1,4,40,280,5.57
2017-10-07 05:00:00,4,20171007054,2017,10,7,5,5,1,4,40,280,4.87
2017-10-07 06:00:00,4,20171007064,2017,10,7,6,5,1,4,40,280,4.18
2017-10-07 07:00:00,4,20171007074,2017,10,7,7,5,1,4,40,280,5.86
2017-10-07 08:00:00,4,20171007084,2017,10,7,8,5,1,4,40,280,7.76
2017-10-07 09:00:00,4,20171007094,2017,10,7,9,5,1,4,40,280,9.6
2017-10-07 10:00:00,4,20171007104,2017,10,7,10,5,1,4,40,280,9.92
2017-10-07 11:00:00,4,20171007114,2017,10,7,11,5,1,4,40,280,11.25
2017-10-07 12:00:00,4,20171007124,2017,10,7,12,5,1,4,40,280,15.59
2017-10-07 13:00:00,4,20171007134,2017,10,7,13,5,1,4,40,280,13.9
2017-10-07 14:00:00,4,20171007144,2017,10,7,14,5,1,4,40,280,16.85
2017-10-07 15:00:00,4,20171007154,2017,10,7,15,5,1,4,40,280,15.69
2017-10-07 16:00:00,4,20171007164,2017,10,7,16,5,1,4,40,280,15.03
2017-10-07 17:00:00,4,20171007174,2017,10,7,17,5,1,4,40,280,14.35
2017-10-07 18:00:00,4,20171007184,2017,10,7,18,5,1,4,40,280,13.62
2017-10-07 19:00:00,4,20171007194,2017,10,7,19,5,1,4,40,280,13.63
2017-10-07 20:00:00,4,20171007204,2017,10,7,20,5,1,4,40,280,14.58
2017-10-07 21:00:00,4,20171007214,2017,10,7,21,5,1,4,40,280,13.35
2017-10-07 22:00:00,4,20171007224,2017,10,7,22,5,1,4,40,280,14.14
2017-10-07 23:00:00,4,20171007234,2017,10,7,23,5,1,4,40,280,14.17
2017-10-08 00:00:00,4,20171008004,2017,10,8,0,6,1,4,40,281,13.17
2017-10-08 01:00:00,4,20171008014,2017,10,8,1,6,1,4,40,281,9.73
2017-10-08 02:00:00,4,20171008024,2017,10,8,2,6,1,4,40,281,7.58
2017-10-08 03:00:00,4,20171008034,2017,10,8,3,6,1,4,40,281,6.11
2017-10-08 04:00:00,4,20171008044,2017,10,8,4,6,1,4,40,281,5.81
2017-10-08 05:00:00,4,20171008054,2017,10,8,5,6,1,4,40,281,5.11
2017-10-08 06:00:00,4,20171008064,2017,10,8,6,6,1,4,40,281,4.79
2017-10-08 07:00:00,4,20171008074,2017,10,8,7,6,1,4,40,281,7.38
2017-10-08 08:00:00,4,20171008084,2017,10,8,8,6,1,4,40,281,8.7
2017-10-08 09:00:00,4,20171008094,2017,10,8,9,6,1,4,40,281,9.97
2017-10-08 10:00:00,4,20171008104,2017,10,8,10,6,1,4,40,281,9.94
2017-10-08 11:00:00,4,20171008114,2017,10,8,11,6,1,4,40,281,10.57
2017-10-08 12:00:00,4,20171008124,2017,10,8,12,6,1,4,40,281,14.24
2017-10-08 13:00:00,4,20171008134,2017,10,8,13,6,1,4,40,281,12.33
2017-10-08 14:00:00,4,20171008144,2017,10,8,14,6,1,4,40,281,15.35
2017-10-08 15:00:00,4,20171008154,2017,10,8,15,6,1,4,40,281,15.32
2017-10-08 16:00:00,4,20171008164,2017,10,8,16,6,1,4,40,281,12.86
2017-10-08 17:00:00,4,20171008174,2017,10,8,17,6,1,4,40,281,12.81
2017-10-08 18:00:00,4,20171008184,2017,10,8,18,6,1,4,40,281,13.39
2017-10-08 19:00:00,4,20171008194,2017,10,8,19,6,1,4,40,281,14.28
2017-10-08 20:00:00,4,20171008204,2017,10,8,20,6,1,4,40,281,14.65
2017-10-08 21:00:00,4,20171008214,2017,10,8,21,6,1,4,40,281,13.02
2017-10-08 22:00:00,4,20171008224,2017,10,8,22,6,1,4,40,281,14.59
2017-10-08 23:00:00,4,20171008234,2017,10,8,23,6,1,4,40,281,14.7
2017-10-09 00:00:00,4,20171009004,2017,10,9,0,0,0,4,41,282,12.5
2017-10-09 01:00:00,4,20171009014,2017,10,9,1,0,0,4,41,282,12.45
2017-10-09 02:00:00,4,20171009024,2017,10,9,2,0,0,4,41,282,7.78
2017-10-09 03:00:00,4,20171009034,2017,10,9,3,0,0,4,41,282,6.61
2017-10-09 04:00:00,4,20171009044,2017,10,9,4,0,0,4,41,282,6.53
2017-10-09 05:00:00,4,20171009054,2017,10,9,5,0,0,4,41,282,5.57
2017-10-09 06:00:00,4,20171009064,2017,10,9,6,0,0,4,41,282,4.22
2017-10-09 07:00:00,4,20171009074,2017,10,9,7,0,0,4,41,282,8.28
2017-10-09 08:00:00,4,20171009084,2017,10,9,8,0,0,4,41,282,8.02
2017-10-09 09:00:00,4,20171009094,2017,10,9,9,0,0,4,41,282,10.14
2017-10-09 10:00:00,4,20171009104,2017,10,9,10,0,0,4,41,282,14.06
2017-10-09 11:00:00,4,20171009114,2017,10,9,11,0,0,4,41,282,16.6
2017-10-09 12:00:00,4,20171009124,2017,10,9,12,0,0,4,41,282,20.86
2017-10-09 13:00:00,4,20171009134,2017,10,9,13,0,0,4,41,282,24.7
2017-10-09 14:00:00,4,20171009144,2017,10,9,14,0,0,4,41,282,22.18
2017-10-09 15:00:00,4,20171009154,2017,10,9,15,0,0,4,41,282,22.68
2017-10-09 16:00:00,4,20171009164,2017,10,9,16,0,0,4,41,282,20.98
2017-10-09 17:00:00,4,20171009174,2017,10,9,17,0,0,4,41,282,18.35
2017-10-09 18:00:00,4,20171009184,2017,10,9,18,0,0,4,41,282,18.41
2017-10-09 19:00:00,4,20171009194,2017,10,9,19,0,0,4,41,282,16.09
2017-10-09 20:00:00,4,20171009204,2017,10,9,20,0,0,4,41,282,17.42
2017-10-09 21:00:00,4,20171009214,2017,10,9,21,0,0,4,41,282,15.75
2017-10-09 22:00:00,4,20171009224,2017,10,9,22,0,0,4,41,282,17.31
2017-10-09 23:00:00,4,20171009234,2017,10,9,23,0,0,4,41,282,15.61
2017-10-10 00:00:00,4,20171010004,2017,10,10,0,1,0,4,41,283,12.82
2017-10-10 01:00:00,4,20171010014,2017,10,10,1,1,0,4,41,283,12.64
2017-10-10 02:00:00,4,20171010024,2017,10,10,2,1,0,4,41,283,8.2
2017-10-10 03:00:00,4,20171010034,2017,10,10,3,1,0,4,41,283,7.13
2017-10-10 04:00:00,4,20171010044,2017,10,10,4,1,0,4,41,283,6.6
2017-10-10 05:00:00,4,20171010054,2017,10,10,5,1,0,4,41,283,6.14
2017-10-10 06:00:00,4,20171010064,2017,10,10,6,1,0,4,41,283,5.95
2017-10-10 07:00:00,4,20171010074,2017,10,10,7,1,0,4,41,283,8.94
2017-10-10 08:00:00,4,20171010084,2017,10,10,8,1,0,4,41,283,8.76
2017-10-10 09:00:00,4,20171010094,2017,10,10,9,1,0,4,41,283,10.36
2017-10-10 10:00:00,4,20171010104,2017,10,10,10,1,0,4,41,283,13.46
2017-10-10 11:00:00,4,20171010114,2017,10,10,11,1,0,4,41,283,13.86
2017-10-10 12:00:00,4,20171010124,2017,10,10,12,1,0,4,41,283,15.56
2017-10-10 13:00:00,4,20171010134,2017,10,10,13,1,0,4,41,283,14.94
2017-10-10 14:00:00,4,20171010144,2017,10,10,14,1,0,4,41,283,15.13
2017-10-10 15:00:00,4,20171010154,2017,10,10,15,1,0,4,41,283,15.72
2017-10-10 16:00:00,4,20171010164,2017,10,10,16,1,0,4,41,283,14.92
2017-10-10 17:00:00,4,20171010174,2017,10,10,17,1,0,4,41,283,15.11
2017-10-10 18:00:00,4,20171010184,2017,10,10,18,1,0,4,41,283,14.81
2017-10-10 19:00:00,4,20171010194,2017,10,10,19,1,0,4,41,283,16.1
2017-10-10 20:00:00,4,20171010204,2017,10,10,20,1,0,4,41,283,13.15
2017-10-10 21:00:00,4,20171010214,2017,10,10,21,1,0,4,41,283,11.85
2017-10-10 22:00:00,4,20171010224,2017,10,10,22,1,0,4,41,283,14.08
2017-10-10 23:00:00,4,20171010234,2017,10,10,23,1,0,4,41,283,14.35
2017-10-11 00:00:00,4,20171011004,2017,10,11,0,2,0,4,41,284,12.63
2017-10-11 01:00:00,4,20171011014,2017,10,11,1,2,0,4,41,284,11.9
2017-10-11 02:00:00,4,20171011024,2017,10,11,2,2,0,4,41,284,8.08
2017-10-11 03:00:00,4,20171011034,2017,10,11,3,2,0,4,41,284,7.91
2017-10-11 04:00:00,4,20171011044,2017,10,11,4,2,0,4,41,284,5.88
2017-10-11 05:00:00,4,20171011054,2017,10,11,5,2,0,4,41,284,5.5
2017-10-11 06:00:00,4,20171011064,2017,10,11,6,2,0,4,41,284,5.81
2017-10-11 07:00:00,4,20171011074,2017,10,11,7,2,0,4,41,284,9.19
2017-10-11 08:00:00,4,20171011084,2017,10,11,8,2,0,4,41,284,9.56
2017-10-11 09:00:00,4,20171011094,2017,10,11,9,2,0,4,41,284,11.1
2017-10-11 10:00:00,4,20171011104,2017,10,11,10,2,0,4,41,284,13.21
2017-10-11 11:00:00,4,20171011114,2017,10,11,11,2,0,4,41,284,13.48
2017-10-11 12:00:00,4,20171011124,2017,10,11,12,2,0,4,41,284,15.07
2017-10-11 13:00:00,4,20171011134,2017,10,11,13,2,0,4,41,284,14.41
2017-10-11 14:00:00,4,20171011144,2017,10,11,14,2,0,4,41,284,14.16
2017-10-11 15:00:00,4,20171011154,2017,10,11,15,2,0,4,41,284,15.05
2017-10-11 16:00:00,4,20171011164,2017,10,11,16,2,0,4,41,284,14.0
2017-10-11 17:00:00,4,20171011174,2017,10,11,17,2,0,4,41,284,14.64
2017-10-11 18:00:00,4,20171011184,2017,10,11,18,2,0,4,41,284,13.97
2017-10-11 19:00:00,4,20171011194,2017,10,11,19,2,0,4,41,284,15.42
2017-10-11 20:00:00,4,20171011204,2017,10,11,20,2,0,4,41,284,12.5
2017-10-11 21:00:00,4,20171011214,2017,10,11,21,2,0,4,41,284,11.7
2017-10-11 22:00:00,4,20171011224,2017,10,11,22,2,0,4,41,284,14.05
2017-10-11 23:00:00,4,20171011234,2017,10,11,23,2,0,4,41,284,14.15
2017-10-12 00:00:00,4,20171012004,2017,10,12,0,3,0,4,41,285,13.04
2017-10-12 01:00:00,4,20171012014,2017,10,12,1,3,0,4,41,285,11.08
2017-10-12 02:00:00,4,20171012024,2017,10,12,2,3,0,4,41,285,8.99
2017-10-12 03:00:00,4,20171012034,2017,10,12,3,3,0,4,41,285,8.04
2017-10-12 04:00:00,4,20171012044,2017,10,12,4,3,0,4,41,285,6.04
2017-10-12 05:00:00,4,20171012054,2017,10,12,5,3,0,4,41,285,5.91
2017-10-12 06:00:00,4,20171012064,2017,10,12,6,3,0,4,41,285,6.09
2017-10-12 07:00:00,4,20171012074,2017,10,12,7,3,0,4,41,285,8.49
2017-10-12 08:00:00,4,20171012084,2017,10,12,8,3,0,4,41,285,10.13
2017-10-12 09:00:00,4,20171012094,2017,10,12,9,3,0,4,41,285,11.13
2017-10-12 10:00:00,4,20171012104,2017,10,12,10,3,0,4,41,285,13.51
2017-10-12 11:00:00,4,20171012114,2017,10,12,11,3,0,4,41,285,15.96
2017-10-12 12:00:00,4,20171012124,2017,10,12,12,3,0,4,41,285,16.12
2017-10-12 13:00:00,4,20171012134,2017,10,12,13,3,0,4,41,285,16.31
2017-10-12 14:00:00,4,20171012144,2017,10,12,14,3,0,4,41,285,16.36
2017-10-12 15:00:00,4,20171012154,2017,10,12,15,3,0,4,41,285,17.67
2017-10-12 16:00:00,4,20171012164,2017,10,12,16,3,0,4,41,285,14.62
2017-10-12 17:00:00,4,20171012174,2017,10,12,17,3,0,4,41,285,14.73
2017-10-12 18:00:00,4,20171012184,2017,10,12,18,3,0,4,41,285,14.98
2017-10-12 19:00:00,4,20171012194,2017,10,12,19,3,0,4,41,285,16.44
2017-10-12 20:00:00,4,20171012204,2017,10,12,20,3,0,4,41,285,14.27
2017-10-12 21:00:00,4,20171012214,2017,10,12,21,3,0,4,41,285,13.53
2017-10-12 22:00:00,4,20171012224,2017,10,12,22,3,0,4,41,285,14.67
2017-10-12 23:00:00,4,20171012234,2017,10,12,23,3,0,4,41,285,13.87
2017-10-13 00:00:00,4,20171013004,2017,10,13,0,4,0,4,41,286,13.47
2017-10-13 01:00:00,4,20171013014,2017,10,13,1,4,0,4,41,286,10.25
2017-10-13 02:00:00,4,20171013024,2017,10,13,2,4,0,4,41,286,9.35
2017-10-13 03:00:00,4,20171013034,2017,10,13,3,4,0,4,41,286,6.28
2017-10-13 04:00:00,4,20171013044,2017,10,13,4,4,0,4,41,286,6.42
2017-10-13 05:00:00,4,20171013054,2017,10,13,5,4,0,4,41,286,5.21
2017-10-13 06:00:00,4,20171013064,2017,10,13,6,4,0,4,41,286,5.14
2017-10-13 07:00:00,4,20171013074,2017,10,13,7,4,0,4,41,286,8.24
2017-10-13 08:00:00,4,20171013084,2017,10,13,8,4,0,4,41,286,10.17
2017-10-13 09:00:00,4,20171013094,2017,10,13,9,4,0,4,41,286,13.65
2017-10-13 10:00:00,4,20171013104,2017,10,13,10,4,0,4,41,286,12.83
2017-10-13 11:00:00,4,20171013114,2017,10,13,11,4,0,4,41,286,15.12
2017-10-13 12:00:00,4,20171013124,2017,10,13,12,4,0,4,41,286,14.62
2017-10-13 13:00:00,4,20171013134,2017,10,13,13,4,0,4,41,286,14.91
2017-10-13 14:00:00,4,20171013144,2017,10,13,14,4,0,4,41,286,15.94
2017-10-13 15:00:00,4,20171013154,2017,10,13,15,4,0,4,41,286,18.05
2017-10-13 16:00:00,4,20171013164,2017,10,13,16,4,0,4,41,286,14.08
2017-10-13 17:00:00,4,20171013174,2017,10,13,17,4,0,4,41,286,14.42
2017-10-13 18:00:00,4,20171013184,2017,10,13,18,4,0,4,41,286,14.56
2017-10-13 19:00:00,4,20171013194,2017,10,13,19,4,0,4,41,286,17.89
2017-10-13 20:00:00,4,20171013204,2017,10,13,20,4,0,4,41,286,15.36
2017-10-13 21:00:00,4,20171013214,2017,10,13,21,4,0,4,41,286,14.04
2017-10-13 22:00:00,4,20171013224,2017,10,13,22,4,0,4,41,286,14.03
2017-10-13 23:00:00,4,20171013234,2017,10,13,23,4,0,4,41,286,13.48
2017-10-14 00:00:00,4,20171014004,2017,10,14,0,5,1,4,41,287,15.52
2017-10-14 01:00:00,4,20171014014,2017,10,14,1,5,1,4,41,287,10.6
2017-10-14 02:00:00,4,20171014024,2017,10,14,2,5,1,4,41,287,10.54
2017-10-14 03:00:00,4,20171014034,2017,10,14,3,5,1,4,41,287,5.72
2017-10-14 04:00:00,4,20171014044,2017,10,14,4,5,1,4,41,287,6.66
2017-10-14 05:00:00,4,20171014054,2017,10,14,5,5,1,4,41,287,5.5
2017-10-14 06:00:00,4,20171014064,2017,10,14,6,5,1,4,41,287,6.14
2017-10-14 07:00:00,4,20171014074,2017,10,14,7,5,1,4,41,287,9.48
2017-10-14 08:00:00,4,20171014084,2017,10,14,8,5,1,4,41,287,11.59
2017-10-14 09:00:00,4,20171014094,2017,10,14,9,5,1,4,41,287,20.41
2017-10-14 10:00:00,4,20171014104,2017,10,14,10,5,1,4,41,287,18.54
2017-10-14 11:00:00,4,20171014114,2017,10,14,11,5,1,4,41,287,19.01
2017-10-14 12:00:00,4,20171014124,2017,10,14,12,5,1,4,41,287,18.68
2017-10-14 13:00:00,4,20171014134,2017,10,14,13,5,1,4,41,287,17.16
2017-10-14 14:00:00,4,20171014144,2017,10,14,14,5,1,4,41,287,18.83
2017-10-14 15:00:00,4,20171014154,2017,10,14,15,5,1,4,41,287,19.64
2017-10-14 16:00:00,4,20171014164,2017,10,14,16,5,1,4,41,287,16.58
2017-10-14 17:00:00,4,20171014174,2017,10,14,17,5,1,4,41,287,17.03
2017-10-14 18:00:00,4,20171014184,2017,10,14,18,5,1,4,41,287,19.17
2017-10-14 19:00:00,4,20171014194,2017,10,14,19,5,1,4,41,287,28.11
2017-10-14 20:00:00,4,20171014204,2017,10,14,20,5,1,4,41,287,32.66
2017-10-14 21:00:00,4,20171014214,2017,10,14,21,5,1,4,41,287,30.34
2017-10-14 22:00:00,4,20171014224,2017,10,14,22,5,1,4,41,287,21.01
2017-10-14 23:00:00,4,20171014234,2017,10,14,23,5,1,4,41,287,19.9
2017-10-15 00:00:00,4,20171015004,2017,10,15,0,6,1,4,41,288,17.82
2017-10-15 01:00:00,4,20171015014,2017,10,15,1,6,1,4,41,288,11.77
2017-10-15 02:00:00,4,20171015024,2017,10,15,2,6,1,4,41,288,10.68
2017-10-15 03:00:00,4,20171015034,2017,10,15,3,6,1,4,41,288,5.74
2017-10-15 04:00:00,4,20171015044,2017,10,15,4,6,1,4,41,288,5.68
2017-10-15 05:00:00,4,20171015054,2017,10,15,5,6,1,4,41,288,5.53
2017-10-15 06:00:00,4,20171015064,2017,10,15,6,6,1,4,41,288,6.96
2017-10-15 07:00:00,4,20171015074,2017,10,15,7,6,1,4,41,288,10.59
2017-10-15 08:00:00,4,20171015084,2017,10,15,8,6,1,4,41,288,11.19
2017-10-15 09:00:00,4,20171015094,2017,10,15,9,6,1,4,41,288,22.33
2017-10-15 10:00:00,4,20171015104,2017,10,15,10,6,1,4,41,288,26.88
2017-10-15 11:00:00,4,20171015114,2017,10,15,11,6,1,4,41,288,22.36
2017-10-15 12:00:00,4,20171015124,2017,10,15,12,6,1,4,41,288,23.81
2017-10-15 13:00:00,4,20171015134,2017,10,15,13,6,1,4,41,288,21.06
2017-10-15 14:00:00,4,20171015144,2017,10,15,14,6,1,4,41,288,19.99
2017-10-15 15:00:00,4,20171015154,2017,10,15,15,6,1,4,41,288,19.42
2017-10-15 16:00:00,4,20171015164,2017,10,15,16,6,1,4,41,288,18.66
2017-10-15 17:00:00,4,20171015174,2017,10,15,17,6,1,4,41,288,19.55
2017-10-15 18:00:00,4,20171015184,2017,10,15,18,6,1,4,41,288,22.92
2017-10-15 19:00:00,4,20171015194,2017,10,15,19,6,1,4,41,288,38.05
2017-10-15 20:00:00,4,20171015204,2017,10,15,20,6,1,4,41,288,51.36
2017-10-15 21:00:00,4,20171015214,2017,10,15,21,6,1,4,41,288,51.52
2017-10-15 22:00:00,4,20171015224,2017,10,15,22,6,1,4,41,288,32.51
2017-10-15 23:00:00,4,20171015234,2017,10,15,23,6,1,4,41,288,25.38
2017-10-16 00:00:00,4,20171016004,2017,10,16,0,0,0,4,42,289,12.77
2017-10-16 01:00:00,4,20171016014,2017,10,16,1,0,0,4,42,289,11.34
2017-10-16 02:00:00,4,20171016024,2017,10,16,2,0,0,4,42,289,8.63
2017-10-16 03:00:00,4,20171016034,2017,10,16,3,0,0,4,42,289,6.73
2017-10-16 04:00:00,4,20171016044,2017,10,16,4,0,0,4,42,289,5.49
2017-10-16 05:00:00,4,20171016054,2017,10,16,5,0,0,4,42,289,6.4
2017-10-16 06:00:00,4,20171016064,2017,10,16,6,0,0,4,42,289,6.77
2017-10-16 07:00:00,4,20171016074,2017,10,16,7,0,0,4,42,289,10.04
2017-10-16 08:00:00,4,20171016084,2017,10,16,8,0,0,4,42,289,8.2
2017-10-16 09:00:00,4,20171016094,2017,10,16,9,0,0,4,42,289,14.85
2017-10-16 10:00:00,4,20171016104,2017,10,16,10,0,0,4,42,289,21.17
2017-10-16 11:00:00,4,20171016114,2017,10,16,11,0,0,4,42,289,21.56
2017-10-16 12:00:00,4,20171016124,2017,10,16,12,0,0,4,42,289,24.07
2017-10-16 13:00:00,4,20171016134,2017,10,16,13,0,0,4,42,289,24.97
2017-10-16 14:00:00,4,20171016144,2017,10,16,14,0,0,4,42,289,24.32
2017-10-16 15:00:00,4,20171016154,2017,10,16,15,0,0,4,42,289,23.52
2017-10-16 16:00:00,4,20171016164,2017,10,16,16,0,0,4,42,289,21.12
2017-10-16 17:00:00,4,20171016174,2017,10,16,17,0,0,4,42,289,22.26
2017-10-16 18:00:00,4,20171016184,2017,10,16,18,0,0,4,42,289,22.49
2017-10-16 19:00:00,4,20171016194,2017,10,16,19,0,0,4,42,289,26.72
2017-10-16 20:00:00,4,20171016204,2017,10,16,20,0,0,4,42,289,31.19
2017-10-16 21:00:00,4,20171016214,2017,10,16,21,0,0,4,42,289,29.84
2017-10-16 22:00:00,4,20171016224,2017,10,16,22,0,0,4,42,289,22.49
2017-10-16 23:00:00,4,20171016234,2017,10,16,23,0,0,4,42,289,19.91
2017-10-17 00:00:00,4,20171017004,2017,10,17,0,1,0,4,42,290,14.79
2017-10-17 01:00:00,4,20171017014,2017,10,17,1,1,0,4,42,290,11.21
2017-10-17 02:00:00,4,20171017024,2017,10,17,2,1,0,4,42,290,9.11
2017-10-17 03:00:00,4,20171017034,2017,10,17,3,1,0,4,42,290,7.3
2017-10-17 04:00:00,4,20171017044,2017,10,17,4,1,0,4,42,290,6.12
2017-10-17 05:00:00,4,20171017054,2017,10,17,5,1,0,4,42,290,6.14
2017-10-17 06:00:00,4,20171017064,2017,10,17,6,1,0,4,42,290,6.78
2017-10-17 07:00:00,4,20171017074,2017,10,17,7,1,0,4,42,290,9.81
2017-10-17 08:00:00,4,20171017084,2017,10,17,8,1,0,4,42,290,8.98
2017-10-17 09:00:00,4,20171017094,2017,10,17,9,1,0,4,42,290,13.61
2017-10-17 10:00:00,4,20171017104,2017,10,17,10,1,0,4,42,290,16.86
2017-10-17 11:00:00,4,20171017114,2017,10,17,11,1,0,4,42,290,18.82
2017-10-17 12:00:00,4,20171017124,2017,10,17,12,1,0,4,42,290,21.05
2017-10-17 13:00:00,4,20171017134,2017,10,17,13,1,0,4,42,290,23.24
2017-10-17 14:00:00,4,20171017144,2017,10,17,14,1,0,4,42,290,22.15
2017-10-17 15:00:00,4,20171017154,2017,10,17,15,1,0,4,42,290,22.33
2017-10-17 16:00:00,4,20171017164,2017,10,17,16,1,0,4,42,290,20.93
2017-10-17 17:00:00,4,20171017174,2017,10,17,17,1,0,4,42,290,21.02
2017-10-17 18:00:00,4,20171017184,2017,10,17,18,1,0,4,42,290,21.2
2017-10-17 19:00:00,4,20171017194,2017,10,17,19,1,0,4,42,290,20.85
2017-10-17 20:00:00,4,20171017204,2017,10,17,20,1,0,4,42,290,19.49
2017-10-17 21:00:00,4,20171017214,2017,10,17,21,1,0,4,42,290,18.3
2017-10-17 22:00:00,4,20171017224,2017,10,17,22,1,0,4,42,290,19.29
2017-10-17 23:00:00,4,20171017234,2017,10,17,23,1,0,4,42,290,18.01
2017-10-18 00:00:00,4,20171018004,2017,10,18,0,2,0,4,42,291,15.27
2017-10-18 01:00:00,4,20171018014,2017,10,18,1,2,0,4,42,291,11.72
2017-10-18 02:00:00,4,20171018024,2017,10,18,2,2,0,4,42,291,9.53
2017-10-18 03:00:00,4,20171018034,2017,10,18,3,2,0,4,42,291,7.96
2017-10-18 04:00:00,4,20171018044,2017,10,18,4,2,0,4,42,291,6.19
2017-10-18 05:00:00,4,20171018054,2017,10,18,5,2,0,4,42,291,6.34
2017-10-18 06:00:00,4,20171018064,2017,10,18,6,2,0,4,42,291,7.17
2017-10-18 07:00:00,4,20171018074,2017,10,18,7,2,0,4,42,291,10.58
2017-10-18 08:00:00,4,20171018084,2017,10,18,8,2,0,4,42,291,9.41
2017-10-18 09:00:00,4,20171018094,2017,10,18,9,2,0,4,42,291,13.59
2017-10-18 10:00:00,4,20171018104,2017,10,18,10,2,0,4,42,291,17.46
2017-10-18 11:00:00,4,20171018114,2017,10,18,11,2,0,4,42,291,19.3
2017-10-18 12:00:00,4,20171018124,2017,10,18,12,2,0,4,42,291,20.86
2017-10-18 13:00:00,4,20171018134,2017,10,18,13,2,0,4,42,291,23.78
2017-10-18 14:00:00,4,20171018144,2017,10,18,14,2,0,4,42,291,22.58
2017-10-18 15:00:00,4,20171018154,2017,10,18,15,2,0,4,42,291,22.8
2017-10-18 16:00:00,4,20171018164,2017,10,18,16,2,0,4,42,291,21.45
2017-10-18 17:00:00,4,20171018174,2017,10,18,17,2,0,4,42,291,19.8
2017-10-18 18:00:00,4,20171018184,2017,10,18,18,2,0,4,42,291,21.9
2017-10-18 19:00:00,4,20171018194,2017,10,18,19,2,0,4,42,291,22.21
2017-10-18 20:00:00,4,20171018204,2017,10,18,20,2,0,4,42,291,22.97
2017-10-18 21:00:00,4,20171018214,2017,10,18,21,2,0,4,42,291,22.33
2017-10-18 22:00:00,4,20171018224,2017,10,18,22,2,0,4,42,291,22.47
2017-10-18 23:00:00,4,20171018234,2017,10,18,23,2,0,4,42,291,22.43
2017-10-19 00:00:00,4,20171019004,2017,10,19,0,3,0,4,42,292,17.43
2017-10-19 01:00:00,4,20171019014,2017,10,19,1,3,0,4,42,292,13.57
2017-10-19 02:00:00,4,20171019024,2017,10,19,2,3,0,4,42,292,10.33
2017-10-19 03:00:00,4,20171019034,2017,10,19,3,3,0,4,42,292,8.52
2017-10-19 04:00:00,4,20171019044,2017,10,19,4,3,0,4,42,292,7.29
2017-10-19 05:00:00,4,20171019054,2017,10,19,5,3,0,4,42,292,6.97
2017-10-19 06:00:00,4,20171019064,2017,10,19,6,3,0,4,42,292,8.03
2017-10-19 07:00:00,4,20171019074,2017,10,19,7,3,0,4,42,292,11.01
2017-10-19 08:00:00,4,20171019084,2017,10,19,8,3,0,4,42,292,10.37
2017-10-19 09:00:00,4,20171019094,2017,10,19,9,3,0,4,42,292,13.85
2017-10-19 10:00:00,4,20171019104,2017,10,19,10,3,0,4,42,292,19.58
2017-10-19 11:00:00,4,20171019114,2017,10,19,11,3,0,4,42,292,21.05
2017-10-19 12:00:00,4,20171019124,2017,10,19,12,3,0,4,42,292,19.56
2017-10-19 13:00:00,4,20171019134,2017,10,19,13,3,0,4,42,292,23.63
2017-10-19 14:00:00,4,20171019144,2017,10,19,14,3,0,4,42,292,24.67
2017-10-19 15:00:00,4,20171019154,2017,10,19,15,3,0,4,42,292,24.32
2017-10-19 16:00:00,4,20171019164,2017,10,19,16,3,0,4,42,292,21.66
2017-10-19 17:00:00,4,20171019174,2017,10,19,17,3,0,4,42,292,19.17
2017-10-19 18:00:00,4,20171019184,2017,10,19,18,3,0,4,42,292,22.68
2017-10-19 19:00:00,4,20171019194,2017,10,19,19,3,0,4,42,292,24.25
2017-10-19 20:00:00,4,20171019204,2017,10,19,20,3,0,4,42,292,34.24
2017-10-19 21:00:00,4,20171019214,2017,10,19,21,3,0,4,42,292,30.93
2017-10-19 22:00:00,4,20171019224,2017,10,19,22,3,0,4,42,292,29.26
2017-10-19 23:00:00,4,20171019234,2017,10,19,23,3,0,4,42,292,29.35
2017-10-20 00:00:00,4,20171020004,2017,10,20,0,4,0,4,42,293,27.86
2017-10-20 01:00:00,4,20171020014,2017,10,20,1,4,0,4,42,293,17.32
2017-10-20 02:00:00,4,20171020024,2017,10,20,2,4,0,4,42,293,11.6
2017-10-20 03:00:00,4,20171020034,2017,10,20,3,4,0,4,42,293,10.71
2017-10-20 04:00:00,4,20171020044,2017,10,20,4,4,0,4,42,293,9.19
2017-10-20 05:00:00,4,20171020054,2017,10,20,5,4,0,4,42,293,8.36
2017-10-20 06:00:00,4,20171020064,2017,10,20,6,4,0,4,42,293,10.58
2017-10-20 07:00:00,4,20171020074,2017,10,20,7,4,0,4,42,293,13.26
2017-10-20 08:00:00,4,20171020084,2017,10,20,8,4,0,4,42,293,12.49
2017-10-20 09:00:00,4,20171020094,2017,10,20,9,4,0,4,42,293,18.07
2017-10-20 10:00:00,4,20171020104,2017,10,20,10,4,0,4,42,293,32.79
2017-10-20 11:00:00,4,20171020114,2017,10,20,11,4,0,4,42,293,34.58
2017-10-20 12:00:00,4,20171020124,2017,10,20,12,4,0,4,42,293,32.34
2017-10-20 13:00:00,4,20171020134,2017,10,20,13,4,0,4,42,293,31.3
2017-10-20 14:00:00,4,20171020144,2017,10,20,14,4,0,4,42,293,32.91
2017-10-20 15:00:00,4,20171020154,2017,10,20,15,4,0,4,42,293,32.65
2017-10-20 16:00:00,4,20171020164,2017,10,20,16,4,0,4,42,293,28.87
2017-10-20 17:00:00,4,20171020174,2017,10,20,17,4,0,4,42,293,28.17
2017-10-20 18:00:00,4,20171020184,2017,10,20,18,4,0,4,42,293,30.39
2017-10-20 19:00:00,4,20171020194,2017,10,20,19,4,0,4,42,293,31.85
2017-10-20 20:00:00,4,20171020204,2017,10,20,20,4,0,4,42,293,34.56
2017-10-20 21:00:00,4,20171020214,2017,10,20,21,4,0,4,42,293,30.78
2017-10-20 22:00:00,4,20171020224,2017,10,20,22,4,0,4,42,293,31.04
2017-10-20 23:00:00,4,20171020234,2017,10,20,23,4,0,4,42,293,33.19
2017-10-21 00:00:00,4,20171021004,2017,10,21,0,5,1,4,42,294,32.86
2017-10-21 01:00:00,4,20171021014,2017,10,21,1,5,1,4,42,294,20.87
2017-10-21 02:00:00,4,20171021024,2017,10,21,2,5,1,4,42,294,14.25
2017-10-21 03:00:00,4,20171021034,2017,10,21,3,5,1,4,42,294,12.54
2017-10-21 04:00:00,4,20171021044,2017,10,21,4,5,1,4,42,294,11.08
2017-10-21 05:00:00,4,20171021054,2017,10,21,5,5,1,4,42,294,9.63
2017-10-21 06:00:00,4,20171021064,2017,10,21,6,5,1,4,42,294,11.27
2017-10-21 07:00:00,4,20171021074,2017,10,21,7,5,1,4,42,294,15.05
2017-10-21 08:00:00,4,20171021084,2017,10,21,8,5,1,4,42,294,18.05
2017-10-21 09:00:00,4,20171021094,2017,10,21,9,5,1,4,42,294,24.52
2017-10-21 10:00:00,4,20171021104,2017,10,21,10,5,1,4,42,294,32.29
2017-10-21 11:00:00,4,20171021114,2017,10,21,11,5,1,4,42,294,34.75
2017-10-21 12:00:00,4,20171021124,2017,10,21,12,5,1,4,42,294,34.02
2017-10-21 13:00:00,4,20171021134,2017,10,21,13,5,1,4,42,294,32.44
2017-10-21 14:00:00,4,20171021144,2017,10,21,14,5,1,4,42,294,31.45
2017-10-21 15:00:00,4,20171021154,2017,10,21,15,5,1,4,42,294,30.58
2017-10-21 16:00:00,4,20171021164,2017,10,21,16,5,1,4,42,294,30.53
2017-10-21 17:00:00,4,20171021174,2017,10,21,17,5,1,4,42,294,29.53
2017-10-21 18:00:00,4,20171021184,2017,10,21,18,5,1,4,42,294,29.5
2017-10-21 19:00:00,4,20171021194,2017,10,21,19,5,1,4,42,294,30.18
2017-10-21 20:00:00,4,20171021204,2017,10,21,20,5,1,4,42,294,34.9
2017-10-21 21:00:00,4,20171021214,2017,10,21,21,5,1,4,42,294,35.68
2017-10-21 22:00:00,4,20171021224,2017,10,21,22,5,1,4,42,294,33.07
2017-10-21 23:00:00,4,20171021234,2017,10,21,23,5,1,4,42,294,33.93
2017-10-22 00:00:00,4,20171022004,2017,10,22,0,6,1,4,42,295,38.45
2017-10-22 01:00:00,4,20171022014,2017,10,22,1,6,1,4,42,295,20.48
2017-10-22 02:00:00,4,20171022024,2017,10,22,2,6,1,4,42,295,15.59
2017-10-22 03:00:00,4,20171022034,2017,10,22,3,6,1,4,42,295,12.75
2017-10-22 04:00:00,4,20171022044,2017,10,22,4,6,1,4,42,295,11.32
2017-10-22 05:00:00,4,20171022054,2017,10,22,5,6,1,4,42,295,10.27
2017-10-22 06:00:00,4,20171022064,2017,10,22,6,6,1,4,42,295,10.25
2017-10-22 07:00:00,4,20171022074,2017,10,22,7,6,1,4,42,295,15.07
2017-10-22 08:00:00,4,20171022084,2017,10,22,8,6,1,4,42,295,19.94
2017-10-22 09:00:00,4,20171022094,2017,10,22,9,6,1,4,42,295,25.77
2017-10-22 10:00:00,4,20171022104,2017,10,22,10,6,1,4,42,295,31.61
2017-10-22 11:00:00,4,20171022114,2017,10,22,11,6,1,4,42,295,33.91
2017-10-22 12:00:00,4,20171022124,2017,10,22,12,6,1,4,42,295,34.78
2017-10-22 13:00:00,4,20171022134,2017,10,22,13,6,1,4,42,295,34.12
2017-10-22 14:00:00,4,20171022144,2017,10,22,14,6,1,4,42,295,31.56
2017-10-22 15:00:00,4,20171022154,2017,10,22,15,6,1,4,42,295,29.9
2017-10-22 16:00:00,4,20171022164,2017,10,22,16,6,1,4,42,295,32.08
2017-10-22 17:00:00,4,20171022174,2017,10,22,17,6,1,4,42,295,30.77
2017-10-22 18:00:00,4,20171022184,2017,10,22,18,6,1,4,42,295,30.05
2017-10-22 19:00:00,4,20171022194,2017,10,22,19,6,1,4,42,295,28.38
2017-10-22 20:00:00,4,20171022204,2017,10,22,20,6,1,4,42,295,29.9
2017-10-22 21:00:00,4,20171022214,2017,10,22,21,6,1,4,42,295,32.27
2017-10-22 22:00:00,4,20171022224,2017,10,22,22,6,1,4,42,295,33.15
2017-10-22 23:00:00,4,20171022234,2017,10,22,23,6,1,4,42,295,34.99
2017-10-23 00:00:00,4,20171023004,2017,10,23,0,0,0,4,43,296,33.9
2017-10-23 01:00:00,4,20171023014,2017,10,23,1,0,0,4,43,296,20.02
2017-10-23 02:00:00,4,20171023024,2017,10,23,2,0,0,4,43,296,11.71
2017-10-23 03:00:00,4,20171023034,2017,10,23,3,0,0,4,43,296,7.9
2017-10-23 04:00:00,4,20171023044,2017,10,23,4,0,0,4,43,296,6.83
2017-10-23 05:00:00,4,20171023054,2017,10,23,5,0,0,4,43,296,5.39
2017-10-23 06:00:00,4,20171023064,2017,10,23,6,0,0,4,43,296,7.47
2017-10-23 07:00:00,4,20171023074,2017,10,23,7,0,0,4,43,296,11.1
2017-10-23 08:00:00,4,20171023084,2017,10,23,8,0,0,4,43,296,16.64
2017-10-23 09:00:00,4,20171023094,2017,10,23,9,0,0,4,43,296,23.34
2017-10-23 10:00:00,4,20171023104,2017,10,23,10,0,0,4,43,296,28.88
2017-10-23 11:00:00,4,20171023114,2017,10,23,11,0,0,4,43,296,31.13
2017-10-23 12:00:00,4,20171023124,2017,10,23,12,0,0,4,43,296,28.64
2017-10-23 13:00:00,4,20171023134,2017,10,23,13,0,0,4,43,296,28.99
2017-10-23 14:00:00,4,20171023144,2017,10,23,14,0,0,4,43,296,29.95
2017-10-23 15:00:00,4,20171023154,2017,10,23,15,0,0,4,43,296,26.77
2017-10-23 16:00:00,4,20171023164,2017,10,23,16,0,0,4,43,296,24.54
2017-10-23 17:00:00,4,20171023174,2017,10,23,17,0,0,4,43,296,23.17
2017-10-23 18:00:00,4,20171023184,2017,10,23,18,0,0,4,43,296,22.06
2017-10-23 19:00:00,4,20171023194,2017,10,23,19,0,0,4,43,296,21.92
2017-10-23 20:00:00,4,20171023204,2017,10,23,20,0,0,4,43,296,22.46
2017-10-23 21:00:00,4,20171023214,2017,10,23,21,0,0,4,43,296,20.65
2017-10-23 22:00:00,4,20171023224,2017,10,23,22,0,0,4,43,296,21.03
2017-10-23 23:00:00,4,20171023234,2017,10,23,23,0,0,4,43,296,21.71
2017-10-24 00:00:00,4,20171024004,2017,10,24,0,1,0,4,43,297,28.13
2017-10-24 01:00:00,4,20171024014,2017,10,24,1,1,0,4,43,297,18.53
2017-10-24 02:00:00,4,20171024024,2017,10,24,2,1,0,4,43,297,11.37
2017-10-24 03:00:00,4,20171024034,2017,10,24,3,1,0,4,43,297,7.97
2017-10-24 04:00:00,4,20171024044,2017,10,24,4,1,0,4,43,297,6.56
2017-10-24 05:00:00,4,20171024054,2017,10,24,5,1,0,4,43,297,5.71
2017-10-24 06:00:00,4,20171024064,2017,10,24,6,1,0,4,43,297,7.64
2017-10-24 07:00:00,4,20171024074,2017,10,24,7,1,0,4,43,297,10.17
2017-10-24 08:00:00,4,20171024084,2017,10,24,8,1,0,4,43,297,15.46
2017-10-24 09:00:00,4,20171024094,2017,10,24,9,1,0,4,43,297,21.73
2017-10-24 10:00:00,4,20171024104,2017,10,24,10,1,0,4,43,297,27.28
2017-10-24 11:00:00,4,20171024114,2017,10,24,11,1,0,4,43,297,29.11
2017-10-24 12:00:00,4,20171024124,2017,10,24,12,1,0,4,43,297,27.68
2017-10-24 13:00:00,4,20171024134,2017,10,24,13,1,0,4,43,297,28.37
2017-10-24 14:00:00,4,20171024144,2017,10,24,14,1,0,4,43,297,28.97
2017-10-24 15:00:00,4,20171024154,2017,10,24,15,1,0,4,43,297,25.55
2017-10-24 16:00:00,4,20171024164,2017,10,24,16,1,0,4,43,297,23.36
2017-10-24 17:00:00,4,20171024174,2017,10,24,17,1,0,4,43,297,21.74
2017-10-24 18:00:00,4,20171024184,2017,10,24,18,1,0,4,43,297,20.51
2017-10-24 19:00:00,4,20171024194,2017,10,24,19,1,0,4,43,297,20.83
2017-10-24 20:00:00,4,20171024204,2017,10,24,20,1,0,4,43,297,19.35
2017-10-24 21:00:00,4,20171024214,2017,10,24,21,1,0,4,43,297,18.68
2017-10-24 22:00:00,4,20171024224,2017,10,24,22,1,0,4,43,297,19.3
2017-10-24 23:00:00,4,20171024234,2017,10,24,23,1,0,4,43,297,19.75
2017-10-25 00:00:00,4,20171025004,2017,10,25,0,2,0,4,43,298,25.12
2017-10-25 01:00:00,4,20171025014,2017,10,25,1,2,0,4,43,298,17.86
2017-10-25 02:00:00,4,20171025024,2017,10,25,2,2,0,4,43,298,10.3
2017-10-25 03:00:00,4,20171025034,2017,10,25,3,2,0,4,43,298,5.83
2017-10-25 04:00:00,4,20171025044,2017,10,25,4,2,0,4,43,298,4.99
2017-10-25 05:00:00,4,20171025054,2017,10,25,5,2,0,4,43,298,4.55
2017-10-25 06:00:00,4,20171025064,2017,10,25,6,2,0,4,43,298,6.17
2017-10-25 07:00:00,4,20171025074,2017,10,25,7,2,0,4,43,298,6.07
2017-10-25 08:00:00,4,20171025084,2017,10,25,8,2,0,4,43,298,14.66
2017-10-25 09:00:00,4,20171025094,2017,10,25,9,2,0,4,43,298,20.79
2017-10-25 10:00:00,4,20171025104,2017,10,25,10,2,0,4,43,298,27.03
2017-10-25 11:00:00,4,20171025114,2017,10,25,11,2,0,4,43,298,29.45
2017-10-25 12:00:00,4,20171025124,2017,10,25,12,2,0,4,43,298,27.43
2017-10-25 13:00:00,4,20171025134,2017,10,25,13,2,0,4,43,298,28.45
2017-10-25 14:00:00,4,20171025144,2017,10,25,14,2,0,4,43,298,29.38
2017-10-25 15:00:00,4,20171025154,2017,10,25,15,2,0,4,43,298,25.99
2017-10-25 16:00:00,4,20171025164,2017,10,25,16,2,0,4,43,298,23.31
2017-10-25 17:00:00,4,20171025174,2017,10,25,17,2,0,4,43,298,22.03
2017-10-25 18:00:00,4,20171025184,2017,10,25,18,2,0,4,43,298,20.64
2017-10-25 19:00:00,4,20171025194,2017,10,25,19,2,0,4,43,298,21.26
2017-10-25 20:00:00,4,20171025204,2017,10,25,20,2,0,4,43,298,21.95
2017-10-25 21:00:00,4,20171025214,2017,10,25,21,2,0,4,43,298,20.98
2017-10-25 22:00:00,4,20171025224,2017,10,25,22,2,0,4,43,298,21.01
2017-10-25 23:00:00,4,20171025234,2017,10,25,23,2,0,4,43,298,21.48
2017-10-26 00:00:00,4,20171026004,2017,10,26,0,3,0,4,43,299,19.88
2017-10-26 01:00:00,4,20171026014,2017,10,26,1,3,0,4,43,299,16.13
2017-10-26 02:00:00,4,20171026024,2017,10,26,2,3,0,4,43,299,9.17
2017-10-26 03:00:00,4,20171026034,2017,10,26,3,3,0,4,43,299,6.27
2017-10-26 04:00:00,4,20171026044,2017,10,26,4,3,0,4,43,299,6.45
2017-10-26 05:00:00,4,20171026054,2017,10,26,5,3,0,4,43,299,6.67
2017-10-26 06:00:00,4,20171026064,2017,10,26,6,3,0,4,43,299,7.55
2017-10-26 07:00:00,4,20171026074,2017,10,26,7,3,0,4,43,299,7.28
2017-10-26 08:00:00,4,20171026084,2017,10,26,8,3,0,4,43,299,11.35
2017-10-26 09:00:00,4,20171026094,2017,10,26,9,3,0,4,43,299,16.13
2017-10-26 10:00:00,4,20171026104,2017,10,26,10,3,0,4,43,299,12.69
2017-10-26 11:00:00,4,20171026114,2017,10,26,11,3,0,4,43,299,19.9
2017-10-26 12:00:00,4,20171026124,2017,10,26,12,3,0,4,43,299,21.05
2017-10-26 13:00:00,4,20171026134,2017,10,26,13,3,0,4,43,299,17.23
2017-10-26 14:00:00,4,20171026144,2017,10,26,14,3,0,4,43,299,17.9
2017-10-26 15:00:00,4,20171026154,2017,10,26,15,3,0,4,43,299,17.59
2017-10-26 16:00:00,4,20171026164,2017,10,26,16,3,0,4,43,299,16.61
2017-10-26 17:00:00,4,20171026174,2017,10,26,17,3,0,4,43,299,16.68
2017-10-26 18:00:00,4,20171026184,2017,10,26,18,3,0,4,43,299,17.55
2017-10-26 19:00:00,4,20171026194,2017,10,26,19,3,0,4,43,299,18.02
2017-10-26 20:00:00,4,20171026204,2017,10,26,20,3,0,4,43,299,17.34
2017-10-26 21:00:00,4,20171026214,2017,10,26,21,3,0,4,43,299,15.9
2017-10-26 22:00:00,4,20171026224,2017,10,26,22,3,0,4,43,299,15.28
2017-10-26 23:00:00,4,20171026234,2017,10,26,23,3,0,4,43,299,14.33
2017-10-27 00:00:00,4,20171027004,2017,10,27,0,4,0,4,43,300,15.19
2017-10-27 01:00:00,4,20171027014,2017,10,27,1,4,0,4,43,300,10.91
2017-10-27 02:00:00,4,20171027024,2017,10,27,2,4,0,4,43,300,8.65
2017-10-27 03:00:00,4,20171027034,2017,10,27,3,4,0,4,43,300,6.47
2017-10-27 04:00:00,4,20171027044,2017,10,27,4,4,0,4,43,300,7.1
2017-10-27 05:00:00,4,20171027054,2017,10,27,5,4,0,4,43,300,6.57
2017-10-27 06:00:00,4,20171027064,2017,10,27,6,4,0,4,43,300,7.18
2017-10-27 07:00:00,4,20171027074,2017,10,27,7,4,0,4,43,300,7.98
2017-10-27 08:00:00,4,20171027084,2017,10,27,8,4,0,4,43,300,11.6
2017-10-27 09:00:00,4,20171027094,2017,10,27,9,4,0,4,43,300,11.83
2017-10-27 10:00:00,4,20171027104,2017,10,27,10,4,0,4,43,300,13.04
2017-10-27 11:00:00,4,20171027114,2017,10,27,11,4,0,4,43,300,17.09
2017-10-27 12:00:00,4,20171027124,2017,10,27,12,4,0,4,43,300,17.08
2017-10-27 13:00:00,4,20171027134,2017,10,27,13,4,0,4,43,300,16.85
2017-10-27 14:00:00,4,20171027144,2017,10,27,14,4,0,4,43,300,16.37
2017-10-27 15:00:00,4,20171027154,2017,10,27,15,4,0,4,43,300,16.46
2017-10-27 16:00:00,4,20171027164,2017,10,27,16,4,0,4,43,300,15.14
2017-10-27 17:00:00,4,20171027174,2017,10,27,17,4,0,4,43,300,14.69
2017-10-27 18:00:00,4,20171027184,2017,10,27,18,4,0,4,43,300,16.19
2017-10-27 19:00:00,4,20171027194,2017,10,27,19,4,0,4,43,300,15.48
2017-10-27 20:00:00,4,20171027204,2017,10,27,20,4,0,4,43,300,15.53
2017-10-27 21:00:00,4,20171027214,2017,10,27,21,4,0,4,43,300,14.39
2017-10-27 22:00:00,4,20171027224,2017,10,27,22,4,0,4,43,300,11.3
2017-10-27 23:00:00,4,20171027234,2017,10,27,23,4,0,4,43,300,11.22
2017-10-28 00:00:00,4,20171028004,2017,10,28,0,5,1,4,43,301,17.82
2017-10-28 01:00:00,4,20171028014,2017,10,28,1,5,1,4,43,301,9.35
2017-10-28 02:00:00,4,20171028024,2017,10,28,2,5,1,4,43,301,7.02
2017-10-28 03:00:00,4,20171028034,2017,10,28,3,5,1,4,43,301,6.41
2017-10-28 04:00:00,4,20171028044,2017,10,28,4,5,1,4,43,301,6.37
2017-10-28 05:00:00,4,20171028054,2017,10,28,5,5,1,4,43,301,5.31
2017-10-28 06:00:00,4,20171028064,2017,10,28,6,5,1,4,43,301,5.77
2017-10-28 07:00:00,4,20171028074,2017,10,28,7,5,1,4,43,301,7.08
2017-10-28 08:00:00,4,20171028084,2017,10,28,8,5,1,4,43,301,11.15
2017-10-28 09:00:00,4,20171028094,2017,10,28,9,5,1,4,43,301,11.73
2017-10-28 10:00:00,4,20171028104,2017,10,28,10,5,1,4,43,301,10.6
2017-10-28 11:00:00,4,20171028114,2017,10,28,11,5,1,4,43,301,11.82
2017-10-28 12:00:00,4,20171028124,2017,10,28,12,5,1,4,43,301,11.53
2017-10-28 13:00:00,4,20171028134,2017,10,28,13,5,1,4,43,301,10.4
2017-10-28 14:00:00,4,20171028144,2017,10,28,14,5,1,4,43,301,9.26
2017-10-28 15:00:00,4,20171028154,2017,10,28,15,5,1,4,43,301,10.67
2017-10-28 16:00:00,4,20171028164,2017,10,28,16,5,1,4,43,301,8.95
2017-10-28 17:00:00,4,20171028174,2017,10,28,17,5,1,4,43,301,11.45
2017-10-28 18:00:00,4,20171028184,2017,10,28,18,5,1,4,43,301,15.32
2017-10-28 19:00:00,4,20171028194,2017,10,28,19,5,1,4,43,301,19.91
2017-10-28 20:00:00,4,20171028204,2017,10,28,20,5,1,4,43,301,24.86
2017-10-28 21:00:00,4,20171028214,2017,10,28,21,5,1,4,43,301,23.67
2017-10-28 22:00:00,4,20171028224,2017,10,28,22,5,1,4,43,301,18.05
2017-10-28 23:00:00,4,20171028234,2017,10,28,23,5,1,4,43,301,15.96
2017-10-29 00:00:00,4,20171029004,2017,10,29,0,6,1,4,43,302,18.54
2017-10-29 01:00:00,4,20171029014,2017,10,29,1,6,1,4,43,302,8.31
2017-10-29 02:00:00,4,20171029024,2017,10,29,2,6,1,4,43,302,8.64
2017-10-29 03:00:00,4,20171029034,2017,10,29,3,6,1,4,43,302,6.59
2017-10-29 04:00:00,4,20171029044,2017,10,29,4,6,1,4,43,302,5.73
2017-10-29 05:00:00,4,20171029054,2017,10,29,5,6,1,4,43,302,4.93
2017-10-29 06:00:00,4,20171029064,2017,10,29,6,6,1,4,43,302,5.12
2017-10-29 07:00:00,4,20171029074,2017,10,29,7,6,1,4,43,302,5.99
2017-10-29 08:00:00,4,20171029084,2017,10,29,8,6,1,4,43,302,10.76
2017-10-29 09:00:00,4,20171029094,2017,10,29,9,6,1,4,43,302,10.83
2017-10-29 10:00:00,4,20171029104,2017,10,29,10,6,1,4,43,302,8.21
2017-10-29 11:00:00,4,20171029114,2017,10,29,11,6,1,4,43,302,9.89
2017-10-29 12:00:00,4,20171029124,2017,10,29,12,6,1,4,43,302,9.34
2017-10-29 13:00:00,4,20171029134,2017,10,29,13,6,1,4,43,302,7.77
2017-10-29 14:00:00,4,20171029144,2017,10,29,14,6,1,4,43,302,6.7
2017-10-29 15:00:00,4,20171029154,2017,10,29,15,6,1,4,43,302,8.95
2017-10-29 16:00:00,4,20171029164,2017,10,29,16,6,1,4,43,302,7.12
2017-10-29 17:00:00,4,20171029174,2017,10,29,17,6,1,4,43,302,9.33
2017-10-29 18:00:00,4,20171029184,2017,10,29,18,6,1,4,43,302,9.64
2017-10-29 19:00:00,4,20171029194,2017,10,29,19,6,1,4,43,302,9.87
2017-10-29 20:00:00,4,20171029204,2017,10,29,20,6,1,4,43,302,9.74
2017-10-29 21:00:00,4,20171029214,2017,10,29,21,6,1,4,43,302,9.24
2017-10-29 22:00:00,4,20171029224,2017,10,29,22,6,1,4,43,302,9.81
2017-10-29 23:00:00,4,20171029234,2017,10,29,23,6,1,4,43,302,9.71
2017-10-30 00:00:00,4,20171030004,2017,10,30,0,0,0,4,44,303,15.2
2017-10-30 01:00:00,4,20171030014,2017,10,30,1,0,0,4,44,303,6.48
2017-10-30 02:00:00,4,20171030024,2017,10,30,2,0,0,4,44,303,7.61
2017-10-30 03:00:00,4,20171030034,2017,10,30,3,0,0,4,44,303,5.47
2017-10-30 04:00:00,4,20171030044,2017,10,30,4,0,0,4,44,303,6.04
2017-10-30 05:00:00,4,20171030054,2017,10,30,5,0,0,4,44,303,4.24
2017-10-30 06:00:00,4,20171030064,2017,10,30,6,0,0,4,44,303,4.15
2017-10-30 07:00:00,4,20171030074,2017,10,30,7,0,0,4,44,303,5.52
2017-10-30 08:00:00,4,20171030084,2017,10,30,8,0,0,4,44,303,7.84
2017-10-30 09:00:00,4,20171030094,2017,10,30,9,0,0,4,44,303,9.82
2017-10-30 10:00:00,4,20171030104,2017,10,30,10,0,0,4,44,303,13.11
2017-10-30 11:00:00,4,20171030114,2017,10,30,11,0,0,4,44,303,14.0
2017-10-30 12:00:00,4,20171030124,2017,10,30,12,0,0,4,44,303,13.98
2017-10-30 13:00:00,4,20171030134,2017,10,30,13,0,0,4,44,303,12.53
2017-10-30 14:00:00,4,20171030144,2017,10,30,14,0,0,4,44,303,14.2
2017-10-30 15:00:00,4,20171030154,2017,10,30,15,0,0,4,44,303,13.95
2017-10-30 16:00:00,4,20171030164,2017,10,30,16,0,0,4,44,303,13.65
2017-10-30 17:00:00,4,20171030174,2017,10,30,17,0,0,4,44,303,12.89
2017-10-30 18:00:00,4,20171030184,2017,10,30,18,0,0,4,44,303,12.59
2017-10-30 19:00:00,4,20171030194,2017,10,30,19,0,0,4,44,303,14.81
2017-10-30 20:00:00,4,20171030204,2017,10,30,20,0,0,4,44,303,15.0
2017-10-30 21:00:00,4,20171030214,2017,10,30,21,0,0,4,44,303,14.42
2017-10-30 22:00:00,4,20171030224,2017,10,30,22,0,0,4,44,303,11.5
2017-10-30 23:00:00,4,20171030234,2017,10,30,23,0,0,4,44,303,11.35
2017-10-31 00:00:00,4,20171031004,2017,10,31,0,1,0,4,44,304,11.15
2017-10-31 01:00:00,4,20171031014,2017,10,31,1,1,0,4,44,304,6.5
2017-10-31 02:00:00,4,20171031024,2017,10,31,2,1,0,4,44,304,7.74
2017-10-31 03:00:00,4,20171031034,2017,10,31,3,1,0,4,44,304,5.74
2017-10-31 04:00:00,4,20171031044,2017,10,31,4,1,0,4,44,304,6.02
2017-10-31 05:00:00,4,20171031054,2017,10,31,5,1,0,4,44,304,5.51
2017-10-31 06:00:00,4,20171031064,2017,10,31,6,1,0,4,44,304,5.47
2017-10-31 07:00:00,4,20171031074,2017,10,31,7,1,0,4,44,304,6.3
2017-10-31 08:00:00,4,20171031084,2017,10,31,8,1,0,4,44,304,7.13
2017-10-31 09:00:00,4,20171031094,2017,10,31,9,1,0,4,44,304,8.48
2017-10-31 10:00:00,4,20171031104,2017,10,31,10,1,0,4,44,304,11.71
2017-10-31 11:00:00,4,20171031114,2017,10,31,11,1,0,4,44,304,11.36
2017-10-31 12:00:00,4,20171031124,2017,10,31,12,1,0,4,44,304,11.59
2017-10-31 13:00:00,4,20171031134,2017,10,31,13,1,0,4,44,304,10.78
2017-10-31 14:00:00,4,20171031144,2017,10,31,14,1,0,4,44,304,13.21
2017-10-31 15:00:00,4,20171031154,2017,10,31,15,1,0,4,44,304,11.96
2017-10-31 16:00:00,4,20171031164,2017,10,31,16,1,0,4,44,304,11.96
2017-10-31 17:00:00,4,20171031174,2017,10,31,17,1,0,4,44,304,11.18
2017-10-31 18:00:00,4,20171031184,2017,10,31,18,1,0,4,44,304,10.62
2017-10-31 19:00:00,4,20171031194,2017,10,31,19,1,0,4,44,304,13.88
2017-10-31 20:00:00,4,20171031204,2017,10,31,20,1,0,4,44,304,14.34
2017-10-31 21:00:00,4,20171031214,2017,10,31,21,1,0,4,44,304,13.61
2017-10-31 22:00:00,4,20171031224,2017,10,31,22,1,0,4,44,304,10.65
2017-10-31 23:00:00,4,20171031234,2017,10,31,23,1,0,4,44,304,11.01
